txid,is_anomalous,pattern
626f4322743f405a87a8ff600b595db7477209d4dd3f4e979a9b3e92d20dbb13,0,normal
3bce802f65c24bf6bfdd13f7f5e40b6fe1b03d1366774c7e8e7dbce3d4160f83,0,normal
e7ae2aba54c047da99679aa20dd068dba143308a8a7840af89fe198d049b91f1,0,normal
d93407b8f05846f882633e1781b58c88d5d378ae250340c4bd620e768737d8be,0,normal
8af16354cbfe46bcb19b8996d3b0ff183c38b35a2ff54ff0b9582c669a699bcc,0,normal
02ea2700c22c4656affbde9f20beb0365676753d6be848f9b74b083184b2dc32,0,normal
46bf1610dd0b4557a98ef57a9e6ded8348184e6d44b749818efc730a56ba07fe,0,normal
d3805987f08b4950938ba6aa0f2ca9bc5b2e01a9a55945e686e4ecb57b1bcb6e,0,normal
4593a47ca72a403fa5040280b57c6e8931ae2d9a19924dfe9fd1c6653d4fa6c8,0,normal
06b1dbac95d042d282b4b5666bfe662f44357b664a4b4f559b9cb3f95dae4d14,0,normal
e65b6cbe5d644c0aac2380e631c37b25e011b8df54204440b3e1078fc52c34d1,0,normal
9956cdb68f3c4e50a3469ea287787e3c0793c076ee444a44955f1d41156d9d91,0,normal
1547e18aa5a84547972ad2b06dab3f7849772fc9f704465ea4aca88a8f22c0f3,0,normal
b0c59a4c04d8413baa6782d87c60eac714a5f8fb904041dfb833e1185b3cb90c,0,normal
0e637b57e9614f4ea8f02c95ac175dc1b1522d4ec93642b5b1f14eaa21820a1c,0,normal
506d72ba2f8e40338d7478c4ba8e09152e11cc1be5374e1387df00a884bdd83a,0,normal
d63c5d3f5ec2488ca405988fb8d7c2c0b13ef59f23c5409ba636fc7e937fee49,0,normal
6fc8f7bbd9f748fc87795098cd4c130ea0dd4b0731284906b616130dee6e74f8,0,normal
c83c65119d3b42f7b01ace91834cf553131576f5abcf42c18d3962b0c40cbb8d,0,normal
a33a656d4fd34310838d4c6a68a6b2b1146b67eca7d54b1c9b926eb617eae0c8,0,normal
a6500672a6cf486e8b41c6f95e268b5d3a00427ed18f48b387b74a163c812fc1,0,normal
a1a4e99cc3dc4efab6a90b026d0116221ebdc88fe88644779b05816b0e70858f,0,normal
1037f5b7d7d64cf8b5168e217e60c68075cbef387d7e42dd92445fbd8df8403b,0,normal
67a03aab1b054e96addfdaed1e184cadab5595959a3a4e2e8cba8a328ab8a367,0,normal
94a4ecb90bcd4b83b2cdc33de864bc9af6f93a79cd7946c99369a72bb0450e24,0,normal
f6d804cd34684d09a723770e30a43b7406814c73bfca4bcba1a11905f93c9c43,0,normal
ef62c08b727c45dbaa5e370e441d75b46358208d6f1f4ee0b84929f6159f91dc,0,normal
dba0eebcfd0c4582935ac9523ca22bf085df4ade723045f991fefb539ed3255c,0,normal
12d5a60e707e407b8576e7f26b2cbd9c4146d485cc6e4db9863944399516acf0,0,normal
a7484718716644b9afaa11a0235efd5a5f772262e8694d50bb332cee5b5b4756,0,normal
172282c9ca6540818d98a50bb382f03d1ae261eab55b4996a2f0530f612261eb,0,normal
ceb333b7eddb407484a0dfd24f1a9a2d059fc76713bb482581a4c709baaf2653,0,normal
48ee30a8b2f147b2a43b790141002af3c046be18ed794acea43d114571084020,0,normal
83f71a704aa746f0a905c6cd1147a673b79314206c074e77a53f05995c7ade11,0,normal
9c64bea8cc0f44ce8192f816cb1762d3cd6d00566823465f999c3da83017ff24,0,normal
6de5108cb2744c4993a3579d9c2b668093365444cab14d24858462812777d70b,0,normal
3c4382e54158436eb9835f2c981614b25fcb862c8e8c4f07989837006c75f499,0,normal
30591a0bbc744604827e059a443341eb5820896462dd4501a7f7c453a9d5d14a,0,normal
5afa309f093042c4a2f64c786320a59743f4fb21b4454a1a8d11f34c84a11e32,0,normal
e5fffb041b3c443797c7df45e3672b442a37e9633c6343d7b015428d6b944218,0,normal
dc420227952740f485f88385c35866acd506f3cbe6154d9d9e68487d3a2ead0e,0,normal
a05d87b7203c4b78839cc62692bba84470dd51cebd4144abb97aa17d77d94256,0,normal
08c7e02b4cf042c6b4bdbe2a2219e676e51b5e6838e54ab3a229fa0992645546,0,normal
913e39f5b3054d849f71ed9e599c123d741065dbaa344ab3a90ff4f3b9d412e0,0,normal
0820a0ff341949439dbc3b4bd810986a557e73c7fe824aa697e3afdf59e9b179,0,normal
252d1945630c4a6f8132f68af7d2d0cce3749ce770b042b6a81ffd5f2ea5914a,0,normal
751853df8f0e44b4aa6a7845699a320f344dcc7bafcd4458a07347710aed68b6,0,normal
9be6290005974ce6b38a1b7cfd86ec8ea77428e585d84c3d8b4aac4565d3010f,0,normal
4f7c3105cfaa422f8810683c40ee2fb5f60aaf3154434bf99493375912eba18a,0,normal
4cea2177abe047df9d3415e945a1d2e936d56713bead4bb79e896e6601b153fd,0,normal
5a7647dda48d408a9521ade53d1c18aa98a389ba766d41e3b73b39fc70fd4037,0,normal
8ed2231cc7d4476ea3b31115b07d4e6df73b45f0ea0d450bbb37c775b0b75158,0,normal
f486c27471ad4f35bf5b84b37a0e00a47b2df0fc48794f65b1b6945f515274fa,0,normal
42ebbe2ab98f464e89d770f713f1f31f396325908faf4d62ac80067de50ce872,0,normal
846e724c03d846739aa5e1af246526adc84057fcf20841bcbd66b02dcaf582e0,0,normal
2a6c4d7c869d4c81bdfd4ab4a9e392169dc89001b383465db534477b08b4cacb,0,normal
148d18df280c466b8d31994843ae4cd7873ea59586b54ac6995eb64a48c2c44c,0,normal
85342c8384fa45008947fca284d4846ca36ae9b5d24a496d9dcd419d701a4a9a,0,normal
1239cd965056447798f46a371db33bbe4657e7a30d094762800bcf3039fbeb1a,0,normal
d9a4ac3f005e4f72b075c148cd4eebb33b2afa559dcd4a059d47eae1221d454d,0,normal
a4d10cb6a1b44624b28aefe2d96a9e336e2341b353684f6782e3612feef6c35c,0,normal
63de93c7b8c34839ad91ac3bf3ed9565122bbf427b734cabb35fa486eb7179fd,0,normal
9406df5ff0724419a57e50ba78d3283e65669ced194643738348863429c79934,0,normal
4bbdc439e46449cf8f1a70a44a516ae2046fc12434054d2e9f5bf5cb87a36191,0,normal
371a0b3361eb40fcb298d814adebdaffab38eb29b0d5497db44c752d25e09c65,0,normal
8823873d5e58404faa3dac2f3e38e4f61dab45ef2bef472da4673303f9bcb0b7,0,normal
0488938c41444fda97f562bbf3532fdfce08e12eeb0d4fd582708fe4a36191c0,0,normal
cee5de13ce5f43f68c647d0db7ad4825c80b6cb953f04a89891f3d0806702c23,0,normal
c4f1b750223f4684a88a64bf7ecafeb32989a81ff94d4156ab958a0cb67b3bac,0,normal
e57ae214ec174e63a8253109e7721da50a1f668687614aa8b9d773f820d630f0,0,normal
3bd5eb5a88e14b38b628d6d3eb051cd40dac707378bb42bba3ef6fef87345a16,0,normal
e24a5f7f226749d099da64152c5b5af6f23d60e99d4f4c4d8c30df4c8db2534f,0,normal
f5bd4dbe7a09418390eb7709d44bc75da3bc108377a7431c9067a4b52cb0093e,0,normal
b52b622245e54be0b2e18b93c8516c5cad2e4e50d5844d94ac7262377feeed1a,0,normal
81e0e35e28774c709c70514b8c99c4cda03e5809fe84427d814d52b3780d8df5,0,normal
98f13d6d0df6400a9cb95f6e89284af63307d621d18e45d7b91f701ee14f226b,0,normal
b399912f2f454b209f962b7c21f4b8c9a4afeb1158994aaf84cd6723617546af,0,normal
951d6d4dcde34df1a58f48f963c0c83e16ec7cde084a4241b9814db0a652499b,0,normal
acd1eb65cd924e9783306a3271fdcf1359a0035dc4424175b6700f74d1c04f45,0,normal
0ea36dae8caa44978b222450bdc567d43c2ac24880f84cb083f3aaffe2e458df,0,normal
f3cf501e2ba0426696314cd751b223de2801656578494803b6d31eaab33a1d89,0,normal
2daf23bae73943cd8beaa01c45779c8fc9b355aa48294121a0c75fae52b7260a,0,normal
ceffa2337c644b528c51a41df9b0526f96ce997cf5394251baab1972f70755a5,0,normal
5442e6cc92a94335af6c3cdef4858427b217f11c05b44a4185865938d512fd70,0,normal
1cad60b73c4a4f5d837e80248fe8690fdd89be8972334d848b1a2b89bda054e3,0,normal
cba4f11c730042d5a4444e69b1ddda54800a208515e54ad2bcc80785b9319ea4,0,normal
23f2d247fcfd4375b8e49faf7218985f74b4d16eff3d413194cfc68cc5f96dcf,0,normal
7c0136bcdf244ef19e738fc52294928ca0356c697e5246e7899bfd5a8934f7c2,0,normal
3ee13acefd4741168c6baf75ee6d62a4f56422e399014e5897a3d71106f4a01b,0,normal
64f55c384d4d43d7b663e116d6aa754386d0c5174df944bd8aca76a92e3df82f,0,normal
c7f499d6b1d04d07be1b2674f984c972de7758e807844cea87ab28a103dd8a20,0,normal
ea77ebaa7bbb4b9cbc77caf2514caa64f8934d99f9994745bbe60fcca9b29097,0,normal
4945b0b0e7ad45dfbc57f75c6a581f3f5dc378be4f724680a6c55cbad6ae0ad9,0,normal
59f4f17496f94e6ea28543b3947a9aa9c434e5747b594b77a8a0d169a0055397,0,normal
439ad77a08f1440e8c42dba39d7a1c1984f2d0cbe7e0428d81de36b63070c0e8,0,normal
88a3460e008f4c46960b6333cb15e4bedf137d9c3b2d40d18d41bd517cf04bf9,0,normal
def2b2023c9443e08b3d2cdfde68b777b99b9fa5457443f8b0dded6dfaaf5870,0,normal
d21f4712bb8d4238a51a5191874da5ab2aba7e943c3b4715a933bca46c26b249,0,normal
08feb08f1a334dae903c5986fda813e455379d0a3a974cfc9e458f4bf84292cd,0,normal
1d875ad2957b4389a498c02eca091024c9164bf237a54209a8ffa143f2e88ddd,0,normal
1c0f03779fcf49d4af24703bc9caa497c2452d0895474bca9ba81663c58c3ba9,0,normal
3205df41f44d43e08e7655d3f7d718dd0f4cc8322d7c40088f4a8b048f6a2b1c,0,normal
ed1dc83da1534a94bb70eb160a142f929c1c94e506d04558b1c20abb1915bcb1,0,normal
2028d5f621a44781b0fa6c438ded29b4dd6bd79b53584162940265c669a099c0,0,normal
a2f5809e8f9a4000bb984f0da8751d6c9e6789d9f7664b2abf0ac1ad380960e3,0,normal
af627a1b30054e6cb6212f88ce7b05227dd5859395204e418dea27a88b191d46,0,normal
9184d048c2d7418c82f3ed555efaf70533319f24e1bc44b786f494620d065c35,0,normal
edc74286594043e6b1f4ce6cc7ee9571302afbffa6ea4b1daf8b25474e205e75,0,normal
a2919e24b93444af842201542efb44992c5fc2279b984da891a4facdfead72e7,0,normal
678613273e234d25997828baa709f121731e1cc536564c7384cc5ca3adbad350,0,normal
2c761df868604a24a119e6b6a8853603ffab2cef09264d2294b0dbe0ae8da3cd,0,normal
7b3adb4e057a436792bd683228f1927ed0e87f8965ed47708c523e1c2d5b3d52,0,normal
431cc4736c954469848d5058c6fab6fcdd682e2173804d1fa03c27758ebfc9cf,0,normal
ddc3b4f8d70649b9a9561d1b8e88081519d10e1a9fea405784d3a280f0071f3d,0,normal
3459d5d5c58049ceb2594f53668d05e49c62b626ac12425aa268bd4a155e3ff3,0,normal
e80f03605dfe4363b7a05cdb7f1fde0d6f643daa4c8a4561b56b68d80205123b,0,normal
9aecf32fc87a464badd5d41f53b8f20131bb2e8dba374468a0a26993ec77aa69,0,normal
b8a8eb1685284bab9902460d7a96b62f922ababa0d054d94a1ce88e413756bd3,0,normal
178de0fe95364533b4a2c9b3d72e7bdf92cedb1d915446e89409a095f42f74b3,0,normal
a343c34535904a74a2be2bdfad8131de47768bb1d86e4dca8e8814e5a3f9e436,0,normal
8fbaf8162f5e4560993c71bb3ab736d035a3eadbfe1742beac524748cefb47a3,0,normal
d5877251ebbd488392d3ba34bbcd7772ec33f4cf12c64c0aa44b3cf966dac404,0,normal
c765d9bea0da4e86b4c7321617ad080cf9c8977e3d1b4f6fa15c15efb19753a7,0,normal
b74e4fa8f93c43c9b884eb4d71134a61f87afe3ad8f64626b71aec4c01fce1c1,0,normal
33ebd9b5b24a46eeac7e06ec4a17886b72cebac243514d95821863163780d481,0,normal
d54216792df64c5a918ebb9e80cc81a85366bf45e2b5452a92ac3ac214f00d74,0,normal
737652e814504d45a2bf40775e9a5042a132c8a0cd3941be874ffb20579de6d8,0,normal
317b5a07c17042f3b1d12f65b6b68faeba8f9677f7284506a20e8ce2f9c79c5a,0,normal
9346a03cf7d443ceb9b60f40042603c86fd12a48de714ba69ef1adf5fb1f407f,0,normal
a3ff34bfed1949c58037728ed9c44de7689a920197a04ed28513e96a46a16443,0,normal
1d849997f1ed4a2a958ac2a0c7d0f4cacbf0eab6ca4e45e89cf8d3092dffafe4,0,normal
44fde283bc88460187427f15fa5c045aaecf6dc91bfb438fb6f760f88889c236,0,normal
aa8a92de71c7463eb6d90659c81a8373807a196e34624105b6751fcfe65c8ccb,0,normal
eb6bf13e102c48cab02bcee95fff940167bef44df43b40dbb47f141ab730b251,0,normal
9394a327b3654588a9fd9c438fd5a4a3f4df15d65ad14eb196da851a26453a31,0,normal
0a0590db054546f3bc526072b323f87acb70391b13094b4cbb8743a0477e1fde,0,normal
b6cb56e69caa4630b32e877d47980ae8c2b1f22e34b94400b3a9063c31579e18,0,normal
0878a041c55f4992a6d1e76ff3e2d7aba2fc55719a90474083c66cbb265a7566,0,normal
f7e3786f0f024ca7844c835a284bd5d3ed43e54f041e439daf216a116fa82963,0,normal
fcfaf1385f2944479727d4a06d3bb98e6918962c0ebe474886ed9c67f5dd4e8a,0,normal
6dca6bd9e5ac432c82b1acd6a5b6e40da82d165342a94c92a899ffb33a7885a2,0,normal
b86b513e0e7842a8be4b9c3fcbc46c95c2e1532961bd44958bb28d349b979207,0,normal
eafbc155bd6e4233934ed6c38976df4d21196146dc854f8fadb0b61749ba9da2,0,normal
6cfc7368e94d49c8b5d108ba7db83007e55982d034c94178b4dd7331b29b1032,0,normal
176fcdde7d774441a9afac9ee728767382fcd00b547b4b4dbf3be9c0d80b89a3,0,normal
1c7766ee76464f7a9ebc53e0587ae6fc4f9537d6dadb401983359f53831472a2,0,normal
41e60dca29394ed382cf143546cb98b67defe2690b004677944fc6d91e652c71,0,normal
7edbec1c6b614040a1f76d8804215fdb36f3978b0fcf478899d33dc9b5abdee6,0,normal
135ae846a8374add8f6e113b8e5554f61762b017c80949f5b561b91e231b3764,0,normal
70dd550a6e72432e9cdff720b31fb7e49dc757d7033e42fba039cbeee1fadb8a,0,normal
224b0dbfd25f45d79b8baa0075f3f45694e174a5b7c849bdbf5590398d4ca017,0,normal
a46134d307a541338c75d602695e8951efb1d9c08c7340d4bf1411238c8ee8ff,0,normal
78b2c91fcf3a411391fcb37ab88c61be11a74c946b6b486c8056fb4e977b0abf,0,normal
b53933528b2b4c1a909712ea08d60c87a06d1f4c857c46d2bf5b7d98cb86d155,0,normal
dde873155d314ed9afd9e228a1681bcb4600f8704ca844d581595b3d1374c435,0,normal
ce23678d535b4acf800320390149c77305a932482c6a4ee3abf20c5c124681fb,0,normal
f777b5a02fac4181ba79d4ee4168d779c4b9633095fb4e65b0623dada1a13e23,0,normal
0c1deb6552e446be885973beec7862751d3fec18e8f347418c798b42e87feed6,0,normal
c589b79cace54746b0ee3938ed1ab96912d09e1edde44c53be1388e435389ed0,0,normal
a890b95327a241d7bcf6c3e8d149ddb1418aad28874949fe92959ee9d9455a87,0,normal
78fda6b524c74d8e831641341f3fdf2aad7ef62484ed4e4da589cb9467d27fb2,0,normal
a9974be464ea4fe39be386545d8fedead9859cb9b3cc49458990e076954053a0,0,normal
21410a3d27e84f0ebd656d8fd34c1f3652c85efbcef343e383ba41b54e0ba161,0,normal
0da6fa16ec884da8aba2366d90ab1e502372dc3cc88746888ced63848bf42c88,0,normal
92ae661109754f888d66adc9d9fbd8217e0930b961004e9a93c9a856b7fd700d,0,normal
3ba1d4011f3a4191a171d04d84a3487567f85854742849a9b83969fac8d6517c,0,normal
59d43ad97b5e48138de525fd19af01f5d6846e49d64947c2b91ac8af77f60185,0,normal
c2fd8216a9054ad3b169e2818751a70cdc59aadd71144c34b34edd96902edfb4,0,normal
6ac1941447ee472d9da42e93cfa6719c86af4c3b13bb4488b491c38b852b0dd7,0,normal
208584e82e024b80bef16c49da99981d4f60662053fd4bb8bf69c5d224a5c082,0,normal
5acba6202c624d02b7b5a0ac59576bbbed1764f5b64a48a080ce290cf1779772,0,normal
bfa3a46b89b54b3888469be5a1f190e4e186a7098f8f4a9d93353e8017a25fa7,0,normal
64fc5b2d67894fd2be8b1cd123d0bebacee55767127e4f689d34700793a89d11,0,normal
b59843cc964c45aeb49697ef6da544f7480bfe7db04d4c5ab0606a2bfeb4c02b,0,normal
a5cd0cfdfd9b495d9343f763219341a05e23676c071143d39fe3b38ecbfd7ffc,0,normal
3c9e90d5079f470087c14dabf62b5d34fb557d6bb7ab4b48995fdc791cd7127d,0,normal
5d806ff1eb8b460c956bd53277576fc44686abbc9aba4f2d841e34cd02857896,0,normal
573d80d421074e0bba5c7fd55e71d3b45959326e43794393a017fe91647d6f30,0,normal
f8664c38ced0417c9534f14b8e4602be96cc75cf0f984a6a8c0700efc1c1f0cf,0,normal
200450bb9855458a80607c42494803d4bad450ce960e4ab69e1dfcdce17566cb,0,normal
66863022790a470581c96789ec8914c94b11487560cd4fc79ea1d30e6af1cef2,0,normal
d6939f9ad43a4bae801c477c4fbfe638e0ffcbc1822241beb42e9f261060fc9f,0,normal
4348e16de1eb4f979332de8badbdadaa7cb851c6b996471c8cc5b6dc6b26fe67,0,normal
3fb088b743fe4aabb00421c639f79bf0401904061f574c7c8a5607cf210a7609,0,normal
e588f74f6c914b109d3d8ee343c22096309d1a17939248d78a36bcce6fa6f2f3,0,normal
48631f05a36c44feb66612d32eb375378917a29a3cc74760bf61eb108d4ca5bb,0,normal
88edff5c5e8c4dd6b36e8a68b369354cec11291af6f54c57be774bf67082ea12,0,normal
2215c08c060549d9bede0c18e2b8c65869888ab227e84fb3b0d05da59654cbdc,0,normal
ca4c826135eb4239b549ed0395cc310a2cbc4c94b6f84c24936e381a5adfda15,0,normal
0a4ce62dc2f24ec7a6ef6067883cb9a2ffc359b0bf4143de97a35f7b29cc840f,0,normal
66ddab8d35fc4a38ae5571607dc1905cf6a4d6a4bcc34f4a8505728d9c37ced2,0,normal
c465d6f3862344b889d6ffc8c97f3e7ea5e44d904fe347659835b7d70723f714,0,normal
abe654fad94049d5b4996ab69cbbe05606f478dd1f65463d9b8972611b8213f0,0,normal
786f8d79691840bd81f3f93612adaa01124f83fa4a914379a227d38479e0dd1a,0,normal
3d1160bccb244e09a28c064401085f54d820039c2e044a4d933a4cca405068a7,0,normal
fa88fec5a6f546189a290ee371b7cd129e2dcfbc17bd4dc09c71d23235c74727,0,normal
738c83035b5a46babd4585d58e6051a18d6ae10b9893461182572b67383297be,0,normal
9c604fc06eb74012b454735e0f6639743f73924d9d9e4c5c9477aff991267b48,0,normal
76639f92805c455b90baea6d3459c15e70020d5baa3a4ca8b41680fd0826ad45,0,normal
4822748efeae4aae9f23dd5f61ca47bd75b6c852997144da9d8f10fd10c20a1a,0,normal
d514f7f6fee247ab9b55e0f5b360a9f1f550666a57f94f42bcfe859611a8a925,0,normal
08a37072994f4feb8e09080a3a7c27f0f82914e7ca644b5bb5377cd787e48737,0,normal
5debcb23092e4080b7beb9479f1123ed8bc71c3c152a42bfba271505596e15e1,0,normal
2309bb9e2c664a82a64e3ac627ddbc0e1e0a4fa7a314469c888ece67ba78ce72,0,normal
100b305e048d43498667d33dc7cde356991a7b91a23b461eb7d2161ebcdb9a6b,0,normal
2d347e9f52954e878e1ad3c04307550f1b7b739c31a042b6b7cc5b3cfee22fca,0,normal
1eccec236b1d4f79a6c315058d54343279b36a5ebef54db7bc8506c9808e4b7c,0,normal
c983b7c1753d4885a9aeb53eb0d4da28aab444bb8dbb45d6b31951b60dc78de4,0,normal
79ce0df2d4dd485db6e249166566aaea1373c488c2eb42298265d663c0854bbd,0,normal
a59cbe59e9704145afb7196626daeec6ead52b568fe544198fb7dc69282eaf91,0,normal
6e7648499b6f4cfb81dee6c95ae2009c6cf0bce6cc7048e2844e0c89675c2bfc,0,normal
6bb0b554bf664d84941a246e152f1abb59db2a84e57c4c4b840e13fd210b5b83,0,normal
3cab7be843f241fa9ab598439e8d57fdf46cf95853dc431da00e928733503187,0,normal
6bb3c5d3cecb46bf8b193f20412c5992c87d2a5831364420849efa9120914551,0,normal
f1d852a9e20147019e53c5b7e0bcf90395c02a61397a40638e51c027e657aafa,0,normal
46fb920bba1a495c8081c8f8af9d5bcb0b18d26a518b4ef18ba967fa55ff03c7,0,normal
7bcb7a6b5a174ad982ec677661ea00a4c063aeac0f9e438db14815935b823a34,0,normal
be0ef7f91d564e15b12f9ddc7ca8838d70e426dc4f8040fb8a5aec02dbc877f5,0,normal
4b918fa4ebe847a3a8bff814d9e5532741a33f58b9ae42e09b84cad5088468bb,0,normal
22adfb9af9ac4c5b84dde4fa45a3eee0ef32d6123be8439a9e693014377a50b5,0,normal
6085e506cde447f8b03f76b71cfef2f7faa69723fce14a30aaa46f9b5fd6b3e5,0,normal
b59452b2dff8468396c452749ee6c2446bcd76a62263478994ae55c936dd7d7e,0,normal
b00fe2d5c32748cc93111e1a4280797201b403746c2942d29aa7f2cdc4143548,0,normal
7e3cbed4af904f4cadc68dda2247d0e5eae6693f266a40a2a70e0ae8b54ddd6b,0,normal
a815739b72e947d9be8fd6774bcbc29fd750cf6ec4e649e89606a2b659454823,0,normal
810ec310bb0642d39799b41081be2204efbde17fa9cf4a4796e14592290cf86d,0,normal
6e6ec2f7ca2143f8810ab840fc1c14dacd3a5c4a8ffd4df89702d9bb6f4ac8ce,0,normal
84cbc18508b3402996890db16cf84005353298b5ee344f638dc787701c84eab5,0,normal
fc807ab393fa4d5c8f96e75c864e965cba9d12888bea4aefb48fd4102d8a2b30,0,normal
58b4b3556fa24b90a4ad4d3665490651853faaaa1c14419e81706795be21b985,0,normal
5e6f74f6d99242ab96332676960facf17003a5ffde7345358fbb678651963865,0,normal
88b9704fb0b046f287c7b8d9b970279d4ec25cf748c547ccb6c22bdaaec156c4,0,normal
f6e25dab66ba4fabaa0b5f974274b9e69b61957f175a48be8ba4d215a4579337,0,normal
1998bc9cb19543458908f96ba12da0666ec54fcd6604478fb12a609988831d12,0,normal
5eb3a082ca874239a4db13aae3b7dca85bff1d26e74045d587d074bee8fa2454,0,normal
0635cbc404b44c4a9bf74898121f4075b77939f8d04446ac9491a7c8ad596374,0,normal
f0c913a26ac04c98900313d18ec319ecad0341f5326a4e2b92d97ef8134dac2c,0,normal
218c9b66c4e04494acbbf1ca47b1f89409c8d6caba0640c89d6786da28ec8a9d,0,normal
8eba2be1782a4fbab5c49905aee76b8668e62ac71ac04199831d88f454fe22b4,0,normal
6c35c4f329f34ce5af21c6be3cc13ba87021549ae5d040ff81af6de05ae784dc,0,normal
d2b35d98288e4c46ac566378707b2dff3870b1359ae444149639f8e907ca2d56,0,normal
732b6950df6840b18c3dea7b75db3ee1d46e0ed135ee40e196f6d02005b05a3f,0,normal
d7ce6bbc9e16410eb8b61d0e75f23ee5c0eea8b3fd094dfb9a87fc64df69805e,0,normal
ef38bf0725d64042b8e4f7b7ed6959f32e72f1e419344b55acb5326c8e781805,0,normal
806b829c44a7436ea116b28db39f37af266c21efebd84a49a3751d01f74e7a53,0,normal
e59bd63406924578bfec8720c2e7f87702a10ff2ec0a48cab5fc584c74fd2a03,0,normal
bfa41a6ce7ec4fbfa827d8bfa20ff0f31af1838a7bfd4fe994f7722cf202ef08,0,normal
0aa065324ac54a1283b9dc6c327db88de8483fdd25994c1297123e51d10ef55b,0,normal
73e340e5ee9f4d3c916eb7f1fc10348dba95a46134364add95c9315f810cd46e,0,normal
984f99526d754f209b6221148691ab4cd3dd9956eb8440128e2cac06107b2cb3,0,normal
b356008e7ca6496088b66f7ec6dcf81961da43a503764f51ad3eb1dcc1da7733,0,normal
74265c80e9884f68b000368c6075d7679d4dad0fc01c48f69690e46510bdbda3,0,normal
72b0f0c2783343cc90c127c03a6b9ffa2fb2077072d744bc9fba216829d619fe,0,normal
8c58ea69e0a84d5c84af3842fc80a00528b9a70a0cb6414c93f870ebf88867b9,0,normal
41dac97c651d416e9488c9f27a4949d37f03b73d7bbe4d7c9d9ec95ec74203a3,0,normal
2637eadf3ee34cf09aa83c014edb141d5cd9e052399845209e0fffbb921551de,0,normal
660a3e0663ee40d4a3537a7852a2a265f73022c48b694ff8991d84b86d87751c,0,normal
70f147f764694c37854d9a449a7a10b3b3d8d9a467c041798d1af868c41792cb,0,normal
a0d143a3c471410793cdd5222491c0b26fe98850cd444adea57aa5419ba7ecef,0,normal
e22f41b2dc854209a19239905c473abf5091c72ece1444f2ad24ad7ae3540a04,0,normal
9dd9157923374c92a23f88fc7d6882e8a3db6ca543374191b6eb848a1ad6f55b,0,normal
c415d7a50b904124a695af2d1b3d1a6d985061248c184f17a92a569dbd70903c,0,normal
77520cbd4ca8434a94b7f9ad076ae25c329a381c76804874ad2728c7b2bd42ef,0,normal
7aae4096173e4f05b91a09cf3a2e83bc2ec394bb84af455fbc9b75849479097b,0,normal
2b56a61d419645c482f12c1248a4e370230936896d8740448a76e391449960b5,0,normal
9781107ea6c140c5bf37d760e450b9b676513495b0f5444b917aedbf00c0051a,0,normal
297923b0d3e342f58b04f3c6867741a137c953124ac446bc9d6ec6328a4b2a46,0,normal
f6dbaab7b02b48b7b0b7885eb277db7d1b9df2db344c48ac9bd417bb1cd7cc76,0,normal
658e38b6c6e940f68369408e1a0f7358eb85b019e1064adfb083fac086caece2,0,normal
58ed77a3fdf647d5868e87183b297a5df803b43dd1ba4b359fff66688ef5466b,0,normal
bd4a1f31c593488c83c2dd971379c5806e89c12621ac43f5b132885f25e7f848,0,normal
3bcd3c66f82c4106992bbaa396d2f91d59addaa16a864850a1573fae7cdf8b53,0,normal
be321f316d7342ec93ef4bb7aeaf9a9968462f17c8b74e3e8dfa59518e7f1feb,0,normal
80e7fca5a3734bdf81342df6d1b730b15132906c34dd4c578d7dc8f9fdff898c,0,normal
f6ffff6dea734b85b9bd05f37e59e5bc1a133c9245a449869329a0cc5d71d241,0,normal
3a285c2f6c3e47cab23196575f05534def4101505e9b4ba296d715849d38827a,0,normal
d28d643177124a7384a4ccc458cafed1a07266ee339949b6b42c3241f54e8096,0,normal
de678cbbb178435289ee2cf18dc940432cb637d9dace4c86bbf9f5cc6e697d3c,0,normal
f79268fbd71d4b7ab223848899f47d072c0b358371a843d9a1c1e800d42230db,0,normal
ea3b8efb59d243ae9928c60d3cef8e5d605d7d1cf5a24c409b7e4fc2b56d880f,0,normal
2177f45a54cd49c6bde0c66a18f366c99e4106324d9940a89fa43693d05d8396,0,normal
4d37655527344d7eb96a60881d5d8235eb7d966916ae4512ab546d5e07be7637,0,normal
93e395fd799c49ea8bef76efd613229f03c4b358659449f782b8c12c0f4371b5,0,normal
070e88ce06a4467498a5ea518749af97ff6bb36a704d403995449d4f21702fa2,0,normal
66458b5311a344628a9eb1817496b4b99102b34f77384f7da9acc6c2d823654d,0,normal
51badb6e301b4d2b9ca3ed07fece19b7a2a865091aca4a0e912774bfa3c97c04,0,normal
29258e6063e141b79ca47bc6367245e49972b19012a6437bb6cb218629131bc3,0,normal
bafaf18241fb492fa79e263e820767f0a7e14c9636eb4c4bb20eb404af1a7fc8,0,normal
c866cd58f01042999c3fd2460820a871187fcd3abbc04796b29ac87d69ff084f,0,normal
1fe20740dbac45c987f32af31f4e61bd96222709c7cf4f84999d28c247beb16f,0,normal
85e35694731e45eba1fa64880a3d81ea481f95f5fd4b4c0782812c3e08b81989,0,normal
289796b4bb9546c8a0892d7847b9ab18e26ef1bba605424db3cc7dbd3fa9ba5f,0,normal
a589608db63e4131a128b392becebc6cb1330a8f6b2e45fda3c768208b32b701,0,normal
ae7170706f6e40bfa590aad46171f32a766567c8c70b453ab0dbb4f18a6127d8,0,normal
fb9b130741644da99007fa60b3504025345f077d65c34bf49fce0dc606a58f33,0,normal
4be7644812b243bab1681a33b899d508ccb3282445d34ac09a877746eb572cb5,0,normal
b88ffd73794540f4991c57b83d390f4dc1e3e1c85ddf47f59f6ba7b129b7b632,0,normal
602856c473714a39a3ab43106010e7e7eeba6716962e4aaf9e61609330be4a94,0,normal
9b4928cccc9241a1b710695041176a9d1729c9ab01574c39ab6d1d5dcd22b599,0,normal
a811d1e5d04a486da6cca93c24a66d551fe3a2f26a954e2bbc63070914cdd21c,0,normal
6b76aba1dc214b0dac8abcbc7633d37152a51626c9a44649ad520f16e4ad05e3,0,normal
62ceafadac324573aab7bbd5bc7580e2a1960859d2944ac3bc4f053734265a8b,0,normal
3264d6f209b6438f8c26a8f98f8c2aa41519b8a77e1e4d3fb890c07c0552a15c,0,normal
620f320f705c4d86a8f99276f7e20e0663494ab0671f440d808c1a7e2445d5bb,0,normal
14b6d81b90794710964e30e063a408be06141761ce2d4327bd8c8964bfa58820,0,normal
fd05ccb1f2504f708400a957b822a78770ecaf55edeb4b6a87eff88869e43bec,0,normal
b1db414681e24ed7ba82ebc68f09f3a9b1064af740c94388bddbdfc5652ce1f8,0,normal
41570d0d55cf47ae820693facb60c166e65f29664a4c49f081d133a8383dab7e,0,normal
31bb9de90e6d4e6fa97f7cacba103bcb21a4ca891949448e9e056092822b3ccc,0,normal
e03e962ecabb46ba90068f300356d9aa0896d17960214f62b6aad24fbe09b11c,0,normal
12e0caafaf614d489b9b54ba9556d506e3652f575e434053b3507f654da34793,0,normal
7a9d32bd70244eedacef9fa5623712dedf77ce8fc9544747b91ec4cc4c29e410,0,normal
d1cbf15ab61a4da79699c56ead0d214c91e6b8e0d120420b8fa731901f895c20,0,normal
27047583c90744bd92cc3ea9da5eb41697ca6080f2b14449af044df38c0a4a40,0,normal
ec9ded1005cb4d839e872cb56ea979fab0070464e7374a0982103872155f1162,0,normal
aafe382fc4874bd2ba2f3c92f7e1a4df4789ee20b08d47b287958a53463f2912,0,normal
d6bde639d66d4277a03cc76b6bd7f0a0b36174392cc74b02b3cbaab417d94a14,0,normal
09e3a8709135426b96c5d0a719fb94b0fc02c996d80848e9aac9514b8d2d0f82,0,normal
2df6428a38f14dab95c421241ed9d185ef94f3b237514a42baed70fbd89864c7,0,normal
e2d4c693c5ec492084eb3991cf9dce68f0e93e9d47954ca7b41b9470ecfe8720,0,normal
5af3fdbf5d8649a3ac7ee9ddd4310897aa73565b67a8416eb0380909ab46520b,0,normal
9553db556487434fa969f852de0bfd3379894fc98f78437f828a88043752f7d9,0,normal
d0797ad3981847ed9e0f54764ba22a553dbf91f187e243c69c499f9e3ac8c87f,0,normal
7a91bc4f651546168ac440bd36694c55458de3ad499b4ec1b4f4e5ea4b9e38bb,0,normal
c17bcd6dd1434e94beedaeac407a8bb07c752b932eeb4e2d80cb4e8fc3347a1a,0,normal
8fb55e2a9e524f9bbbd316cf3605687ff635f7c253fb487598dbb3c00262f4c3,0,normal
75c8806c496a4b4fb0200c4856a1353ddc0f5924016f4ec7abf9b9f2ca5300d2,0,normal
fc8ccb51d4004527b8fc49f336548e32b72fba4d45384438895772492fe96705,0,normal
65ba15c3e1eb41f7a05825fd034eba4db076a637656c42be9d7c1a85f7fa428a,0,normal
72f0f10baaef479fadac4a55ff0a1b808a7080c007b0402c950d14179cb667e2,0,normal
03c3614bc6354171832240a91f9aa611dc73b0c9e9c140e7b74dfc2d566265b1,0,normal
e4827838f18d4fb38dcad52d4c39b5c8d55aa8dcb7cb426cbc9f0d0254ec885d,0,normal
f4fb1d7e396549abb92437651a95108decb803bf825448c9b66072a228a1a48f,0,normal
d18ca200baa249769163a32ce970df323d421295842b439eb6d6cea0750d685d,0,normal
c4c53a0dcbf443d2b992c8daf594576c255dbe7e27294332b3bac064de3f6c8c,0,normal
b43127658f1d45f280d31fa737a85c1e485a25c9743b481baf1738c5ae40d995,0,normal
c4f7e434d6cd4e50a45008698c21191127028e2cf3e44d6e9957e0184e785fc2,0,normal
c096249257d54878a9893c9eff911711a4a694430397486db0bb0bdef6605d60,0,normal
5b52a7a0d7d74485859531feb724780e67b0d9d79596438db72519141c1b60d8,0,normal
b392807e69c245fbabdf3590a591068168b739a9e225423698e09c777f443c5d,0,normal
ad8c2a75fe384bbfafefb5c7b7c87273d3a717c597604da28d55b40ac8bf201d,0,normal
9e002c9ee5ac4b5683327817a6884319bc14003c7c7d46159afb2bbc31cec05b,0,normal
cb2a02a8d2c5453ebaf0e89a523f3d9aa12b61f268134779a34d157fd2ec30b7,0,normal
17066c75a7e94546b6b0ce08a87dc9984a87175c99de461998a014682b1e1a72,0,normal
0607c3aa907c465d8c6f1331a68483f9142ecc6c660e4df0812b8ac5a4d5dbf3,0,normal
ef21d74e6a8f4af1bfb747e54f5d5e8eee11b438123b450e9feec69cf1b19a1a,0,normal
a0bacbd7811b4c59ab299c53705362e5b7498629f4c4425bb67a915966bcc3b4,0,normal
739f641b6e86430c8c23c8b0af3019cfe7bb5334ab804c86b9bc9982795e572c,0,normal
4edca4a635cc4dd4bb40896977bdadf8db6f60e916e445f9a2bc60f7621e1b3e,0,normal
fcfa06a1130646f5ae06582fee44306d8a1c0e350dde45d086e6fb8da8e85b76,0,normal
f39ee63532ec44c09014e05904e8f1647bb04951177b4bd0b65d5206311ac444,0,normal
a580a01a2c884a70a3e21cdfc21f5e024c880997c4cd4cb1932869553cd06f2d,0,normal
653c0b7346894163a1f79d556555e4dde7abbbc272a240d9a83219c4eb40ac5c,0,normal
ea7df878ccc6420eaeeb3bd86586ccfc30b54ce231e0469197c52a849c731994,0,normal
f0c90a81f29c4548ac5f10a894afd8df19fe134b8a86429da19ae5e906c8199e,0,normal
266e86b2e2284bd699122a9f55c997724232b5860e694eb3917ce6cf2610730d,0,normal
c2d0db2499434b21b62bc158931bf0ad4bfe625f3e524306b1d09ce2a084185f,0,normal
05b68ce939464b5db46c3f200d912f799c12aa2b5c544ee4be48faccea755933,0,normal
5885d54c70c743f6b1e5416e98ad86815167cec9a36a45728906e8b2bec49107,0,normal
7b24c58899e24acf9301b8af376885abf3d077c04295462dbf818ec6d87ee79b,0,normal
50db620644a448d7b2551286f2e9a0f08f0f40a82c58453c93630b56a052c8bc,0,normal
1cc8d710d89d4916a303080a21b3d1865e22c745121e4d05bb8ef118e924c69f,0,normal
f01ae9a396ba42e999508b3743aabbd5a78ae77d6f824cbc865e17bdb1b48c31,0,normal
7cc99f757a0a4fc5838fcf43ea9c83bd182676815f7745d093dd4d93d482ccce,0,normal
b05ba08690524038a12bd95fd07573b3554d7de48bca4a91ba0aba796f840f61,0,normal
67623a24b0ab458f808f1b07a2138bce3a0b174840a041a398296032b3d7f4d9,0,normal
d42e624475704cf4b5ac4f7173f28257ac0edc0dc47e4b6cb10c7c7a160176e3,0,normal
ca6e7642205249ee94b9dc92910126640a31993982ee41ffaf999d84531b58bc,0,normal
6da06e8f048e48c7813eaed67118c3a6e80ca2d3866f413091153f99f10b3761,0,normal
78199e0de507455b935b03bd18cc35225f268b47133a462092b85fcb70bd854a,0,normal
12740f7010c34c7896e5d9529c3c12b42fc0ae3032454e3f8809356d417eaf0c,0,normal
7fb81fa31c6c4d8ab86da5946ff99c6503c9b9777a1745ecb1d4c942fa079d83,0,normal
6ec72bf1610848aaa7f3453d2c52f16be00ecd7ffb1349ecaa8735c3d9825739,0,normal
a95f7ed034c9485b985197f04e344b0e1e0e7117f06d424184c0ddc7b2d4428b,0,normal
3f6dad85916b40e686b37b0ca217cb47935d1eb6440e4d1db0368ac21ae55eee,0,normal
85ab7a747c1b481d8af8291b7312d23d9aff9fc8698948d3bb5e011c5d7203ea,0,normal
7114a367259d43158acde968d2ec21e2ef59e94f7bef4bb2b7a69ba7c5c1b26f,0,normal
162efa1cfedc4377b70627b333f4b1c953979b6a5d1d4abbb2547b1317ca8998,0,normal
cbe90cccb9d748be90372126b35e5bafffb46b1254ce4d158e91af50876c6a78,0,normal
a3c51c656a4d46678f4e13219e67914d18b55750ee2e42588e9ac13412d94cbb,0,normal
aa87dbaf11ff48c8979091da9c16b1bbd6bd6fa869d04ebabd71f0d6c671adbc,0,normal
c9ec47e413d743c7ba5ddb05b3ff91a7327a50c2db4945d68b735e1dc7072b21,0,normal
700dcc24b3e54bb7b90a52fe05ee6a053916c1407083481eb34d75950c8081ff,0,normal
5bdd3c261dd445b684e948b5d39e932583bea45f599f413799e3d4bfca8b0eb2,0,normal
f28ceb33df2149ad9af197fbad844d9d4d49212e1a9444bbbc7e68285ee5961a,0,normal
f76e606902af455f9ad97745c944b9028ec17f90f0524d11a181819f512c1f72,0,normal
9270ab3e3f2a4cc9b59b5332a853fd753369355c48594ec9a6d85f98eb0b7a1b,0,normal
2b60f6c28ed542cda3cf653ae6a0150bdbd81211dc2c4d678f6daf40467f4a14,0,normal
f713d527791f401b87655d8c02433ac1886f8cda52b64509bb56f91300a6ef87,0,normal
ae52f5cfb90148b8a91858078beefca1016184b659c74a4d92453b4a1161559d,0,normal
12d11ad21ec446eaaf4d2d9d66ef89bbb1acee6e4b3e408db51ddaf0d66c89bc,0,normal
b389dd9c300443f2a5cdab79bc9823035f2db204b6ed4e53b7f9e3aab63a011d,0,normal
cf49b0786c794dea95cffecce91f422dc5e1bc007cac48e485f3875d8b929fca,0,normal
51ca49459f164374b2fb21d0cafe1ed05a48ea04eeea44f2951cb31d6b848206,0,normal
cc591a67656243ddacd121b4cf2ba119ac6f5d9eea9345349996a227f308a652,0,normal
877dcb6f3f214aef88066b386ea87f319b4d1019de8347939aab2d5cfaf2fb87,0,normal
7dcf355ce1634773ab8ef1c6a163bab227f62ff022024fa49437c11f6628e9ca,0,normal
1fa8cf0930844503a09211fa30e5b99b155ac158d3964d1c8dc73326a48dac32,0,normal
0b528298b5ed466eb5272e9d4b040b4269bad64b09c24145b2d864e75b270b6f,0,normal
2f1e00bd81b843f5b04cf9c63cdbcd4b644d3b9e9b53428abe6c0d0c6643b6de,0,normal
4e4b471f2b2f4c4f9e274233a5c0f0a3fce716454f5b49d9980db90fec2d8e5a,0,normal
2b5d1b5ed9f04b6b9da37fd56bdcaa91f9059805849748f39622d8416a082bb5,0,normal
cb06a44e4398408da165f0f0f714c7b280293fcbddd1467e929caad7c0688522,0,normal
852f063c2bb74f55b1a68a62533c6090a21cf1badf514057a02ae221df679967,0,normal
b446588ea35e46269854eecdb401f0d872b8244c58c54fba90b644d1564c3584,0,normal
da3fb1231a734bfa93c770090a122891e73e45beba6d4b7091de9070825f2073,0,normal
9e236a1f0aa9482cb45d508068867a88a3e902cdca194c799964e64a355d138c,0,normal
d995212c950e4e4a9096cd25c216033fda6268c820634b8b9f57f479d5081dc5,0,normal
f9dfa5bb2c6e4af48ce30395d3aff279065c85ff333c463fa866a44b77a03511,0,normal
fa28e4967b3c4e47bbd866d0764294bc72ae221dbfc4494bb2700f2467fd76c3,0,normal
2e22bc8f32ce42d79b151e409ec9ce411535200b82ad40aaa0124f8c9ad367e2,0,normal
9af991789e4644a9bd0840d7ed60d56c1d31bd17cff6430ea9fbcbf187b05964,0,normal
7b1b6e08336b4aad80a926ba55013b61932401c18e3140c2802977b8987b3d30,0,normal
7451aea3df23492c9d5202ec783121ae9da0444dfe7845ab9af0279c8a49e96f,0,normal
17f3990dea674a1282e2aa84df969312bad76226e6324356b60a67232c6b4a4e,0,normal
752d5c9d9d234aa99e504f6bd28e0632c2541651819e4aa5ac8ab6bfe06afffd,0,normal
b82d04c279c34a7e835ae86e7234e7b16697e728dce14fa2a85d9a5e8ab7f5e5,0,normal
fbd1dd1aff91488fb4f70e724351f6fc0ecc93326c494532ac5c8e3a251eb81d,0,normal
a7d4de54933d4ce78d31c03597591ff01b8f9159939342eaa2c8ff1a0faf9260,0,normal
5cb156b79769443ab897e517a16a66f14cf580e3b74d410a965c03ca73c63d50,0,normal
6539c9bafece4e8da4b32447fd740e7c5e02d2053cc34d4a908fb2d7cbd73264,0,normal
10432eab9a7a4fd8905f5aecd591d9b3c1a0fe6672c74ce9b75fba937e65ae48,0,normal
a1069249da2247b0b54a362a8f41cc730116f8f8b3c7417ea8e18793ba9295e4,0,normal
f2cdab7ea5584f10b264cc447bf2075b186d3e8c3c13415f9ce676baef8f36c6,0,normal
d291e7ab7d48489898cb6a3f852c3b53937fd61a30d54ba4aed6dfd22f9d3546,0,normal
b5e39d3168da4d5abb3a26c17a6f5721596f462a02e04dc8a28fe7f8a128496a,0,normal
30633152d8734c16a408325de0186e77196230d9699642f0952f3a97728b2417,0,normal
1d888484b96d4a828395dfc2d88c3cce1f571b9dec0d487983fcf83d5687e638,0,normal
9c534a034dc04f7d9acfe7b4f807136bfe34edd9d8054e8399dccbe26cce9adb,0,normal
28ce78bfac804cdaad8dcedf9d503c01464fe79af27c4ab0b8ecbe6f0d1338e7,0,normal
3a763bfa020b45cbb538f5af26764ae4df693924250b48aa9b00d125eb69ede7,0,normal
760c29dfb9df40c4a42718e490c3a02a386a4733fcba41378d3c005ddbfc4062,0,normal
22741528979b44c4babea1786548153a2f0522416d5b4dda951666cd1a5e824b,0,normal
cbb0b993178848f5858975b927a15e35de16689cdc524fa1b26d7f2588458acd,0,normal
998c0f7aacb949ad9b93c63f03c3396164a9f2de1d064682b2efd052d1058db5,0,normal
3c906314907d473c831cc2371f863c7387f2f8969b6642f7a72c0862cbd93ed3,0,normal
3b096240c33446abbe7177ba8399fa12ace6f400b3b143fabce7b2f37942e78c,0,normal
172fe427605344f4ac43d4490fdd0403a35ef533a5ae4ec587ae18f0ecdb8723,0,normal
e8d25279adb342dcbebd10b1281418cc511b8ae494d74ec3bf7f6288b66abb43,0,normal
4ae4cd6c8e8146c8a00d02002a7cb4cd6923d51e0f6c47f6b78bbede46dcea3a,0,normal
1810b55d305b42de92ee9dd142cd764d74f8a239015345dd91f5841f39acb76a,0,normal
198df2a450e24280b626e5cdaaa8da2fcdc2a846aa234754946737d6b20db85d,0,normal
836025530b764397b973d641150fbbbe5a1588599cd842a8a2bdd8bd59301b5a,0,normal
6b97504bd278482c9e10081c0d359cc49be5dee45a734f46af25173aaf69bc37,0,normal
42d9b31b4da945259834e69cd912bd64c1e75b7090fd49728fc9d5b4cc1cbcb8,0,normal
011a9c062e354154b1296b4fc57354aaf561128bbdfd4e95a496f2d8f5ec6361,0,normal
e9eb13a6b91a4d1a8886f836cb3fd5bfde17380052d8421a86ea17023a356b6b,0,normal
0419f4e5e0724275b6927215d230f495d7da26e2882847dda2024be096366b5c,0,normal
0ca3dcf43bb040a5a014785749aabf210d91f8b655194b0bb0b8541df9720eb8,0,normal
5207d2c24735445dba17c5a6eab96d9b500ce18c6aac4fe8aed48f9c48f30003,0,normal
cc9661a516cb44299a65adbe4955e6b93fd0804de3ec41b1bedae27b0554be49,0,normal
be9c8a558d354c72a690f3bfaaacca05b889635faf4e4b84a9e34b90a7b43dc1,0,normal
4b8cb556a445483d804cd20c8edd51d21a222a31e7a74402820ed69f151b7c06,0,normal
c5d7f1c9a9bc4a7b81195876df3e6f6923155ae796c6479c83c1afd70915b690,0,normal
60a162e614a440639be85f616c53036bff4617ee73074b4da6fad3d9bf71e4da,0,normal
3ee311824e4d4b8f8ff9f1e6e120bc710e212d5973e24125bca2e532114b4ec4,0,normal
00d9057911e24bbda512d8e31674cb470e628e9e2bc646a39b7d41e8c562857a,0,normal
a4c5085682484e29ab777f09de194a1d2cb9d832283548c09ab653f17de7519b,0,normal
bcf8affc15434aacb7a4fc1997de52872b078042d0c6482d86355af65aca4a00,0,normal
bc6179e759274adea81442d8b12ebccdc3b85475fc8f496e8e5e501d9d253216,0,normal
25dbf7afb4f940f69385dc9d4dad2b1bc5db839056ec4b5c97118679569e36b7,0,normal
52a92c0a3d6b4f5598aacf60367876ffb00b106e83ae472ebe3dd11b700c9da1,0,normal
7d4c28f0d5214d0188036f5279660d343b43fc789ea54c9c9758441b51de10f0,0,normal
7df9e3a5042a42e38e8abc7081c18613d9cb354453444b3db6e4d832ff9c9874,0,normal
fd13f0ed4c1f442ebd32e908460650ae4a11f3b18a7e4c83946ebd4657be9880,0,normal
53f0ad3813634e90910442684d68de4caa1ce4578bb14d0fb3d16176a46ba2a5,0,normal
d42662d3288f4c52baa16d1b8a5d61e358002ef8ebfc42dcb8d3804ca511beef,0,normal
604cfd89dd3046f28cc33544cd1b3090ad5aff9f0acd45ffa977de8882197d06,0,normal
f80442573ed348698a4a179759e7795cfc2d8ec68c294bdcaa5ef5c6b987e53d,0,normal
e329f70bd3e249e08a21ea8a642e55a99132d8e8e9d345d98532ec56b0aad4dc,0,normal
bef311c541154bd893a7cf44318cd857d16ecd7724b541309558d31a40b88624,0,normal
c0414ee0a23f4ef897cbedffd7a98d07e7c2474d9b9c4f02982f470565dcfe12,0,normal
b25e50b97fd948c6b8226374f4318df74666d9dfd8884b4c81fd17138bb5e904,0,normal
f1bde44456fa44cea2578f7365a9eace40c64987ff2d402196349212b6377def,0,normal
1c2c63cb83ca4ebcbd486fa01255040262ba999265844e1488a4e0d19d30e430,0,normal
4f8f16057f14469daff5adbad4ae0eba297630599aa5410b81608454525da5d8,0,normal
605e591302cf4853b0532c7da6b20bf37b46cfd388024f39a96117a50a8b08f0,0,normal
61f02cb3f80c45beb72bc42931713de9ba2bdfbdab34410282541bb9a0c3ddd4,0,normal
588c419de9b044f29b0daca0b676cf02db6100bccd544c08aa7936e5486ad0c4,0,normal
94fb34376cd04054b7ba4d713fe7346b030fa4aade0b4942af5bb5e416dcf5b8,0,normal
ba1606b2ed1041199644b5da682739b791cc9a081615490791ac03a227bc78cc,0,normal
652f5161c0c0476baa33e9b34b2b89ddf422abd003b24ce3ad6bb5297ad69940,0,normal
3e922ecead514400b44cb36ee31628683159c03d37a84d4ebc360117937659c3,0,normal
b2fd11223cb844209add8759c537c38e43e770c09d874ccbbb6270c2f30ae41b,0,normal
dbaaad0e59124c2bbefdf29e602f50c34e9fe1e1b70547f186eacc505fa8c449,0,normal
b1d45cb11d16410ea73b0637c69dd9daaec4565a48434c4ca1dfcb9c91e4de04,0,normal
94d129569b5a443ca92f3331d56fa7986284b283485e47c3a2745888b42528c9,0,normal
001f1b43afd44f75a1fbe6829e14fd1d64f2522c3900448fafea03685c52ed6b,0,normal
75c3d25ae8f245dfbf57fc7276aa4618404c5a05230b42a68a1d70825f530dc4,0,normal
1be3902fc9c74dd2b80c3d80f2a6e8dea33c09e6158647848fd4599a86595faf,0,normal
f7cf8acd192c4c00949c5b5bcb89e97c475e99159bc241358fff2f691f96ff99,0,normal
d75b1efa145c46b9a9b5617c6b39a097e1b20b0d0c664010a19f0ac5d1578a66,0,normal
56a00301e2944584b15fa15c698fccc79f6eeb57e0294d7eaa9e5f0d9f6e7c22,0,normal
88b91960b7ad4f47ae5b0fca71a99638426ee0bc186f49b39ae23caa72e42b9d,0,normal
b1c922632a0c4bf9b9a7937e2a96a13612257d52496c4e61b211c909e264e781,0,normal
850ef104bb95449c8e652bea66b60594dc8fb9ea41c34baea7310fd553f28aec,0,normal
f6272eb193564ecc87721525992ac4dd50abf315ae8e4a7aad990d741488b4fc,0,normal
df429e12193a43849398a63a457d38ba80ca513ce4594e4f9c310e798ab61c90,0,normal
056cc95f7c16483b91bd9f7cbe8314e6e7c8bbaec79a4040b888428d74562d85,0,normal
5634cac2329148eb8c2db4cd5ae411869a41288cecde4ea3bc5510da6dcca844,0,normal
f608b6dba0f743019945fac2f1944c88e855cc35d3384e8193fd70d7c2858780,0,normal
b02fed5cf5b6417ba5a119f61a225bf7da1a51f3b5d648f095c1c1fe1196901a,0,normal
1232d618d10040e6a8369b252fd7cf3cb9c5510437b54ee8bbee4a02550c1160,0,normal
2854d51029684f7692f4a318b8c6bb9a1a255d04b0b142f8ba8952989fb0b2fc,0,normal
309f8d788bb741088fca5a4589493681bfe66988281f45619dfbcf4e27fa5eac,0,normal
b7994988fe3d4c4293c63b9566e34915d41a1df59979418a8a0f1ba129d221ff,0,normal
10651dea1cc54a61b000c2a9425349c9084ccf0a30d3474483fe52cf2dc5c69e,0,normal
840df5f5998f4c2b90c03ae4eefd4853b53b2736dfa343dab62e9501ca21261f,0,normal
cf1ad563ebfd4c038dbc7b10cfbceb23cf627f9c96174358a5531d60ae6e83f5,0,normal
f888c70d7c5441b5acaae34ae105cae2887e2cf4507a4c688c4a7180e93edc40,0,normal
d81d549b9906405dadbea68595176a6b853577f3e9904e5ab3bb05fdc5852856,0,normal
3e5119284a394507bd79d8a82ee2d251ab884f8af3cf4405b2ee5c8d326eff9b,0,normal
4fb976da64354497b3fc4cf31a3ec32c36c1e73051394281a04a53901b2dbde8,0,normal
eafa310e8be2448d8508c53a7696beff5ceb101a79434012976e902b268a2cde,0,normal
370f341cf19f4df398348a1f2fe56d7249cf0902d0fd44ea8c0f966974151b00,0,normal
9921ec311c3549338807487a48b593b9addebcdb3e0a4ce3a03d517fe07f7400,0,normal
84d02c9366bd47ad99934764376d5dd274e0afd30c4845cf85d4b21b16feb68a,0,normal
a78e248779fc4ecfbe6b9fe17b7913e48cb18dbc435f45db8c2581c23585acaf,0,normal
efb6ad1ce3834114b6cfaa6f0595bbeb42300dc4e65744ae86548b3cba63d213,0,normal
6e86fdbda6234da0b5588d0973b2594638059ccc9e654d12856b86547d945038,0,normal
2b15144f80a64c08a6a7b4aae52fba1307d384027bc84e8c87928e98b80c5c86,0,normal
62f7ddba28764e81943369cffcc5b2c3af89fb530409411e9a2e179d31d50c05,0,normal
e85c1e5421b1411a8e3bc69595c5966bfcd7874156744cc293a044cc875bfe71,0,normal
56fbab8b597c4e5b9757624a55bef08b844c69f450d14aada544eb19892c2c3c,0,normal
cee0991b0c4a43ee8a9483be9e5cc70f3faaab466a6a4465ab2eaca2fb50424b,0,normal
cd40752d35774887ad4e43c20229f178448202edf8d64473a8efd6f9fabde5c5,0,normal
8ed4f1c1dfe04cd3a5e7c4137e01377da17d6a08d2944147925a491f7acf8bea,0,normal
0dabc4bbb17849258201cdf533577d485e9a50687978458e9b79ff6b2a08de28,0,normal
88c0bb7ea1ec4bf9acddfee2f14b19db10c7f4cc00ca41e6af3266a4eed876fa,0,normal
3a28e4a4f66b46aa8277d1f7dbc6028135cc833d71214841a7eca1e79ac02950,0,normal
815f83eb709049b9a5404ab02af46c6b79030ca81a2a4de392e31e029ee394a8,0,normal
3391e36cf8f24150925b9bfe442d257d4a76801d079d42859a27561ded32ee63,0,normal
15f5e9a68b16441ba1d9508574ad33226c16100ddf364421848ac2173718cf4d,0,normal
3e1a4faa7661402cba57e893f7c1fe0713d13cda6c964ea883ac3983ec19e621,0,normal
7cb61a4a839b4e1bb6961b636f9bfb6abc4a7bbd61fe4dcea3ea0ee763d1ec60,0,normal
dfdf748f326544fabce16c88d248482534baaa7e9719473fbf7e88a9e0fedc4d,0,normal
f0063b7c75434b3d87cd4a7173e122084e36b216db124bccb6f716e309191291,0,normal
37e6c15bc0b2485bb81ec3a01265ebface779feacbc44b4eae337ef2ee95c63a,0,normal
eae2d2715cca46a5a8f6506ff28b95e7a6734123bf924275a6f3db8f498ea309,0,normal
c59a396b3bda4c518bc6612ca3686e835127c22fab0a4ff2b1872902a0e2ad0b,0,normal
6559bb80c75b46dbb20be5334adc45e36ae1286b620c499381296167920bf2a9,0,normal
743a3ae58c6a43b0a1c56d23caa192edfa4b86edf53a45cb8bff5c443fbee6d2,0,normal
1952b42b110d4af082f18f31b0de495f9887deca4ee54f4ab46ef81a5406a28b,0,normal
1249849eb5354cf8b1f738d9729ad4500622b89e165e4a778f5890bbafd5059c,0,normal
c2bc13acb0b7482787d40222dc7beacf7fc9af6f4eec4eb290387cc9b0f32be2,0,normal
b41a21af235d47fe88533ad874f47db19303f4a5da2d45a78b35df95aff4a276,0,normal
7057135529f4440d9b49cb4e1e82c8b53db0b0a596ec4ab2bed0c79006f5fcc9,0,normal
d714ebe03480448193feadd0b140b09d2e0a3353c31d455f9a19c1160c6d2dd0,0,normal
569dc0fcff5147aeb407dbabe32cbaf88fa8b2511b884709b57801682bd48c77,0,normal
ac046b003cbc475bb097018d592169801385b635f585459f98ed5527cbbd65fb,0,normal
c5b89ca131a34b659b5a1a078eb4f69fc944f243c61e4abbb760090477a8bc83,0,normal
4336f24ed438434d9b3843f65d3c1bdfad0694571f4c40be98801aa24665da2c,0,normal
cb9b68f63c1f4d08a6c062acea5eb548b0029f118d23451fa07756adbd785a27,0,normal
ca9045da385144fb92cb507e6a73f63336bb45698acf472a893ad49d8caa0215,0,normal
98cef4df6c3a4276bbe346949aef2c5f840bd502d64c4330a72a0f2fdc6fd8e2,0,normal
4ae0c1dacbc34b088cf494795c55ff0851ba6e398e9f40d0a7a65048c3a1c2ac,0,normal
a3f7002356bd4f81b7f90bf7164db2df0408bc5ebf0c4a5daad82cba0c485395,0,normal
ea0a8b6fc0cf405daeffcc648fd4cb71fa96ffe8a5a347acb179d73ad70f85e8,0,normal
85f8b54bdb384b13bc06085b3bda9c62d052d3b64fa146d1a3b1d4e9c662d27f,0,normal
797ae1620049445988cf7f96af00d8f1e03b274bf8dd49e9873b827429423606,0,normal
15b18da5bc9c498195df75b183994c9de5c428cd681340cba7be219667957813,0,normal
d2c09c21c23345a692b74f47cedcc769e0a0121abed94080b7a3387ea2827bf3,0,normal
c4f77c9bc16d430d9103550731c58453f65643cdb6ab48b787ee516ac3fa0477,0,normal
654eef4b41fd4cbead2ce5667d4b359ea778172b91f141118a322532615a734d,0,normal
83243f87b909450095b3e1ca170d41d29ce3d516e9954b68ab99a9ce162cdcc2,0,normal
895c0b7fd7d94207b12653496bfbc451f94450d7c52e489cb9576ffb654130a5,0,normal
9d65cf0ed17e43729331cd753172660a94720db760eb4a26b59c9b2718253b94,0,normal
723cd4f47b7546099c5c0c57d7b2d5de758e36f49a7b4ad0984d30e32dc17a98,0,normal
06b170701c5044b4a50745b84a61ea124dc9ec974add475096f7e909a1a1649d,0,normal
4d94db4af68942c39329e4797380d6de5aeeeaf61a424d9abff46b98bd3092ec,0,normal
50d8b96ef51d4fbcb40917de415034ca4244ff4e711345e08be05724217e0993,0,normal
b5dd44b604a84d91bc0e413a674dc23c5bf374aa267e453eb2b49d556358b490,0,normal
c7e0855bbc314498871a6d1b4123b0a3ede5d83ebcd0430c8924d473052a6114,0,normal
3a0371eb3f5142e6bb7da03d72dd9e3c4b3584335c2c4a72ad548d7b2095e419,0,normal
4e1eeed35a534e1485a1cd90b8a438c6ffc27305622a420b81232f373384cac5,0,normal
39da3a1ef3c546f8a9adf2449362ac89677e9eef91b84f609cceed80ac4c0936,0,normal
dc106727d0034b7ab2f9cd321c3aa39daa3f5f9e0edd4cfbb9c9d30916fbf391,0,normal
b6d5ea411966497f9af0dfae0e3a317e72c8c1e5dd324538a53a34ecbc6f6ecc,0,normal
536cbc96515241ffa438b1fa8f7ed6d91b0692257f17409e95812ddd303b1d6d,0,normal
281030275dc047ef972d63cb48e4739571a5e9cdafd74002a0687b75ba5353e4,0,normal
921ea9080cd84e57becab5a7649c7f3c1a52de20e0f54ac6bf8a7190d834cdf7,0,normal
732947ee70da4f5b92f471430f7a4573f3201ca2ffa240a7a1a36d737c77d7c7,0,normal
219cc805da7b4b23be46365ec1092384dfb0f5aaa6a34fe1984d51d1c98e301d,0,normal
e9aa51b4c7024e8db88a5c84d17e37257019836e6cf244378ba3160ed511a5d5,0,normal
a454bc75f2724115b19418712a9e30b2f3e9881bead74da1b2a95530d3e141e0,0,normal
1d66f75c9b364ccf801557cd91ba7bfaff9d66c2b5724aa994c38b97e399ec12,0,normal
d543598ff65848b6b0a6602cd9799579d27ff00fe5434eaf90bb730b674f0d81,0,normal
698c8b74cab142a5a1a2bc19e18a5b05a27da1112b2946be952d299c26e0c02c,0,normal
eee4704068a546aca961de6aa44bf2ffaf7cf29ce6fe4094b93e9ad05d7860f9,0,normal
07d78206d56f46ed88bd1efe10798bf8ba0bb5a9b6654c25acb5111f4224ab1b,0,normal
3f78a384da3a45f990348a45753df5d0e4ac4d575f804435b48b3e30c66a76e1,0,normal
11c58a95ec854d4fb30aa0c3c4d7029b708de519a4b54f37adae6c853bb54e86,0,normal
1b2b8a8945d84bb095b898f9a5a27061ba8220999d6b4ba0a3a370bd04005153,0,normal
99fddab1c997494385a9730538d4c6a7c89a2d44566342d993861128e36e7671,0,normal
c805b794818f4c829152f6542ae31990c854b057ce1d4c6c961113cc825f1a02,0,normal
3810c10d53234774b9774175f4e3517d94d4446dc1ea43298331dbc9380627d6,0,normal
5e80e4642ada4e8f83f14590f5ca9ce0f60f03b6b64a4bc39484f18173be58c1,0,normal
83ded1632b744d8985c15461ecae5be13b465203121245fe8dfe57f933a95673,0,normal
f067f5d245b94b83bdd9879eb15d880186273cf1952f44bbb2a45e2901fa4348,0,normal
6ea8f46b2365465b8b201909c0b4e5785b81fecee8d24b53ade0bb8513deb963,0,normal
5036342a128c485ea59e72253c3903e65e36a1d705104c0982128e04cccc3b76,0,normal
a1b884551fad43b2bf9e425f625852bf597fadbc852f49f490abfee70f0a2b19,0,normal
5d1777ea625341e5b300592ff3986ddcc57390a31fce4c19a07727004ddfb095,0,normal
b8c830309440405a83b0a552d86988b5c0bf5c760e9741d8b37ab88f8fe109b1,0,normal
5f9bf1d9e96f43c58a67c37c827c895c41d8f8a941b54546a45f5bbd35bc2e84,0,normal
69ed415b2bdb40b18561cfaea3725c53bbe36688e85b441fafadd5b160b041bc,0,normal
72af05f4eaec402fa87a5fcbc1cdc08f7f80575649444b7abeb2752a188deb6a,0,normal
9c4a7f1957dc4696ba5e26e7bbca313ee366d0880a344be69d70763d2a49097f,0,normal
3b4693008cea43e7bb27ff846e14b065582f1fe8a97d45a0ad7489bbc396cdd5,0,normal
0e684df3c4934652898cad45c03b8ce72dfaefd6e64b49bb879c28028486e917,0,normal
d3eb5e19ec064561848a1f6d5bdf54e4f1d16472ace8427fb57cb87b5fe7e587,0,normal
f0fbfadf04654e10b4637dbdce4d65c5fe89991e6d0e467ea6165d8e3da21ce6,0,normal
c23c4a555e1e47aabf0fc5c90c75b0c309464e96aeca4f6d819fb5392bd9108f,0,normal
f19ae5b4ed864c7db069ed8ff6ac5cd738bdd1925f6d44acb62d489be88719e6,0,normal
2ea3b39d6eae4eb0ad0adfa53a46c20d2540b34dde5a454289e8e285e7ca5165,0,normal
e1e149fcb650490d87f4cea670fb80e3c7328159ba2f47938c2db19dc52d056b,0,normal
023d3797f0b1431e97e35aeb531539aef842b9c0abf149cebb1d7cb1689a8cf6,0,normal
116e5c188f704b20a3913b02213888e67369fa691d4e46328d04e50bb3df1f57,0,normal
2330d13cecb1459096c8292baab02f5392b76767ed19420980c1f222e10b3f06,0,normal
588b26a65e744b90b1a4f6a7fa17d486752c373164684167bfe60e67425fc524,0,normal
1c8f5bd8a18f47948f8332ea797ae3c482b2cd1bdd9549d4a75a5f165f61a119,0,normal
e0a879e69e734037a0b342f4d2e4da37de418c1289014b408a88a8c48694f1b0,0,normal
27c798902a4442fda839e26626973814ba07e90046fc497db24ae58d208a200c,0,normal
a6654ab3d93347f48ba3b77d4222e4e2316d404062c74713a8b712801f7944b6,0,normal
34b1bf190ab146d2ba45158fd0ed0ac14ff08fb586a047c8af6c6e2b947309aa,0,normal
63479134e66c49da9c44a65523b2b7eef79e7079b3c14cca8eba420b38af1859,0,normal
0b26b5743ed34534bf535787460adcbe6e02990da0384c83a5b0679a198e24a2,0,normal
3c7027369118482490fd9c6288b3cbc4924d4ca62d7d4cd6936b7b55c28d61ac,0,normal
0ed11d65050a46d18cc5228c3ec1b1d1f20d9b094e2e467492747a89aa989f54,0,normal
0d41959964e34da6b87c99dc17b78ab54750b6c5c2814004a20f3fa6654de13d,0,normal
9dabfa26a7dd4bdcb17bd99fbb7709741536c381ffbf4f0a84acdd4e94b16a4c,0,normal
38592f6818744b8992b1a41044e41ccbe9add1bee4a346a1bb6dca0eefacfe1a,0,normal
899b88b56727408aaa49f9fcd3bab2770020e42042b14a76a0fe990c70ca229f,0,normal
ac708b7d6a9e4a4ea9fb64179cf9c5ca6182d1f232ef458e9eefa5d202838a86,0,normal
cfed722a5ed54f8799a146bfc060ec42c27ae6f850ff466da4662e27e9136e94,0,normal
1379e1748a56498b9e2838bdc83d369dc34182ff770846f8973e4d15d57d3d7e,0,normal
a7fcddffc91746a383feffb8156bc5c9cfc6179f67fc4742885cd5713ec7c477,0,normal
e13d1c534c8e4dd0890ca0b4bd6d21af564e6fa86d2d4929ac96e68ef8a938e6,0,normal
0fe98bc9dbbe476394b4fada588ccb895f05efeed20e4e6ca6da03b218c0f72e,0,normal
24e57c149daf423eb0416dd41f957133742cfffec5ec41ad918424ec079ad153,0,normal
11de7b2985e5457dac966d826b9fcd2d34d70854a59b4bb0a5ad53bada151e94,0,normal
55eabb044ac8450bb5884c394e2b369d17d7dda06a384fe9b1a74bc38291a03b,0,normal
c43478a601414a83999e493377748e9bf25314bdde9c4e72b10172035c426f68,0,normal
86d7d6c85aa046de845ec9b7997e162f042e51c410eb42caa12a9519d17ad31a,0,normal
b1d35333bdad410bb6fc571a419da9d7653e46560725421bb514dbd999523bff,0,normal
dde7ae5017c945dfa17c7a6335f94620305a5a7b9e364e72b0657b3686b9ca37,0,normal
8e2cc268df7e4c1cb4e8017be66d7ef0da97f9b858314438abf5f217eb14d211,0,normal
7b8340f6dda14f148c887e8271dffbe72822b9c9ee4745bfa0612225b03453cf,0,normal
81adcd9597824c08a62875f948a60393a264ee2c5a2043ac89977f8cc22042e8,0,normal
2446aed227ca4ecaae410069da6288bd33c8e848408944a28026517de6d6eeb4,0,normal
2734c7e4f3a445528b7674e54d04675e47dbe2e15406434396326106361eef0d,0,normal
1dec7de22ded468e9304a6a913c30854cb58405bc4c14bcf8e2ee3369525e71f,0,normal
472c1f999d7d41dc93005a89a3b7d7f7b318542bd81c483b8663f6210eecfa9b,0,normal
aab879703bfe45e68250cc0c05a2e324e604d9f6984a433aa28fcc5819e35c61,0,normal
19ee96e6c7c5499da82b119df67243c3cf7a20bbbf414545af3485f267c9e295,0,normal
1cdc6598d2aa437bac5061d7f73d140ac48160ab8a0b493eaff92940d6ac8970,0,normal
0c43d5ddf936425f84313e924b1a279eb642b4293c614bae932ebe10f1d9efe4,0,normal
64dc2c696b3347e1acb3822043f3ecc81e863cf1f9df48c9b765710e2d97daca,0,normal
860973bf2b3e43e58f7329ff5b417639c97aeffbda404194ab8c2e07a0363276,0,normal
9c48000af2314fcda428f86ddae6125013bcf90ac6d54026b7fe661fb20096c7,0,normal
d0f6fed8f0de40c6a553dba6257ddcb3ddce294a1820468d97792cfb01fbaff6,0,normal
2a7a790431b04536b46321b4db46dcde40dcaa5dd82740a5aa732124b69d823b,0,normal
b3f78202ce274babbd925c83c6b468ef3c4db1535f67492e8bec4622213cb4cd,0,normal
ff97ade682a5484f83863dd0c45ea2650f85779410ad4f78b0bc0da1075130a1,0,normal
318f382018b84fad9ab4ed2e82b51a8a9eacf39fbbac480aaf0ab51d9e0bfa43,0,normal
634b205f782840fea1b71a5dd7c68636508298d9c6e74ea4887f9a19d21aa381,0,normal
7be73b52422c42a490bc299954fc33b889d0ea9b881f48cb8cf7cd1677cfd1a9,0,normal
4d007f3140c84a3782d074cde527931be80486c4d0244c8b9d81d70396f66a93,0,normal
6d29fd447fb443f78680d28f75954455927876a8b18f472688582589f3d1ef7f,0,normal
63ab03632ed34e28aa1ed8f55835eadbcbab2f59eb644d768df508c6a7acd458,0,normal
93e8d1cf29d045eab6a61a129abbab9481649963af314963ab8f1d85227918ab,0,normal
189978891ac04156980c387e94511b8232106d227bbf4cd68d9442cfdd805e9c,0,normal
8a4412cfcb1e4f4288922fca23800cb892510b1b1a184fccb1e31dd936a77935,0,normal
146639c2ed2242f38ba8bd4dbd8c7fd81eb194755c4d46e28be571f1108abe97,0,normal
d674620dd42c47cf87f38a2d2960f79a961c8c8bf8344185b8559ac30b053d0c,0,normal
2ab868788278442baa26da5911472bd7deedde96067f4c1097f695f6569c83e7,0,normal
7ff3a6a85af848e080c763cbc66283db4651ca4f9959417a9ff3c15ea72cd1b1,0,normal
0d62a56fb50e4784b581d0318f1cd182ae74ca5e2f8e457eaf654ef6b68445ea,0,normal
7f7dd0c1dc9f41749911d4f57843b89938b4d025a1ba4d6db53957f3c95b6149,0,normal
86007ffdcc2641c193da1d2ea62c0d6ff48abb66518e40cb855e943207108fdd,0,normal
c0bd06cf27da4c659d2397b6409b809c7d6b2a0c025c4962a032ca805b354f16,0,normal
cac6a544d7c94f6d93addf7883826d1459253769718d417d921466864bb73194,0,normal
a074c02b98cc45ccbae34b00ee05bbd86e66e31b36034ccf840bda4904a85a36,0,normal
06c9a253633c4dfc9e83c27b1313bdfec281dbfe7a6d468997b42f1161b93e11,0,normal
094a7517c4eb4aa5894548af7da400a8bcdf7e1207ff49219c9e0a41de251e59,0,normal
cd5e3609d9bb4533aa2ed9d96ceac344bbba0f1c98ee47ee9d124b369847ae52,0,normal
728ee56fdc994d5fbd493f8694ac4fb139f34b3fc2cf476e9992adb0143b4f97,0,normal
5f0acb3cd81540039cc76861696cdba56cab540713434f62b41bfc7ebe8a60e5,0,normal
3c9df8dfe6994cac956c88ad68fc4fcd1a64c0d23ac1483a8331e257d8bfb2eb,0,normal
ae68f7f9cc07438b83d543aed6f7409b41d2954661ff4bdca12cac74bcaddf1e,0,normal
c71cdbdefbfd4a038b66f3a133e99f435d2c03812dc141c2bce9df65ef785ff1,0,normal
af70178010894e609c10a507127271c7d4409a9b3f774423bdbeb6be2fab3775,0,normal
9571a65f10c546408dcd5b9e9b65efc93ed9dfb5fd11420ebe2554da2fd42e09,0,normal
d1f0fdc9b57f4d208920da2fc4b2112240e8971e41b54703977a788d9979c066,0,normal
b6c5dbfd9908437893664c59e818e05991773459712f4be58c1dd729daf34a51,0,normal
0bb5aecdd53e41dba98be1d4c15bb135e30c162440da490aba635b5f9aa53448,0,normal
37acc869c33d40f3a8087f5aac3f7645e66b681c68e44e24b4119a81e184aa35,0,normal
34db044db8634d848deda401a94cb3943b7e383d066d4191a9f8231ba9017d00,0,normal
90968d20fbcf4be7915e9f3ad44a75867b73400bd3074a6db151ed38bfca3c45,0,normal
3f228332488a40abab301996703fa92dfe8bedcf2129483b855e4ed58c840290,0,normal
d304465fbe834db7bd4aaee8b5c5a9585e5ac7e8a640475f812fdb9fb0950320,0,normal
7fea2a25f9a44d369bc25296e49952f5ddec7c1fdb854cac9b056be06fd419f0,0,normal
243ae4f166ac4987b63a57ff975cc14fd7cf6cf6ffb34de1842cb91059a26771,0,normal
6642f84e10ea4ac1a75507834fa29cc53a2a1ac5de484c78adccefd4daa922d3,0,normal
5cbc84bc17934555b00b0c3398388b2ad9d2a04fa83d41cb93fa9af2bf53b1aa,0,normal
25012e3e5fcb461194b4c8d462f4065e31dbca77e5104ebe9a3936e1197f15de,0,normal
a5c94ca3223d47cc9845798fe1f183c8d80ebcc82bd24a2f87bf856e07366a7b,0,normal
421e442d837b44d0aef63d4982dcd78959cf667eeb534ac2bab5e618537ffbc6,0,normal
4d0323bde42445019bb72c45042a85bd9c0bdaafd6834fcc86a64e0d8d06ccb4,0,normal
d0a022e792a54811ac0abf18146ade3e4fd0c51f140c47cfbd1692211784cd1e,0,normal
597e4a031607405f9e7d64e1ed074db77611b03355c548c9b1edb6528ea38049,0,normal
c6002146fe4e49659f573b1e80f73e13f9fad22187524ecdb86bde3a112d47bd,0,normal
a40544cc4bd24ef3bbdd761db5d46e6c12883f66b5b44524a403a1aaf095c3de,0,normal
6a3ecf8c221f47e0ad4b1676021c6bd9f7ce5272ddf34fa49fd41ac27c4356e8,0,normal
9b61079f8b5b439dab958e50e344f3ecc26fd094da6747df81b3c0872a5f65a8,0,normal
e6fbc90ec20f407e8efdc9887ba57c70fc9e718018a14591a6360507129babee,0,normal
3eb1bb19814d44e3aa2e73229ae76366fb46c9195ebb42cfb9d852a9bcf6429d,0,normal
6a8e2e6276bc42aea466c08a93de78023d1bd223d8a94639bdb8697d3c010830,0,normal
c77badd4c6a348c1b584031c1e3c2e4ebc04368553b04c119f9263ec0d175738,0,normal
ca6c7b385e184527a9c15ea09019644800a6ea8380b14818bdc7a86d87c545d4,0,normal
7271997aa2c14aeaa11cc0db475b4ddaf91f765c7d1344848fc76dee37e4b3e9,0,normal
628ca5bf16274521859f6a35372418e50c453c3f5e8a4a4fa0128fd36590851b,0,normal
34fdd5ef511c452d8915334852dd4bc17a114d27feef4d10b0ff7f13d8536849,0,normal
68c51eb4cc9a4550be77e8e475192fe0569f7f4b688d40fb9e6de5b94d6b3a72,0,normal
21e84dba81f647738a7341188cc19db07922817c89fd4388b9cf7cb9b38dbf23,0,normal
cd2079fd7a2b45f4af0769b0459b2c75ea335410dd514e3d89474cc86b3f9a23,0,normal
8667b0f2097a4446947f16283886e632b6a10c18e3174d9090854ffbc918ed98,0,normal
ae08c8be2c764708bb4fab273cf2aa808f3c9181858b49e4a6eb14e93aa80a15,0,normal
c56ec667e87f4ad2908192903a0dd3ee4b27b25779d7438b9f74e31b35765c6b,0,normal
4c22175de291490fb685d6c3218e782f8617b984d91f4085a7b2e8ebe5475f18,0,normal
e3133fc058bc4fb49cbe2645c4d8b697b5396c0192464a24854bd1efeb506c9f,0,normal
aef4afea6ada49019951aefa0a9ffc7b6e7da92ae9b9425686082be6c761bc65,0,normal
2a112c6a0fd049e7ae5a768f4993abe22d608a531fda4ce8857e79f3f5692753,0,normal
087cf9449b7345e59f09811e2d95ff8d8dd54b9502aa408197f792212d1b0000,0,normal
c92c3f7088d24e8e81ec5edbb966d55fbd4adfa8cc574bb6886c462ec2e7b6e1,0,normal
b76751fe69d741948140ad26bc6e9a1f1296d59af5c44bd8ab4949d361d4392f,0,normal
bae4e467eb954136ba07360549a9e7ee4a3768054af24582953e0d8342aec5d9,0,normal
c890b5508c4c4ba8975c4eee532995072ba65a92a6124a61a838e4fbe4de4421,0,normal
22574e9a7b7a49ee9f7008f99e0f3cca9010e5d774324e58bd1194289e5c2d1b,0,normal
8b446c9dc3c641a392d6b45bae8b3617cc4ef5ab6e014a6d9e5af105acbe2656,0,normal
54d5ee9d279f45cfa22bb5aa66b6c86ce667665883f248a789cf1503c2bc825e,0,normal
322eb3b96712414c835f60b9787bd2856e01dbbee7d34db29c204a4c36fb6b45,0,normal
6b8b1e7a0e9b4dcfaa48fa84ef318b75d8549c787c9c4ffeae216cea17ddcd5b,0,normal
68049a710c384c9dba0f10a6f94da7716425ab5c44fc40b78f0bd93c6cc5c152,0,normal
86f308e65e0a42e5bca38c12b9e7e2834558d07d587642c3a4bc70added013a6,0,normal
4c0ae5d614db43c8b49f93c8acc62f8b2e646a6b76cc40a889e09c52a925d5ea,0,normal
f33e812373ed446ca56abd2638c92ae7e7c2f0835d3946048f21e535699b5f49,0,normal
634c53a6624a4c2683d692b552826e88f16280626d2942d79aa1696cb9fcd511,0,normal
e760ce453f8c430ba0e61aab56182ea0bf8893e2ddac4c3daf19da9f580d4d09,0,normal
83738618aae242289cf1f83d2aeb702f7f474932a110430e80df9a55a24113c0,0,normal
d960b91ed28c407bb424b50edb76013131db261a43c54c39836746b831abc4f5,0,normal
e27f6c21563540cda2063a02f5f11baa029233b5ffae41ac9d79f5e2360854f8,0,normal
20221b052a0442d5b1dccf1ac4b264a2b14a3dca51e24d0da0f44484e37e7aa2,0,normal
78a2491386f542068d646527620c10c68725e9c1ca8e4367b785bca8a0f7fa6d,0,normal
569820aec0d349afb9f486a000520e5368ccf1762ffe4502b980ab6520043ee4,0,normal
1cf18c0fab234f8bba7150af11d96cdde743bcc3860d4693a8a0322173dac575,0,normal
cc12084a34cc47c9b342be3dea30989e380678d68a954f86a413548818958d23,0,normal
7bcb356267b04273b602e0133c5addeac62fd0bc4f2647b0bc4597334dcfd50a,0,normal
a46521b8f7c141f488903f6c04c1a2dfcdb38672652a42fcafdf41345abdc88d,0,normal
d9dcb84bf47e40ac86da3259a2a9f9eb1173cdd354384260ab158dd88c1e5871,0,normal
f90054609d9a43c29413614d69bc90d04c8306b7e2a14f73a50a7555bd3e41f4,0,normal
9abaca7adbeb4d72a1b57e0e9782bccb6980aef0f3984ebcbdafdc0d065acb86,0,normal
602bfcabb6484d2f9dc5e968d8bae3ee0f5f46c4ae8d4094a13a44fad9509d07,0,normal
ff499cfc37534c23af7cea720b1fb697d584f5df3a6e4b0394cc67db571f646b,0,normal
4021ac3b9f8743389520aa4086abb09c4d7582b850a94312945ccf7753f0f9dc,0,normal
6a8f7c6cbffe4464b9f79435382171c01580c289e14a42acbae131f082379311,0,normal
a04318e65b9d43e2ac30d100b8497545170c2b04092b48809574a3f3093d34d3,0,normal
14b15e9311354a93ab14d68835d3dfed96c2e9ad8f84429dac70d194bd992997,0,normal
1e5c35cc769545cfb160f5725a5ce8c186bf6c1627a84f57a2a16ce8fd7ae42d,0,normal
ecf3c4c116c94fdc9026652413ca518245f5bbd4c4884943922bf9100ec44944,0,normal
7fa1bb25fbaf4e9ab9bfd33904ae4e6356003692ed8b4781967d5e6f6db89836,0,normal
6c88ca1fcf984119a3d0ed970fc3d1542093cb89ada9478aaed394965cf2cf1f,0,normal
a7d0f1a1219d4bb99520160f9588be5671973cf82ba14f15a58d001307b23a74,0,normal
4cc83e343bd84dc48edf7c6b9ab645687399e74535af43e69a11fd90f5443bb3,0,normal
faa916e6bea0472fa930b8431d94f2b4735455b2f55f48b5a510517d1e619048,0,normal
c998e25c652c4cb28c9a789baf7c5f9f89ec8bcb860e4193b5f694d4621e358b,0,normal
9b507000e1d54e35b7fa50817454903c1c5285f19c494b73851e8e1d32ad7584,0,normal
4e5f0e42ab5c4817b803422fd8a73a738b3b3f94866a41beb3cefbc406f69be9,0,normal
307af9d6b3964251a57065aa528d40c72940c94d75cc4db09515233ae55f6733,0,normal
6f4cd53b3a5942d6b2933bbe170c3874d7026f2c9ca64d53b1e4601919f11a63,0,normal
f142222b6bb44f82bc94b3495a29aa408954ac32468a4990a311a70799345a83,0,normal
15a756260e9147d48af4b316ca4b13d104889cb076ef47bd8ed91f1385e65c2e,0,normal
3b3f6c93f5dd4953ad608532486aaad51ac5540675f140aca1c349fe6e320ac2,0,normal
d92c0eb13fda4e14aa8aac46b28eb7aee2e7ad6481fc43e3be917e8a1fa63241,0,normal
d9a99a879ad042d18964fb3d748f74d5e8d93201a8534c76a579e341617dcf55,0,normal
1df540e151f848f989ae79598978dc95cfab472d5ae74d138f082b9cf8995694,0,normal
693db5a821c349ad9d91f6f958639ca41bcfa6281a5c405085432d25a64d5e94,0,normal
d4d3ec2c22a544799b1c25a0ad743a8693ff951175ef48c086d2f350846dba55,0,normal
ec82b25f669a4641ab10d795a12cbcea1e53983df6424abda78a1247683cec07,0,normal
4085d3e63d8c47eab7ada61d118ecb0cdc56c4eb21df469f9fea5ef5d7e6805c,0,normal
058fc2f6cbec44348d361c257bce5c9a782155bf4c4e44d297e6534d4216a7ce,0,normal
ab7cc454c6b9491d809acd6de3a5d0baeffd5cae1be24d039e18e30c096a22b1,0,normal
8e2e50aa3c1d4e91ad8ff43842d528fdca54803fec534017850f45a354151a2f,0,normal
0f199bbf7af649778993518db9a2da2e8379bf6a6a054fbda2332b92f8ee4bd3,0,normal
b6afb4902aa14d0d8270b34f5def145560e65c63b668479e881b14bbc1d0ab0c,0,normal
852c6022f38a402cbce664f6293f8987d43c421254074ef4b301b9b5f492b81c,0,normal
c9cd61c98c5f43b189fddf12a42bdbeecfa6b21648bc45adba5a975268a48361,0,normal
060ec2744ec0482e836a3829a8aabc5b9225a321d73d4b64a636ea1c500f1d7b,0,normal
3247d6623a144c2ebf524555c2049065bc6c00f5dacb443ba819ee939a6aa50a,0,normal
00d8afa3b1a849bf96c26bcb7259308d0f7a1f223e484dc5a66ef906e79fd72a,0,normal
154c0c90d04a4c4c8d2c33f5812bbba1332ab45928ac4d3287c7427f3b48d95d,0,normal
5ba1df145c3f407ba594cce96a5fd720820cb6e8b44d4004a5d0d8e531953ade,0,normal
f0c963183353434ebe55899415841ecdd3de3efb94794fcb9383acc11564514c,0,normal
0dd14d9da4f74d73bb86e36814a9fac29fb62861c4bd4790adc5f826546dae4f,0,normal
7d0a811484ef49b286375f6bebcdb2db6562e1ae8b9b47b1b80bf1261193b52e,0,normal
532559a319574c74abd6b006d708a2db668a005ee8cf440ba24e544f39820410,0,normal
c2080db4c27641aba88f204b94f14ce394b21134a17a4e3eacb078462fe6a699,0,normal
9a0309f57b92473e88a0afa4c2c3b35f737e509d6d68482bbe40258c8db851c5,0,normal
47c23624c3e54f4eb5738721f5c36d518c397b8045ab422f81bb3b0b5a34cc73,0,normal
d01769c9d9f844339d40d608e3eac9cda5ee968c23e24a50af56b0a762b5daaf,0,normal
91bd1b56c45346488e6c4d47cfd78052786a9b69d9024565a649919753ac6ae1,0,normal
50c14695343e42f984e79782da04a627b987e68b828845e88eba605a1937cb7c,0,normal
13884ed0e0c84ca7b4a0e36e27b020c37ce8fa9d51d3482f9b406c7e1a4aa709,0,normal
a36ba7a4534d4e03ac54737d9ca165c440c198abb785436abf6a45f06a99cd19,0,normal
9cf83a30843f478d87278b8749014832d93d68d676634a85997217fbf212017e,0,normal
2d76e2d300d94365b832d9f017285152bb858ac55c0d4d6fb92f4d3f58004fb6,0,normal
9885fd4e418f40eb8340577a744ff51e27746ac65d994ab39704521e19fa2769,0,normal
dad873ccd2624a68a43d850e1c881529c43c4045f7044a6ba81fc4470d56de2b,0,normal
7e42888fc6924d7a8e20523383294441229c4b00af1746ffa4cbe071a5708d87,0,normal
81eed237d14b47bf87e96c665e8864fa0143847766c14f46a3aac862abafe3b4,0,normal
df6b2f9f047b487ca30c7bfbbee12928778fb142e59b4672b4d10126f77ce1aa,0,normal
529303fa4600493bb55d4d1eb654bfbff23d129b9e82426f9558057e1f52f707,0,normal
5e0f2992cf294defad1f9152c81f12fc1475d58254ca46629b6878057726282d,0,normal
f091ac6c86394f3bbf9d410d62076509c15a731e013b406dbc43b8e3dc49f55f,0,normal
8b5c58fc89744520ba7ba24bd8412a8185718a2bea7d40009e450ba5bafbdb06,0,normal
f3c61aa1c1c64f1fbacd622a55ea179d6e076b3321cd473cbe512fa1e0c07f41,0,normal
e222c743d7b4457a9c4ea4b14e063dcf925447f052e44c608beeb3a71a223aa1,0,normal
e58179e4f58d49d485a2e76ea12ad5d7503dcad1d545457a94b87fa309e77bfc,0,normal
57810b5079fc4ecaa68fd0c71fa6f3f8ca5ca65d90f84df7908d394ff98ccddf,0,normal
cbee850044014834b8668012c84b89db02c8b1232b7d4aaa9c21930130d87784,0,normal
5793ecbbbdb44eecbe17555a63e74518f30645b44efc49d6b6354a792f1ae49b,0,normal
9aefcdbca4a544a2ba9e13481b1e4df49aab3cfed1d34c03928d8d5b71cd216e,0,normal
9d9920b423b74d5ba54afb207d077d1140bccb3175014d24ac235e261edb6474,0,normal
3cbc143895e84cc3bcadefc935b88bd2fbf09a934ba442a7a37c20d597c28ca7,0,normal
1d376140718546ae8e0c84a7c3bed4fd2eaf5e2b01544dfbaa239db10ca926b6,0,normal
3d3328096d4e4c01a4e0461dc5aca8117cab7a73727f44bc97d267b718579b9a,0,normal
538e0b03aed547a2bc341d6d55821f8f8fc8d769394a4f06952d2df221d2b781,0,normal
6987cf826ec546b7b0bf990ba3ced2986d372fa2b9c94cae814bde0e1a277292,0,normal
35a0536d305d42bc820e397927edb88fe6043c5c365c47b3826a900ad158f7f9,0,normal
4c3efa05e5a0456e9d13242d66fe0bef22f625f722ba47779d2c1e27b53d0274,0,normal
02284ba7ec8e4959a5e977cdd83e43b51f3c4e12b84a4d1281e9f60ec5750021,0,normal
5b5d488f21524187b2e0f7f5e511e04dd126ebbf6b774331aa88b41f6a1390f4,0,normal
891b81a26cd54e179fe8fd1b3ce87e4c9223e73070454896b09a661b30fc836a,0,normal
8d070d99e95b4b9f8525580dacd5dd52578283f44e7042a5b466190666c0777e,0,normal
de8b74a14c684497a55a8afded5e0d00b12c48439f004c53955171c944677016,0,normal
f5bec9ecb9dd4905b26ac1e429c03bc6aff3c9f57353492f8e002590f75603f0,0,normal
eb6b67323bb9415bbc1f87ce13d0f17081fe8e31e234480db14cc7d2489f8bb2,0,normal
46662bb62f1341e69218cfd9abf83893d4bb957a12f14c94983fde83b47e3581,0,normal
a71bdd18ac7d48beb8652a1788d948f4d35d8d83060d44bc8c9b45ff73d12e1f,0,normal
a1ff5104c5504c4fb339be8cbfea94dea1fb7242481249d48c24fc993bfa3a31,0,normal
adbfb20e54ca44ec8fd872af60d51ed4a231a4d0d71b4ee5a02a9368d548e7ba,0,normal
abf819c9ddd342c59f4b46923706de19d7e4e0b533a240f58077bee01205270b,0,normal
060e004daa2f4166a824813ef9f0e2ca28f4bdd5fd6c4d15aa6a9bfce9189de0,0,normal
3387d1ec061440fd91b111ebe04be0951b4d37936a634445bc638a11b4be11a4,0,normal
19aa6be2229246abb3c927685e2d72d28b4aca7b34774278bcadf31d0910037b,0,normal
314f9f1759114b74b2aa2717ca9ba6b6f4ec24cb46ea425abec21e67e8d86a32,0,normal
2df0398161304c6d9c2d5422e9736ec2b9c7c05398934fd2aaa93e6669d94121,0,normal
20c78aa2a1004192aee73fd9eac0507ee02edd2b5c244465bb050462e6582d28,0,normal
5fcbf1b0805f459e84407704717e871ce62c4888930d4c8d925e810f41003df7,0,normal
768d4ecb7cb5496085af084fb3d524406731138913ed4e74aa59689725f15a59,0,normal
94ba7fa6edde4925bccc76addc28d05195ceff95a8e0407e970e25145f8e74f0,0,normal
151ab12ba74d408abcd177da9716f2356a12be55fc1047b683c75ac267adca1b,0,normal
da6650d42bc5413598f1cf27259ec98dc8b7af7e6d8a4dd7bc36fccedae831c5,0,normal
66a91205b6004607a894605375be2de97440dd6dbc48407fb723c700cd06c249,0,normal
c1368b1e2a0d499c9202de99d769654f87c6d71641404620a716eae03bb9581a,0,normal
f9f64ee8fca44fbe913f3122fa267ce694870b777cb94c40998f3de5e8981a0b,0,normal
f3af2b3fcec44d67a4f5e62006202ab902d2a001eb324979b23e4765054a58ef,0,normal
08673822abc24f01bfa70419dfd1e39af97b00c27d3c47f6904c2a0c66c906ea,0,normal
31e8f839f115457bb570b1d6b97be3cabf3dbd74f38045afab739595b0882722,0,normal
9e51e26290a347c5a4ed688414663134c87a904079704e3d9e47717245f39db0,0,normal
8b1c202a062c4ee387be63dd8114387b9aaf26ac1ef44ccfa97511fd95d8d4cf,0,normal
97a5328e5c0044f3b944573888ae62d2d0a22b0ab24a4060979605f1d32905c9,0,normal
0e365bfd62324774a30d0a4a28254542227677f07a7742d1bff2d9fa9e5b6a94,0,normal
4ae439b847dd45d39721dcf4f5c3f3d95bd54f0eac224c09b7e7157e61953573,0,normal
c97dccd59c3c4cefae8cd2bf0c0abddbe6e07dad62884359ad1abb2220b911d7,0,normal
844b85cc9acb419d968a107c366b7084b8364e68918c4e12b34624b51051df9b,0,normal
d4cf2c6c0ead4788a65800537fa87d9512867180ab2a40ce8fcee8e1fab6bf23,0,normal
dd90568978ab47cfb793e163b4c234ffba53f76fa5044b9d99ff96392504470d,0,normal
f7b8035c92b94a1baa862b986d6f9a5059cc90ff30204b219d7def46d125a234,0,normal
e1f2043c247a4235a3fcc037099e622179376df74dfb401b905e9650381511df,0,normal
62cb2df97c77488ab09e181c5f14985a2db2d9041c89487b9a4b80ba1dbc400c,0,normal
14e886d313f444708df1c6eb4fdb69fe3829b8aac6dd4f50a8373d039c593796,0,normal
8b1ecae7ff034e4aa3722c5b95c13fbe4c1baa5ff93c4a3dbc5c9e873323c276,0,normal
51c0cf4849c848d6ab7b1c6c70f9e4833deaafc6b21e46309ad0337fc9b59eb2,0,normal
427e33b6ce3f4ec5b45d727affa1ba0ef547323a66c140839d0409272fe6763d,0,normal
2d78e0a00585465da1f65ec39c390d3570c4906e78d146138ddc369c91fbce98,0,normal
06e426a98bf5438e99856ef3ee90bc41aa843271b0334be7ae952ef61309497c,0,normal
dfda2a9a1d66457f9bba561f5bbc17ded2409a031ecc48a09761563666d43d98,0,normal
55b321fcd2734d4ab64ebc8a30da914b0b2153cc20034f69a656e92ea6df330d,0,normal
a7bb0f15ad4148efa3d603f14375e74b457989efcd2b4cc296bb9af3ada49fe2,0,normal
5fc5a153888841ecb8eab7255395d5311925dbf6c06e48568c3a50b5e43e3cca,0,normal
d5c466602ef8475d8591f43db3e755715d61f8c1a259441aa6f54dd67eddc0b3,0,normal
264571178cdc48eca5b79ed9c1490589ccbecae5b31148f9b7f631148b44e02c,0,normal
6c557b7cc6ba4e29a9cc60618fe56baa3a8f48df31cb4921b4a7a5351996f0bc,0,normal
e457b50b256146e28627487e28a2d69b03a15582d67e487cac8d7af640bddbdd,0,normal
c20bd0b2334b4bd2b3cf08cdde7540ddaecd9a100088470a90dc6cf54bd470d3,0,normal
d3eecc389dde4d779060a16cbcbd3f2546c71dbb6ad740d09073ae4a64b2082d,0,normal
b86de814c8da4a9e8940de42b2ea9012b6217164eeb74b60bd296213e88a09a6,0,normal
e692287e64f04e5f95f7837b0c0d602d6bfff022510a4417b6c99f70ff049532,0,normal
a3deaad82fc4472497315b05f941fd922c25752244f14cde8115001674411482,0,normal
f23e64f189ab43e396314c19e742487252d42c4989d94ee9b79cf35d7f077bd0,0,normal
9d9fa68b6ebd4ed6976127b8134c5d76d70d252b6f884ec7b2b1fc8ade7522a6,0,normal
c6aa511d76a5408db6f575c0f268cf3187aaa268ba52478ca9342ccd5d1467fc,0,normal
4e5a8463a56043f8917346461ae4c1cb661458e253cc4b1abeb03d7213e52455,0,normal
d009fbe31ba448019b3b1c29cbfa82eab7f2e6570f5e4720ba3a099f92dbd573,0,normal
e857f55cefdf4a108c48e1e5b65cebcf9ccddf6f6c4040afb56acbf19c92b8ab,0,normal
872fb84dec324a2585a1cab62d47f78da47fb0b1dca648c78113c69ddadec00e,0,normal
9dde4989e40b484482eb7cca21cbc737bea6f26caa3e4dac9899b3d480026881,0,normal
312ef9ce406640bda8e7769cc15bae3818ecc51c3567464fb6ee96149254252f,0,normal
a3a42ed37a8b4af28d91d21560422f4eba940151e54043c49d09e5e9c63b868c,0,normal
976ffacef67a4521bc81ac35e803addff9a439c92cfe46048e92deb502865ef8,0,normal
2f33d3722e6e4751bb0ed42587d24cae8d31094bf5bd42b183924b58a8c062f6,0,normal
d1b8f24517c34e7aa0a1e5b5d5d32af804161c378ba642b7a08b3eab2330c9fc,0,normal
f85dc9b7b9a44b4ea73a2c3f0cd6609b9041dbc18da34c14b23cffe557b7cc0e,0,normal
2bebbd2263ba428cb647efe3546d02ae7cb27b9a26414fbaa60a3cd0224282a7,0,normal
1aa7aeb61f904da185bc19ae2e953a694f84265597494840a5a8085fdd557676,0,normal
23c7e0a9f39f41198785d51c6b0b3d0333373e970d784191a529143818cc92aa,0,normal
5b553ec16734463db7df8bc979492ef1e2ebe6516d2849e2b6e2d1252650ef93,0,normal
4dd435926c714f479d97e7b090bedfcd1d131e516d2448debfce74ca2d25e2fc,0,normal
9b408b0a222e43f8b257bc327bd0e9c61b277a1ebc7f4d13b83bf81470f8f3c9,0,normal
ce7ecd69bb664bd0ba6daa693cb0a54b192c7f2535e2436b9674e31664a40e0f,0,normal
83a59f994e1c4b6aba632d9f7fd5d15b5c4557d585624aff8b1afff1c567fec9,0,normal
3cef069afa864e1e9455bda6fa3d69082a5a6fcea01e4d26a45d224b0728f601,0,normal
c63c0f0f032b4340983aabafe0a7379b503b7573ddd346069374e5faa043c5f9,0,normal
0fd5e41002834b3e8f05a08d1e8bd4c762e4bc37a30f4a378e568c0965a1b854,0,normal
1ee50da98b114506bee51127ae2622576b5eda9815694ad688e546d59081ee94,0,normal
70eb6b52e9b74c18819391b6ed239804bc1112be3f804416b61a3aa4d937cc07,0,normal
ff45f3fc7bee4159ad890a878239e87deae17cc169af416aa08e8136ce326339,0,normal
9de0c71dfddb4edc8fe9a889a876ad57017d8fa4866e450aac675e8576adb3a8,0,normal
1b9cfa724cfc4962b19c1028903ea97ad85aac8fd42a4e6b83ef28caf16f396d,0,normal
a0f8c76de09c43a598b0fc463e7f9259ec0e1f860bb94a54be297de03c05c201,0,normal
a03fd4a5d9d44c91b3d7301203c848ff2fe0253890d44490a3069f62b1b0fda9,0,normal
9dce17671751499eb1b8fe6dcb6184cd1e679f94d74f48e9b80645fd3289ee42,0,normal
47a8587add704cb5b13cc99d3eda50bdae8e12c1182b4c028825aaaa3f46ad57,0,normal
e55848535823477b8c948f078221efecca16d5c0dfc244139728fa912c6235d7,0,normal
995f559dfbe74f23a3f142d2e89d7a5661caced9a73c49b48cc5647d573f383c,0,normal
91a9c227fe2449eea6ac847e1d64790d74e928684f40466dad9e221485220e67,0,normal
792de4a3606c47418af02c9b8680f4e8861d9ab3264d411fbadacf5b2db993b4,0,normal
af7b421907534cc5b95bd6f992917c09c95990affd7746a8b43b36f1a1c1369a,0,normal
fc2e428aa56e42f1800f6ad28c92255f143c5395f1c74820bb0e6938dc0f9557,0,normal
11a62cc004c74b7d94d4ae72771f49305393408ff2ae40d5a44d38a7267bd331,0,normal
9f9467157ae940958a0b9035234bc697b64ba1be88cb4c329921a615471e39ab,0,normal
390f7fa8f5c84e4084c62e0f6e0a97a3c5bac07fe3984a2282d9a733b65cf9d3,0,normal
caf1776ddb504eb394f608558fe3325a36bb1f845ecc479fbb6afe68ca8c9dff,0,normal
462eb331ab374ce99c670cda33b2d85e34276333ba2f4cc5acd1c350f3ee014a,0,normal
5cc7443cff9b4ea5ad18cb6b1c12dba06d2b257915004806975d73e91d7897a1,0,normal
baae75ff8f544aa599030f2e91ac80c9142ac6fe97c7498aaf17154deec617af,0,normal
c4119cf9d6c940feba0ed0be1338090290f03c55308e400bb05780b98ca915aa,0,normal
9f643a54626c48439f1f76838790d26371812869f7d84d438c1f49a3c95c57e1,0,normal
85831b08fc2c4014958729457a0b1cad6a8d0d85bc514e22ae0d70dad6c9169a,0,normal
157c4f3e4bb4440ba5d250988602e0b0e492dba83dca45c696a9da90c700b782,0,normal
a6f8b64352804c6b901dc09b41f5a27893a98e95e52a439ea575fe2ab7214a89,0,normal
f4239c6a35674a4d82992f7a5d2100543799f5d28d654a79951fcb42678b0b0b,0,normal
931fd8ba7e1f4cb5b2dd872c86d9d7de45c2cbe0c8f74261bd36753ca0af2a46,0,normal
95afe0d37e424dff9c98f29016a87b43f6ca087afc2142b5a2efe99b68ea9be3,0,normal
bdcb6a147f8649ee98e7033cbb33a31d4bd2d02c968a4af5a1f12ae7ef2d3c83,0,normal
99865c33b0134a36b64b7756dc008c3d7eb71fd5bb994defbf48961f9a4be588,0,normal
68895341d7c345158122402e57e237262893eb53884d464fb0001ea61f04db28,0,normal
73b024a1bb2842db8ee820d5bee59c18863410bbacb8423ea6639ce67f81f7ef,0,normal
71953de5a6e741ec9afee1e92ebfe7058a562b22d6a04e9a879b575118f9ead7,0,normal
57e5b0c585144e6887b7467a90e4e5d8bb4b2182d1b24195a0e17b0c87f8a247,0,normal
663266800db34fdf848d1bd49e4e78efc08a156d25f744619cb1d020d336512a,0,normal
104594fb261e44368963c07dd53dd8b1852ab817de804224aee4a243b6dce42a,0,normal
7d2e92da52e94ad9b99c54ab2f56132e28a0d0560ee541bf9e8b9753b4afb03e,0,normal
0722d5e8d39e4da0ba9ce1765fd97799cf44b37619e5454683d72eb352a2de90,0,normal
470083f7d69240858e86801e20777e770241f5f9585f43e296e5eb387e33b5ca,0,normal
f2e0eb3d7b524eb6a937e12c24090a8a555d8a2c65924cecb669ddc3851a18b1,0,normal
5776112f1b1d43b1952545ccc1af4dd847d2dc55818448ac803756bc95aff6db,0,normal
5655543bc5054be3a51d6b87c43252b212d26dddd17d4891a968f4201ecfcbed,0,normal
65da031e6cf8444ca7eea75b82205ad03ef486b65b4d481ca74bb54a3cc83b94,0,normal
d087dbe496ee4012bf8360d2919508d964303af844994ea7891f1b803e33843f,0,normal
ceefc5fa5ca2413c817e323f157b488ab7218faa95cd4620b4cdfbf5899252e2,0,normal
2004acbef8f24cffb96e8fe1deafcc039b0730f943f34a329d18b837e4dc4c80,0,normal
465e048e87f8499aa02286717243b95326413389334d498f96695fdb0b6f5b13,0,normal
937fd820ed44453598ac930f3d5539d9a4d1e917746349e1919457a608e8b9cb,0,normal
b90770e28e304dc1b447f014daf6fff04f462dfeca3c4770b8985912753968ab,0,normal
6f20cfd3f2c449b8abc03977c19ed4a17a01d7cf6c9f4123967598820bcd4687,0,normal
de5d1f005b9d49fb882ffc961fbd786df26674f4b72548b5b3d7c14dfd454f42,0,normal
c6e15ea269aa4b6e85d6fec3b904bca317581ad1dec242d2b15e6c91d471664c,0,normal
1ebd33c49a284e579807847b6a60b99b42ec57cc198d4d199d371e09c224cea1,0,normal
9b090837bd2145239fe7e225827f79fd1eb6c9a0396d4cc28500f90ce2f050ee,0,normal
ba9abea830fb4128bab26a87e5a5541df38b70f7b24745d8a21f88bde03b1809,0,normal
1f608c9ed75f47cdb52a6981121f74088585fdc96cac40eab65da5e3b03e72e4,0,normal
c2137c46273e4eadb9c170dbd203e12eff2dd22cd9904377bbb807bb6f0993a6,0,normal
620c1685e2644ab1a4b1c1f14a37f55bdf51b6011a6b4b0183061f0eab3a3862,0,normal
74d318db912b49d1afc05a5ca7968f59d54dfa5dffc0437f9c91674037449e51,0,normal
51d5da21a7f24b54a066ee6ac49e6d1e0bd0b49cac0d497b8ea74e9c3722e20b,0,normal
10d46091b3ec4ed097dd89c7bce07b5e7d3195e829c54318a80858cc5f1f4836,0,normal
2b4d492e090747dc9b50a150090f7443895bf8e496ee4a6a8cb164738429fc42,0,normal
25cb5282b5ff450690f8e79ee9f58345d5b49f79fa544db5873f76abdc8566b2,0,normal
48ac271c0363407d997b4c1ad363d2060c5c43c20dec485fba29c3925487e2eb,0,normal
ef730189b55c49f9af47e5d5c9051058a6cca760ded24787b27e6ea8dc8110af,0,normal
a60f74ebc8424f4396d630ae00d93c93971f7dcb4b5845dca88ca2d1f1e96e80,0,normal
120ea5cb119947e98b8798fb29b832a5c63900cd8e54420c8d8c79cf879d725c,0,normal
b54d94f104d04cb49269110d3dee83cd6bf98ecc3da643ce8f0097e59ae4fd6b,0,normal
d59114b48b45452cbe203ff8ed3fc869052af366e6f746fcb2444a3d47facc5c,0,normal
95a2e9d8e3d143a58b937f22aacd91bb416a14dbfa654b0d8652cdc6ee0e38a9,0,normal
af89853e7b0745ea9fe187e925428dfacc4c982cbb024591be81916e57f20dfc,0,normal
f540c3468e044b3dafe086488e1fac6d1bf1d734d8ed4c85992bc26e9c586ff4,0,normal
3f07034e9a514f10b288f8a79b8ddd7621c3efdedac949f0815630489089b21b,0,normal
43284bae944a48739d456535923ce911815f557225734904b1af3326d6c61587,0,normal
cb4773d11c1a418abd15bed2ab777e83421d1ada87cd4a9d8019d5b372d9e766,0,normal
a2adc1f228b042e3ab4067cc7220f59b21e1757e7e1047c29473bb5e33a0d0ee,0,normal
11873b995a1e46509adc061f72e94b7bf4a41eabd945486eabb2701a052944e3,0,normal
8429c810cf9c43398b92466bfb284ebccdd90c7fb5834fdea3fbe01d8f6177f0,0,normal
139604ab92424bba9c2d384f5834539c031c5dc335e54fcc8b1d3a0a375508d1,0,normal
bddaf3182cd14c9e9a63aaf99312f4c6dc5479b1578d469d87f7df19824d6e92,0,normal
4bd1969e541545c6ae3754bdf836789340acbba4f75c4179bf1059c11960a812,0,normal
3f1808b4e9b24502a31c29b9eff35d8c4b1f08ce183b45bda025ac1f570d5e3e,0,normal
52ea839e08f245dfa18622bbe737db0d363df151e3d644ed8512ed26af89b66d,0,normal
ba7a6c27ad114459b762e5b5672ad0b36b4b47fc98b644e6b144d2d15b230c4c,0,normal
e78edd2bade64d62b061f791fb7257922316bd8d72944a69a404cbf51d4da584,0,normal
933bd4ae69264261b7f1605221d9853ccec2b2aa307a4250ac9521255fe91824,0,normal
e97ecc950cfb436dad9d8070c8b30b9d0ca7731c05d04559a9b3133053666720,0,normal
969bbe7be33b40698a9aa6ff93e83e564d2ccf3ae553445fa2a97a0427a35d76,0,normal
6b986b2496b4435390705b0bd5190bf9dbfbe1e6fbdd43ceb973d5d2fa9b4b06,0,normal
561aa767e1eb40979ea7eba789da799c88b9cbbeb1fc4e44ab3f28bd5f2a4f4e,0,normal
49d06572ed1e4b459631c35f1e26aed4e315b1ddb9614f2f849e081ddc09f00b,0,normal
b47522f6a1e54eb88c2f2939ffa0bd89591dcf687e184ba8a0fb53e2d5bce7e6,0,normal
9d5ddf51523f4f0886437bd5ed7db00fa0aaab90e9464e3e92b18b45c7946b70,0,normal
4574aaa95a334c69a90674057c346ecce9f1077a08684d2d8e44080438602ead,0,normal
dd8e9d2ee4b940db8acbbfdb7ccd8228ae8182b85ff34298bfb6d45a4a552fb3,0,normal
2c74ad17068e4503a95674144fffb3c86be34406abec4f06a500ab593e221cbd,0,normal
18b321165c59455cabf5ec0ff7fd9a7c8bb7c797348647c1bc27dcb060389069,0,normal
d62ea32f7cd84ded9dd80ed30d4aca6a613f14ade81b4fffa16b4dcec73ac9a3,0,normal
1479daabf2394909bfb02f6d7d4adff9dfd3061ebfaa48edaf7b438466bc4cc2,0,normal
65dd7c13319e41fca8548272c8981ae991a799f1c57147bd82d9ed7c43443dfa,0,normal
6d8c5cc6a9e94abdb3c0ca082a6189914aae87aa12894ff9a6aea9344b5697bd,0,normal
f53c4009db5142aabed565d7b3ff8f39d89920e1cd0d46eabdef8f94024b45b1,0,normal
4982ac550a444e2db51a40280de93dcabdeb40c359174e85847fc96ecc63f9b4,0,normal
9fcd504d66f74f668db9a39bdc86fb9aebc9d9383f964a218c99ffb3e288a95f,0,normal
8fa8d5faacb44d36b39d49f5226cf3eb816eb941375b4d32bf814dff8c6f0e82,0,normal
f064539a34e64ae4b00ad8f53b764f38daac7b19ff57433ba390be293d945322,0,normal
b8145db20513461d9949c5ad0d996484db6289a5aeb34a66b7ee92a207079188,0,normal
b4f892e49e38455b9c55c7ea1a997b96e53c1c25d158468c8e8b455d6fb8174f,0,normal
cdd2759f454e490e92746257c8cc0802ee95844fe5e1410f873ced701702d280,0,normal
f1b425730dc341d884be72f5a7926ba604f9024aa9594782bc4daacbe625fa30,0,normal
7dbaeacfbc6b425591cb6ec69a0f74ebeb0fdf8907be4555ad9aa918c6aff998,0,normal
2e0c43a18871433baccc67572b39a254e2df6e1e51834da3970a014894d439af,0,normal
87f721a55c0c461aacbc7bf44f4b2cf27d516798b701484e8c7a4b3088a1d876,0,normal
7814326491354a7f918734373fc969f0264524d7f36f438b924fc2511901657e,0,normal
0a631150d984433b8353758dd228fb3f91771c98c2e242478c5fd9d0877e7e6c,0,normal
e78ddadf36924bac9578e76665b3588067bc701f17c946619dd10ef333d7c443,0,normal
d03434111f944c5cb0c996d1f61df6ee6434982b075e4e86abf21b9420f6be91,0,normal
967ac2cfbc784aaaa61fb87672bb6652a6454487a9c7455387caa90257593506,0,normal
73e3fe6866334ada9632e4678229567d3c46b355510a4392a74d46155911b312,0,normal
903c5dd69f5f4a3d8c13c40651bd1983574aac6acff14113a91d59e2989f58fe,0,normal
fe3236e71fa643389b3299f00d5f57a8542b8dcb107645388ab61b6f5d9ae361,0,normal
3034bcd867cc4f5d8fe1e8c4376dde49191901e484574bca8c50d9ae02d00ef0,0,normal
3b26fee94df94ac0ada6eca0124bb82434bf0c48029946a18db40d028716a096,0,normal
9dc221ee28ca4272b86747b5310d082594f9dfdb5f5c456fb0ee72f7bf0c9437,0,normal
098387e0d7d94c16b682a9ae2fd00c3737ee22f926df4d519ab43d74f52c35b4,0,normal
43750122ea0b4c5a9a0857506394955c77288d471d2e4bc584a03a31aa67dfe0,0,normal
8030aaf69cc14083bad42b3561ef64d14ed543e6b5724ad598c15a33f87190d5,0,normal
c95f6528b2754029b66fa53e51768d9c5a2a982b45f74457ae59c0d3d280f442,0,normal
107ada7ba90e4cd588927200bb4d1b837104e938fa12407ebd3375bf5f7e5270,0,normal
46887d4c5f1f400eb34425af8578339746625d7231904c80bb46b864a9209ffa,0,normal
3bd05cb0f20b4c3f905aec4f63896334a5b7da9a510847e3913e431aa7077cca,0,normal
114b50a134f346e6bb29c03737a8fc113d4a902a4fbe48ce8b62b537c1054e0b,0,normal
6fa43aa99fdb4019b4dbad6943d9f470253cef17c1444b5ebd5d7ea580da04cf,0,normal
2cb104022ff448f28e30660675f9ec0a699681f039314e68b2717e25a91163f1,0,normal
59e710ad7157406081583d5cc6400d922bebd149a81745839c03ada06f5da2ac,0,normal
2210a582421e40c9bf3295575cf58889f81d3aa721354c959784d085517f9e9b,0,normal
18866c81ef054e9da4119429d4c3b4623b6c0693115d4ca8970b52f7e15e9114,0,normal
d9c65f96876d4883a6693923e9aa96b6f77b695ab1e1450a95faede96dfda7a2,0,normal
d5628289a57244a284cbed2ccdfdfd2454013606bf2a423c82f726f94520e26a,0,normal
a0e58cc77ceb469c99c2b94c06f8017cb5fc8bf7602443878e542caf245f4ef1,0,normal
cb2a8040c3654507af9b84bf90aa9f7dab90384940c94cf58b5b5c62afeb5880,0,normal
4bb72c755cad47829aa975630bdd5941dbcc6497237f4caabe3c5ae73a42a476,0,normal
f93a9da9f716420d8d254e2ea78ac8cef542ca165ce04d4586e9feb19e8cd453,0,normal
22beb56d12c64ea9998bed5501b4922f130de38781ed4fb093cf7375827edf4b,0,normal
454537326b9d4a19856dd54512995c8d5c6c6862f29f438bbd42b5999378178c,0,normal
5285c8930cf04129af1fb2b0984d2c63146adcc216ac4e6a9481ae8612407271,0,normal
a5d613cca241488ea5d366a8e8c64e08fc3703ed5ad04534bd2eb8953d8b578c,0,normal
48cee1e50a7547e3b1dfa568765a0779dfa0b6eb6dbd4006983dd3b1e75120d7,0,normal
0905a7565cc24ce6854773e3016c8acca8f74e6affbf43f6bda0c38db1fba164,0,normal
b1733b4bd97e49e287e487b47d891bba1f8120ec80524756a92aaaa04be74f19,0,normal
7b03fb5f58f44d6b80dd6be8dbea6cb2fa922d843e9e4be5a46aed304319ca3a,0,normal
5650bd1314c94f0ba4df8ef4551416cdfad9d161f2ea4361b8e37f8ec97c5d2b,0,normal
beb3d5518a6a43889cd72539caa6d32af071cfb304a44ce59af945f8a1ebd291,0,normal
4673b9354ee943aa840137fa30ab1ef07ec429d6771c43978e1c23bc45905ac4,0,normal
f63a14ce187c41b7aa2863c4dac8e4f49203f034b9814e06a6b8f9bfb69922aa,0,normal
57c75c26ca59401bbae94fd26c792ddcf208147c83e34035bf96167df9cff6d4,0,normal
f592115066d14ffdad6fd6aed3028d2da4363c7e7b484902851ed8abc9e6ef3a,0,normal
786ede6e7e144cf0aa95732b88ed7cb2bc5ff61511b9404eb47fc3c2039145ec,0,normal
69cc5eae4f2d47baa4946282c2468d0c4ca9f65f1eeb48fcb36f641710141ccf,0,normal
54e6cdf38b2043099e6295acbc43a909ba4482ab78854ec2b128ba92ce68f77b,0,normal
9ada65f83773421aabd94cb6eb06c82c7c531d9c41854d65af8cb7e380138c1a,0,normal
ffe5099171bc4a19ad3e4b9a55aa89d9ff1d51385d4c411e921759edc02132ec,0,normal
a71601ad613249629d72ae1551cdabf867560189b12f4aa9aa94fc6a3d0806bf,0,normal
3c84f51724f745faa00f7aaa176875cd339e995d4b234af28f9c3f63ce24ceb1,0,normal
5abfd25ac7a04f7d997b2ba61299cec027ca922f51f642238100b2d986a580e9,0,normal
8c726782a02a448585e54ae4ca8f81d0bab96b5fdd3a490c9986b7ecd54d6d9e,0,normal
23e189c3329142a5a74472d40d5786d81efa4656416f4de5832ed02222c7fede,0,normal
ed1c738fa4314f0abf7d2abf5fdd4544268d20c0909446ba848e073dd2f21576,0,normal
fe77432c2f4b4129bcec17bf318f009a85c57e549b864caf8a33f2f2e18344b6,0,normal
e5ec8b1cd63e4382806d5ae5606b48f816bb01a07793435e9b16f2cf3d40b2ca,0,normal
933332be9ff54b7c8734a982d75941086bad9392bdde4808b3e4678c74c22178,0,normal
c57069494caf423ca86fd8893bf7367cbaa84eb6ac3446c69f4cbb1dedde319e,0,normal
697ff8315466423fa70e9bab0b12a05942af4f495bca4c5ebf25a40af5222b3c,0,normal
a4d234e64ed14d7fbed75a44a73f4b531536ccbff8f94285968250fbf402a32b,0,normal
a42ae80da84041ef9edb8be2720d3a45ed60edf6cd6842289d1dc84d280ce01b,0,normal
e9a660cb854744f8b79795103b52086613025a1350d54581af9685b90f74d0e2,0,normal
62990faf837440a8a8acbdcade01f7c18b0de6f3e0334183bd68d8e1339af196,0,normal
3182d23a383847fb9e59d8072c1ebd5015f5db160dfc46a8bdb9bc9e3488dd45,0,normal
4e8eb5b11d6a490798a082b0d6ddd33e7f410b9c6d124efe802425e50d46bec8,0,normal
76602ab644bf452fa5ee17b8afe2f9aaf48a4bf4494742e0848a908328b82d2c,0,normal
2d230231156148b197de0d7a840efdb50a5c6fc40e4840e0b27a5b8820f4256e,0,normal
1861fd95598e4252a874fac6c5a4aca5a45a2de6b9b642258b3b87af93a75814,0,normal
6b4640a323c44128a7ab2af5f8239cc7f55321709acf4ea699831e48c22e9c06,0,normal
cadc067df5914e5eaf296882514ca279a15b293e73a8438e957ff8da86ba2216,0,normal
d6ffe64809594672b54f25aad88524e0d93fb4eb0df44357bb5332bf09feb262,0,normal
5045fcb6b71e47c591d46b233fd334b604b69df140254ac69471505ae6447965,0,normal
58c14e9c3d6645cc89411a0aed0e961433e691c26b8c4f4fa5614e5e35ca7a07,0,normal
c0e7e3e87d32428cbce8fcec86661f361c18d8da80ee430b98f5eaf36567a3b4,0,normal
ec689094f29c43ea8c7a0b14a248521f9318976a9a3b4ccf8c4712153c5ee23a,0,normal
a8de33364afc49d6a43b740474053f4ad100b19b59a34d6aaf5e6aec16f98ef7,0,normal
1cca1ab12f90468ca2f5cc2c8fb8cf7a71d6fea4b5254e6a8d193cbac2ff73cd,0,normal
9b7b4bf1cece4b73b9083d491dc922f362186c1b8f6f4487956fea8d520fa7d8,0,normal
0601a86ee5684fd4a285ae3ed8581cb9939c9316c6224a32afe2a2a2ccf99127,0,normal
0ad1eee9f6514676bb15c592fba9a501242398c40846486485399355dc0a8372,0,normal
357b5783005c483d92c59bf847ad0d0af0f09c6a24644b0c888a0665fdd4a970,0,normal
6f336e2f99044b22bec870a1698e08ce4707138d1c4f4b3f9a132db12f2e9c73,0,normal
ec0bc393cc7d44ca842cb21c7e1083ca2c5032efaec3490cb973ad679e0581d0,0,normal
9dd907daeb29401bafe42d71097b282c725b258b71e04595a1622b4a1de14fad,0,normal
8f357f4e71a54f8fb83480384844568e1d3d8488b7054927a76f039e3550679c,0,normal
f47aff01f312413b8b258d3b2713defca429ec1a604f40e284bd5920d96f49a5,0,normal
46e44b35282f443ebee19dc889648b32bb239aee0a9345a692c81b52329345a0,0,normal
6f162b6de4dc4227a0f7189399ec9e146d67c111c6ad4896a8c1a5d727b570e0,0,normal
fc1741311f144122939ce1e380842474ccce76acef2d4bf3bf526577bc2a2770,0,normal
bb28dc1b0f734e0b8fbca6a30ead084de6be5d8a719f4eea8fd4a426243193cc,0,normal
d4bbe47e083a43eda8ed530499161d3ea9070e9010904d05ad2a4054255b7aab,0,normal
c2a02721afab4b9a9c3a5693780ab5d449ffb4754c7a4508b6729728900f00b2,0,normal
1d286d16b0d9476585c7af32e8e6af2fd7e72afbc7a0430b81fe58b91925755b,0,normal
68dae76936c9431f9dca7cdbbf8e3e9cf82066a8c78f43498aff64ebcd66ddd8,0,normal
1919e70f6ef44595a014b0fd3ffb2007dd7dce41ea374899a210e27633f9e1f9,0,normal
d1f0201e115d4654aa5d7ee5369c5d59a1a4ae8cc79b42fc9febcde9d5997474,0,normal
5c1a190b98534645aab4182d53ad0759041b0fce42a44fd997dec178095825b4,0,normal
d739de2b1989468290b8874f1596382cbae9760a0b0c43d1bd4a72681cfedeb9,0,normal
206fa44e7b69495bb2cf44a558d6bf40ae1d9405c24f459994be3d917e0ed661,0,normal
a29e84bf9ddf46818fab2f7275e3933b32c9f36d293d4802ad5715d839b9d7da,0,normal
09241664fb0140d3871778e4075dd6576066660d836d4c31bea66ff3cd83cf50,0,normal
22a9adad77b9453c8a84df2528a2ad8ce91ff584d3cf493d808ed0a1ed03b8df,0,normal
b4d82a8b7f66481d845eb24678d8a87cc9a6f9bfe2b1453790e9df917c96f17b,0,normal
a3ba1b2a4a854154bbc5ded5726dadbc76c4be041506427681128ae8e6fce2ab,0,normal
8536a4bc642f403ab16653b8ba5bd97547f4ddb6650e45c5940e568de3cada3b,0,normal
c6ca999bf6d94a74b49a27f2a3f7a6a58472c0c67796412d8ee1467ae385acdd,0,normal
57491de8c51842d6b1eb8287ec80b71b44c692eaa7494fd3b97a4c180ccbb002,0,normal
b04f9cf16aa045b29f0db8c89101c2cd97b872929b554d108e433ac539084992,0,normal
a74b6320f1754c5da5bc05d7f4f7b160a43c755f49734c7a8fe49a7f9f1999d9,0,normal
a9db6c68a7564f42b7c52a28a94ed017dc02b663ea7b4711b55026dbc7d3d365,0,normal
29b7b59f51f94bacaa0d189f38ac83821a080eebdbf0425e9784499023d7c0e5,0,normal
ab2e647fd9844411bc35633aa2969bdf3593481698a14eeab97b1e159ec17569,0,normal
c9fd0395e277460b8dd270f9c6454326d0c79b169bc7471fb887a03e259f7ba1,0,normal
24bc0ab3537f44958f1ad96a18efc7b453323b2cb6534f5b8dd6b65c0a9931f1,0,normal
3370e4d5fbe14e4eb31c212253e0b6cf1b238847be004709a0043b698802b3be,0,normal
c4d032adfcfe4efd8534bdcbcf6da72744d2de1f1fee4fc79c89042c453efaff,0,normal
2fcbba844dc141b28a2eecfb0653930f20f1035dbcf742648a457cab2d1df062,0,normal
ca5f1a3983834e639a8f98be3839733677e103416d2343278d397deee0756881,0,normal
37dfe8ebde7f4129bd0cec0a30df17a69814e587900643a684a98737a2d5b78e,0,normal
d75f0f471d0a49689dbec6785a815eb3a0d849a2f6ea4e628cf6862b90b0eb93,0,normal
0f79e6641b444f84abeeefaa8a0d0d195d7f376da13140a9929b62824e87e95f,0,normal
38d7d2a8ad1b4436b3facdf2aa9ee0df67e0eae04f0c4b17b4556edb0dac338e,0,normal
c6d96dec9a454331a020aeb3d4a5104e0c0a6431a9794c4aaac9d185b01d267d,0,normal
44c13129d5ce421caec13c0d14be67483e1b5ac37c204b32a69923ad34b95263,0,normal
46f74d97166c47f087f0cdd25e5b4b8357bdf00358b0482aae1b8445bfa80913,0,normal
839cd6e5f1e046b19f2c39644162f148519dfbd3355540c2acdcddef8fb574b0,0,normal
9ad5f866366d4eb08237cd777cfbd38459455ca8417f4f0d83d0c945120a15e6,0,normal
c47bf18b6784492a992d8b46b5ab9c0c40a5fbc250dc4b03a64d3bb6bfc4ab2d,0,normal
92ee2b3c11f5489785966a262890ec8ac8255a5c7e5c4c1e91c42a8b3541f030,0,normal
c4423d4b90d443589950ed667ae7192088908da7c1e14dab9aed46ff17b3eb23,0,normal
76e19b9e604543189edc6864e3cea8a52ffa37532b1b42ffba1cbc971a480fa5,0,normal
f7d2e24fe59044329bdffbb28f02acaa0c4415bcdb954dee90decbd10036b311,0,normal
b309b13fa6764d6385d7599aecbb6830dd01a1cf7aba4de988c0e113c4a9d82a,0,normal
874d0519cfe144c89eb4fcffd3f9def37d39e7672024470ba674459b577f77fc,0,normal
901905694dce492297087d2b4fbfa05fdbccb3e17edc4f2cb45fa391e329d379,0,normal
d305abee96aa4e2b9a2f87fd7043f202e805709379a94f56b1b9410cf28f9a2a,0,normal
e7acb013796a43feabdeb7a9066694d7ff401b2d020f4ab797efe9b649a340f1,0,normal
530c1414e990463480dbf24f006470fa7951995ce84f49fc99de70656361784c,0,normal
b62e3bcee9d7499798885016adede1fd7a8f302c7ac64ddf8fe928fb6ff96471,0,normal
9a8c75fea0a547d08af1243a8ef1068b3fbb4a65b97543e18a336acb56880424,0,normal
6828962851d34afba003fd241e02f9e00a79c50caca64e8e91d67005c65527ee,0,normal
df3116d9ba3d4251a756e94f6b54ad2cabde5df0fb904e9581c88795fbd78eaf,0,normal
12b135e674d64b7f8e31753b974397733b19196cb19843ca8e2302ef0dd29e12,0,normal
a347161f4e2e469692c386eb693913a9d214f978717741eea378859196a3d9b9,0,normal
4a35961847a640eb92d329c276e37f9255a85cb1e32141aca3fa6222fdae58f0,0,normal
8f668c3ca4334ecb9ea25440b253eb8520675688930d4c55a75c77a0df7f6053,0,normal
e018d4af0c3d46318e339e9fac2830be4ffc64a5cf024046a25dcab9b3036b95,0,normal
09099a51da9c453ba91545be9bbdc31ff96664f971784c4b821bca2b51041bf2,0,normal
7dfcd6d55d8349548ba6fa1fa6c92ae389d695ce49ee45f98bc285ddcfadcb8a,0,normal
e3103b804f524322a53645f2be1eda20b34e50205ffa48889354899858edfb07,0,normal
0c0c7ecdae20476fa7bf2f6df8f7e6f2b527ee60eebd45899acdb1bd6b49ca5e,0,normal
51000978b695490ba765d0dcf7973605c87bc4f2f8934ea38dce1b6dcc02adb2,0,normal
288a2110a51848deb8d79d4db018d59bf41e6f7ac34046cd989fe806c7d7d014,0,normal
19154117169948d5b76085c5befe15c62c05265184864c2cb1c4886abb3201b3,0,normal
21ae8cea828143c3842a831508de423eab532941a32446e8a9f58fc98f26c580,0,normal
9832c21cb1c5422887fdf8360e50ab6c1f9f73d624004f26a389c3518c83ac39,0,normal
6b557464769640c08593fb6e2ed53ba5d77d31cd87664c01a8d7dc0387b4d953,0,normal
ce37cc43879241bba7ebdc918eb9122348057d3efb19479c86fa98d999472e03,0,normal
86a4930cad004c528798447af3019022c2a86fe6805e484184d258c15df2714d,0,normal
aeaa5cff684748a69ffcfe6f572f0739a9dbcd2eeb7f480ba0af224e9996682f,0,normal
a69ee288801148a4bd63e20617d5eede63443ccffbe54408b68642399fa9d38b,0,normal
7724d9eea8ec4083aed0bf9a2266fc49a737141331ab40e4a80843d7bc38c128,0,normal
f160df28f03940878fc4ed1d7ee9e62d0af3460043ef498692df4fd8bae098bd,0,normal
519bd40c68084370b9e3976b77a01c77d0e6d4236c4e449993717a73c7556f7e,0,normal
f09b51b5a4ad44498cf34fb276f43f51e4f5d16c99a341c7b08222045f57451a,0,normal
4a908edfae564d00b491ba5e85682034a55be32cca3144b19411b6e881b78f24,0,normal
ef3f2f4bebbb4cb9a3cc4207ac0284bd214ad9f52c824500b37bf43c65c68037,0,normal
1d235756da564342a1296b54094178fb7d46c02773d04ff08c0cf2bcdb8b46b8,0,normal
a967dbf87a0c465dbf26dc857d7e006d00c25742b2e94072872ef9ffe3f734cf,0,normal
b221fcc23c57424e881c1eaa8708523d9c8f67c854ae46ad91f628b46bbeb468,0,normal
84d90c7d32ba443597de8fafcddca3c821b9ab1cd0994f54b82722be432e0171,0,normal
88da2d02b36c4a609ca74a1fe411b5012e3b2a844e3d406c94b186df5a618128,0,normal
0c1137b3551a49c5b003ba6577ea1fcbaa0ab68496114230b644c02b70bb3c15,0,normal
5e4fb4654c174481a5f626829e07599fd08317717d4f4f57833dcfb9237c42f9,0,normal
4d49b085119c48ba9c07d340b3a951c79c172d87d27d494bbf2d95ba31ef2472,0,normal
bbe25cbfbc2d4d14b717fe47e610c6535e41c4a0e6924cb28ec626e626b36d70,0,normal
d4e937e12fd04cffa363f0bc44ad42604a8a1504c5ca45fdadd5f3b35e8e61fe,0,normal
caf13b6bad0743538169cc6336a1a6bbce30dc6aae474a99b6efb2cff303333d,0,normal
7689e3f9ae964ed88b5269281a42ce79980f90dc57194fed901e9b0af0baad9d,0,normal
80b3b7546f65409f9fbaa88623b27249597e85c43fe1489e9bcd67416f20c47d,0,normal
c4e0b6f9fd204ca39eb4ef287857529f9f76709d052543b591dd0e8879e5b5ea,0,normal
ab701dd7c3a84f0cad7d956557d574b6cafee7505d7f4eeab1b0f1342b9aca10,0,normal
265438d6d5194eb1bc84bb45c68d8173c12a855e6e514ffb83bef29771999fd8,0,normal
2810cde95aa54ab395e3b5ec715b4bec02480765b90249d7ababbd9fc9026ac7,0,normal
5d65ddeaeeea4b4688258e65bc4f43732d86cfaee70d4636ade5896081c1a140,0,normal
ba2ec20904e246f09761fb5dcf4cbab7d5a79c63287e49fb93624a70ee82b657,0,normal
994f13195f9346678ba474d2a57737db32d37cd9a90f4b23b19accc828755f96,0,normal
fb161d072c3a4e3f8eeec068a701fe9ed2b6f954a1c849d88a9d7e2ea02da8c1,0,normal
6470124362264c9284d39defeaf08981e2717ad32a6546358fe21addabaf56fc,0,normal
b612001e23954472a146f1cdf7d0e8a6dd5a46dfeaae40339bcbc80f98b167e6,0,normal
18590d3974e54b34aa5ae23117fecf9038106497296d4a72930af245162439bd,0,normal
3ef2920b45f6479d8a2372cc8197e69013b235bb3ac040bbb0ebe1cfdf0f4152,0,normal
5acbba9bd36d46a0a727a75969a2d173a9c6847c801542f08658f47384bb28b5,0,normal
9174ca5a32de48a9b8d9042c2b3233cfbef4087bc4204c4e9dc88a3e8e4e502a,0,normal
53836184a68645cbb1879e15bb40a4267ebe8f119e1945488a6499e43a336bdc,0,normal
429845002b1547ecb22297024f528da74835a3c627624f39a01905aac728624a,0,normal
a25ae1136976436b855e70fc4e45381ea632287ee15847a99a94cd6182438f2b,0,normal
5f6eba3169d04f9a869eab91ab9898422438673a1df84706ab24dbde1147a3e7,0,normal
3a40ce7d7bb34c8ebad586afef6276fc669183190b72403c8a426070ec31aba8,0,normal
0a97465939cd45b8943adade1f3091993c45a19d0d9a4af7a5c3930c4f0c190e,0,normal
40ee8dc67a0541d08dda75cf462235551e6c5b3e59a9408488b26bbf019312d5,0,normal
4366da7b78764ba285526b35083bffe29e6487b7a0104dad8a07669800020608,0,normal
ce79790641e54be0ae8ecddb96c7f0c96a4aa1da176a46b1b813620fb7c6a49f,0,normal
70db39c4384842f5a4170481da968d6b9c4f911b0da84d219881595de4501510,0,normal
f4ad7506f25740ba9f8cdf63bb7ce8395b26983d8c0f4db28f6334fd0a48ae5e,0,normal
b0e776c2dc2b4808b8d498c208d141427a1e788c83a045f3af0a0c845425bab4,0,normal
f17534708ccb427d9a914859961e53b183ff36ba644042e6a43a608716892754,0,normal
4e554b9d0ae84fcfb0acf75f8ba51f6f0e57dd9d56f54fa7abf8b03ea7ed0245,0,normal
1296d19e34ae431cb5f6da0b950e5531b7a5e5c9ed894f289c575dd0d632a8a8,0,normal
79ff1feeff424ea9bb893b8be83b8650bf18ed71e3404bd3a6cfe3999828fcc3,0,normal
af602e57336b4d33b06541ed00879a156de8cce3fbc348f3a8aecbb12db68a23,0,normal
3a049f0d3a8940dbb1c4e447ab66b8f39b5a7370a8984968a4ff8f8e6188ac60,0,normal
1f8e2f4dc43948ddb6392bf8070dfcebf87310d37c2042e1acabb1d85665ec3b,0,normal
4584a1efeb8e4cbe8c4cfbb091d7cbf785e18501fa814baea29c8c7e8b015806,0,normal
dfb8e01acc2544ccb1e460ce8756b174e579816d326f41cfb5493301eb80e967,0,normal
3871f5bb6b38488790ab98d2f7693fc42edb8661d02f465faa7078ca6fb5a798,0,normal
6ad0ee074b3d47389dc4a351959d49c0e4e764f161ab4ef1b0384273bdcf2133,0,normal
15416cfd423a42c8b10bcbbe0e4bbb5e08f590253151437da1587507339c7224,0,normal
6b0660df9790491dad7a9571f121d691b81f189d2702433da2ce9a197d1e5453,0,normal
a38f180675c64680a435b2739ffe9904e7fee17a91ad41ca9f38db5263493eeb,0,normal
60c6e0fb784747ed8b4b27a504d19c41fff4c19ba5a3418683be31acbf98e8e5,0,normal
249be09093924d7fac2a3c0a7ed47e739950d4778752455289c14d7c5a8559ef,0,normal
81c4a9cd531d4e128a3ac0b38ee089b9dfb595478730453e8546e69a1d6eb37d,0,normal
d9c89b5106774a41804280a3c7deed87c97a9913858c4f029d5948ef1e7892c7,0,normal
19fd20eace544795bd452b1bf6b8c5c24bbd88771b3e4ca28c3a3b8a929db5a0,0,normal
cf998dcb8a9e48d9873abf682dccf232ff7a6d8fca134b93ae875e188e15c282,0,normal
724efbb198c04c9090101e7192a41959a0cfef16c7b44654bebaeb9c48603ccd,0,normal
63141bd917e740f9a27969d347ed44809cf2f1519a1844b6bfa333557a77ece5,0,normal
42f9e71f48204d0a913b917622a7bc3626a3e3d245554c39b4e00f4deba14608,0,normal
efd34cf5f18b47bc9d4b65b7cfea76ddcf91c90e30b64b389140090a2a1270ac,0,normal
5c5db3f606994828b5889162f9502252734c08bcda1a4dc0884dbf5ab4495c58,0,normal
262e64fd80b64b3f827fa0405541e96171f780b9df3c486b880ce91c00ab6f29,0,normal
e75bcd6d9d6148c99b6477f5ab1b52c37e87f9535fd74cc5bfafee833ceaf04e,0,normal
b65fe910f1364c888b072d923519236ed30c8b8ec8ad488ea166d3d2b255838d,0,normal
a290b18a13604bbd8887b5bc2884b5c176cea359396d45548caf6ac5e86ef983,0,normal
213769f0beba43cda8c929f44e2d5255af3450b776a94899a760ee4dc9fe749e,0,normal
df10397c4d9744dea1ea32f192deebc91b52a39fb1394dd5a43910f24be37e56,0,normal
51200b6b68664915a1432d4943721370507051eb373242878a2c7dca5627515e,0,normal
a4c77f8e72b44655b5c5e51ea4dd556900d871fb92134a23893e5e75e73fe630,0,normal
d748e2cc08914bd087dd7c2c4c2e6b402621c351ff56411cb9a043e750bc076e,0,normal
adc74854e80b47c4be2a37bb05effe3a3e6867b57eaa4720a491e27b4b89f686,0,normal
be10d55dee42401bace3992aec7f55bb08d3cac119e442edaac7d4d83692e4ca,0,normal
382bcb1ca7c4450799d1e217f1a3d6ebca5b09e8590d4be5a1a5a438c6ee0f51,0,normal
46bb3898c2e54e159d9ba9293d15bb101768c187c73c491ea8a8dcbe294c6915,0,normal
324ebd1f4c7047a8af5d4600587390449d5c424aadb64a63afc0fe3a51d54115,0,normal
ede9c05f84624c1e97c0abb69fa9fd11176c6d1f11f643e2a3ece0c9a9ce176e,0,normal
44d2119e9ef94fabada72aba5f5978cc695e4bbe2b9a47068c05b7f585f8c895,0,normal
442f1888e8c749c5909db5d6100dd47cf31b8df7b4d74925b773b9e429624a77,0,normal
b7479bbc2be74c1596b35d82a2f7a8182983f7f0cc5a4583bdbd8cd76da87fd3,0,normal
4b3c5475606445cc88e08a7866749d4c39e3e8a4e71448b1a322348ace441ce7,0,normal
b89b9879a07849e984829235988770492ee011d0a73e4d36952aa0a225af03a2,0,normal
a44157f2f11d48dbb3c4b9bd845b43dda36ad440b74844b69c6de216dd877847,0,normal
ef3bc2658c584e059e5ffc6d42ab4ff592806fa1c7bd4769891ddde0738ffa4c,0,normal
4eda280f585e4a41a433e76ef2cdfef0a12528c6834842ba9d01c2329398b71b,0,normal
139535e01fd5429796055b3adfd98a77e8ac3701ccbf499992cdc4908a346c81,0,normal
ec90fbcda976474ba568984b7505636b57e44944b23b4bd7aee305bc38eaf2e0,0,normal
a37a19a432cd4d21a1921c9f833ed988f2ed722e782642f5a1b4acbdff789cc6,0,normal
b0d861ce99374c93ba6c7b5dae556b32a241291923b34bd5bebeb5155bb663f1,0,normal
50912c0ae4a641e79002b357cc02c76df7e277167b324c4e9e601c111a435abd,0,normal
495663fb47804ee8b6f21a20400f5a8066e43d8ed1f84235b91b8f7cb5bb8deb,0,normal
a6c9accc2f1043f0907f4c08d75f814ad7c3e2f618ee42cbba73956e83429cd8,0,normal
11786efa0eee47899119aaf331b56a21ee326e5a84c54f6fa43cfd15aae6dbc8,0,normal
06be610f2c9d4af6813b98b0c9e87b8651e9fdb1fe5744448f775324b9ea6b51,0,normal
04767be1801941baa59c7f85d9a3768cec65f9c6ce334e238faae4fa86f8bccd,0,normal
1f30e0641a9f41e3b0379f99b896413d8f742079d0db40d491f52ee51a2b3849,0,normal
3b05aa7e3e2e4e31b82cfa5133406184c1dad15af571429bb6d2959ae69c89a0,0,normal
3ba3ab6cae194dd9bca1f433e680c34a1947bd646507423a9eda6ea2b603ddee,0,normal
52676eefc2584c3d9608de5671342afa50a39395d44d4a5da7b3f549a0c687ec,0,normal
256f1d611dd14b7ab0e8619aed1757c9f7f8a5849197481eb613bf6f3bf80d34,0,normal
05b211515d484b3caca9a177ae5212242911c3901dd440a1934389ed455a6f6a,0,normal
d8f29d6322004d4390196dad30a4696eadbbdf5cc0f14c26bf44182e0b1d1e39,0,normal
0bd41a617a6041118ec9ba5db9d1f2d660412fb46c0e45e0a4b471b47325da22,0,normal
ef43b1c5345844f8b4503d5b34ea9291e99c07c07c7c4d6494cf40ea9c3c98f1,0,normal
3816c32c14d647caaecbd12ff26a21be2e20bc00b2ca4c749e40c54f9d93a04a,0,normal
99b2444ad87647de87554eeb7467402ecaacc91bfff04a3bbb43c7b98c974051,0,normal
2cd0ea848cce45cda9a6493bd059f99cfbf1d98e57e64f5ba2a1c990eb12c266,0,normal
46130c63c48b4f79ab50b7ff0312d1df5dd9f54827c4432e9151901ff6c43058,0,normal
bb170dda1fd042f096ce98125f51109cfe2d562b45444b9e981e7ff25447abf6,0,normal
dedaf1613c18477c87a651610a4dbb3f91927aa02f2047d982d4883e583e2234,0,normal
d39b4b634a0941fea5906232988a595c4e0162da8105401e83e86e57d42024ca,0,normal
f109e30ea07e4daa93e13304b70c6896a440a29241f04cb2b2a869c4e211c519,0,normal
4d601b2c0fed46c3aea414f6de9b5436e90e3209e8c34053ad542aeb78bec8a7,0,normal
111f79abd8ca423aa37af4c60e0ff345d5a4f5cd07834970bbba90e0767b253e,0,normal
0086bd30290643fc844d331f823a8cc30450ed6e1ad44d80a7d3519274b80c3d,0,normal
bb3a591a758245c58b05a662d3a058972f5fca7f75ed4144b3e5aac92a2a1b2e,0,normal
9d377d35eb9649e79a30eaa8c6d8e859d772c64cd9f441c997537c5be7d985d3,0,normal
a374640cd350499eaf7af9f5fce510ded8b3ab03ac324be295b436448151b2dd,0,normal
8694e6c191e04f1a99ca0284ef892240a0f637506b0d41f6ad6bc87137691f5d,0,normal
922e09786f3143be8f74529484237846361094ac0b9d401488fbba059e24b9a7,0,normal
2920650fbc6a49b69e5515d79336a9dd1bb2dc03276049ab83444285ae60ae75,0,normal
561a7d3384b34e7fb43b81b9798909028858d9dc22594fcc82774213925da59a,0,normal
c1a5eb4f8fae42bc80ceb0c2b10fd2487e027f03b6f646e8912cc072ba02e095,0,normal
42e26ea8c5e04507ae8d46d9fc77cd5e028c29dbaeaf464ea9a8a49654dcac89,0,normal
a38ddfea948746f4a1d322337e311b800c40d8173c984be583f767e0898a4fb0,0,normal
5076f50b81cb4e05af1deb4fef3d3dd350be972954484fe9b1f4408a3fd83f9b,0,normal
6e0d59adc0814bb39960fc92e4fd6b458ac09fe967f94a67a33e65e9e607b9cc,0,normal
40557540e28e43ea85cc17624fe8c9d147f77a53ff684370a8265b4d93cf5d81,0,normal
917f8f75079a42688060fb58cc4e7d7237d024b4ade342c99f20b0ea9797534d,0,normal
c351e05bf99c4617ba957e9bb48752918184eeb6b7ac4ba2870a968b5036319f,0,normal
56d75fc2f0554397b1368d93ad3dd608e95d7fbccc5b4a7e96f54895c8b1d287,0,normal
4902c8cb535c4ead8498fb49d79d7ad64bfccbd98b7c472891ebdb9cc85010e6,0,normal
ecf152dd7f204b7d9b65865ba0cee868e8d31e21d64c45aba7c6a511f542a50f,0,normal
12ff30083bd943c295a05559996b71d6c0453232ef3a41389947cf4e69a75c9e,0,normal
2c109d066f4f415da61e82062d2d46d4555e6f3f03bc41b0afbda8d7a27a62d6,0,normal
5a65239527f24a608a2236d5f8ceac2f9b8179a991e94552b6b08dc6af9200e0,0,normal
14c82a17964245c89560897b14ce81aa0c461549c62b447ea213ebae3f6c0cea,0,normal
58e8d2caaf3149cc8f3620d6101937eb64bb5a46de73494f883fdbb224030e3a,0,normal
9986b192a4234fbb858840c424e09209d905e78b0762424cbdf1903712a68d9d,0,normal
858a4fd08d414ec085b022600a534f0a780beff8958e41e3970d434df9ebee4b,0,normal
56be593811da417aaa301d8ef444cf5928d7faaf516a49cdbc7579f8509e5e4a,0,normal
8ec7d22a45884bd197e042930343db558881bda28895465baf716e8e59dcd134,0,normal
b91cdf3885d947a7ace01699b511a8787b2910cc54e54161bd1e2bfb87fd6f00,0,normal
2b325e645a154243a1ccc229da485f8d2970195e31414c35a1c8f027b1304d0d,0,normal
f007372812bc4dc4a4fe1d34920ce74f66386c99738545b1b476f1c3df81a2a2,0,normal
e62d8c1a863b4e1789225a8957e05dd84f550a6197d043d08b65b72284f0e16f,0,normal
d0603a64db964d85802534d6c83b3d411a202313f3a24ee7b0bc9cadf5999f3e,0,normal
fa84b04c84a1412b8db222dc3499e4db60c93e497f1a4a88869f5954777df5a6,0,normal
ca5e4367d4734bff8266b834544ad524ea4ecbc6365d491a89de67704d582fcb,0,normal
fc1f07c6095e47068acd16f98a113d9281eba40edf4b4467b5b4458b0c4e4ae1,0,normal
9fd9fb58607e4df38112f1f70b601421b310fc2b949b4767b4cc646e22565232,0,normal
6082f93e87a240809e86c598320acf0a22391ea2b8ce4a22b8c68eb45f0b106f,0,normal
5b9a8db5b63b41b29dfa9ed1a15b5d4770ff32c483be41c298168234c9a05637,0,normal
71e1a5d80f754b84990c06695c16b9060fceda73b481436bb98b5ec1a92dc78d,0,normal
034b151b8075401aa1383621c9b9e98c0c3e3c63d5c14b6c849b4664fa81c884,0,normal
625e47b259404cafaf3fee1fee206327e9298382800b48a2905a30b0d41d8c5b,0,normal
5e6fa8c1a8264e0b87e5c8dd2b65a414ee3a66642e67435dbc0623232ab947b4,0,normal
3ce7b5bc37a34367b1c259a052b549848f6b73850d8c42cf87a11a0f5714d045,0,normal
e2473a94d4ee45b2a7eb3c11a681703dcc4e72b99843473795aece27dd2e6194,0,normal
12ebb36ee0aa4451a6b299ee8c373ee35bbcae4134434cb6a0b9f4d413ef99ff,0,normal
c2646c3f5d21481e9b19e78eeb167b9aba25bc8b870a443a8f73c93639b5bfe3,0,normal
6bda1417467c4f3789d4049dfa94623cd16cbf084d4f4b31b2ef335e0bc2b70e,0,normal
c012a7b2fc514dcea91e3672b84f1788dd778bfd05e24792b0d2d1ff3e387cc8,0,normal
0898be4e835542b4a866fbcbf9b19c0db944e8262c9e43308a3e5eec9af10841,0,normal
c432550af8ea4c929c1bbdb2de6f287c96656b32e6ff46d3a444a80fc0ca907f,0,normal
5b02afa2682d4bdda194828963cecdb006c0f057903044139c6e81b9efdaa76a,0,normal
99c9a2c1854f4e77ba3595f2dcfa24bfdbc8eb3be92643d296142b1eb36d93f7,0,normal
388b83aa7c0d43afbc6438f925de1828ad706dcfe6834dffb3801f54c250d89d,0,normal
8d2507be83fd410a86c01424a47869c72550536252e64b309b60ae979dbc2888,0,normal
506cfecf5190463993fba1340479a23fa94687548553450a944c504b6138c5ac,0,normal
41376545e9fe4673a524839e92e0a297eb16f0c400684813acb1b61e61f84973,0,normal
294683a2dc704a18912e7e66edcf7e1f31494d44535e49eb8d9fa0c2c75bbf17,0,normal
260bfaac22a744e9b6d51934feaaa2f4dd12ad26dd1c4fe5b62be9e7b0d95239,0,normal
dca28a6fbdb14f55b21e9c32171fb964005f9b1831054358ba1e4712aa0f21d4,0,normal
56ec5524ab8e446d9422448d9be8e6bcf561a6a348074d60a7577f9100d457a4,0,normal
31f1d38d64e44f8590e14dcb4a2a81845072001344d14f8399a3edd43257d6f5,0,normal
2f062fe0113b4ddbb7fe3d748fa11a89cf082d3cb1a54adbbf4102e343ca16ec,0,normal
80bce34b46b0417eaa59d04012eeb932ea3f6fea772a48c6b0e1971e2856f3c4,0,normal
e1316b2be5bf48ce8e7d897cd63d1f4c8e4fbc343f6b49ac80698980f27a5de7,0,normal
25c9826cc980485fa48822306c0830146fd5e38487ba43d7bddc5a253087aee5,0,normal
4aec108833f342bdb0865ed41ba8f89702af23a772634a1d88b2a19ac3222a22,0,normal
ada2bdea09ee4a40ae80cebd137c92a7eb2996ac683e483f9d656f4a24b31ce9,0,normal
c3b2aab7dbe94f55a192ee0f98a085b73c86870c4fec406aaf6a3f4385b8a58a,0,normal
2f093833d853476eb6d66a58f0de542a0a22be2bade8493984a190081932e480,0,normal
f50e58bef2d54fd298602b72d15400055893e74127044902adecde036b2ae956,0,normal
55a9e836fd6045efb4d9e7fffa0fb5ebf03f1f5fd22c489d9020c86de3b58064,0,normal
09b9ea03c4fb4623b12f6d813c05537b902797d712104fd9a9629f6f8297d93a,0,normal
81f43d260aa6448bba63d5ff24cca05fdf0bbb26cd3a4ed99048886fcf9a2945,0,normal
aecaa517d276401e8d93b7c699052e6e21abde04f6314fe89725d502a04ec7c4,0,normal
a035d41ae5594edcadde4f9d0fd030c857cc66a416b948fca7c61cdfa1c1ca27,0,normal
37f84de70c9d446cb1df93fae396f98c17e6d4be2ed240b1a06c53cf0fea73e3,0,normal
47eb6d0c8e0c402a8e76fc7c80a59d919d9f8e1e57f84f6d820e53c6f771c71b,0,normal
c37e0368f18244a98ed64f8596fea1f05df50fe3e74543aba694d1dffb987427,0,normal
19af3124733a4dca8eaa35d5822ce943db6898c40ce24d83ae209c1a9316e52d,0,normal
d6dbe0eaa6e141a4a4ffd5e95e6f4a44d1deb952241441b49d36a11e2e5b8328,0,normal
4c07b57996894587a63a4535fd545c826de8afe2a4f349198a34b94ae78e7738,0,normal
19f82e11f309424186c2387bcede019b1be904c236f7491d8c018262e8f1e4d5,0,normal
951fa17124ce48a48070d7d18696c9eca478e0fc48464207b21f11b04fcf249c,0,normal
b1be16dc61a14b72b24dd3c8fe81004f82454d95f08443bd90d9b11e980dec6a,0,normal
0e0dc4cb98c54f65be8cdb865f2a4469e9a322438f294705961b627ef663cc4a,0,normal
1becf6d5d46142c6a339813d06938ac8da85989b81554e089d6969804c210522,0,normal
7c73f5294dc9493b816ff0518f41894aa8df4791540840bdb8f56f5199a278d9,0,normal
07da1d331328443696324483f10e8ee5e60083b4f46e4cf88315132936bbf69e,0,normal
83c30f3443164aa68c352b9a43098c7172b29b70b9e44b3b88c775ef001c713a,0,normal
50718ccc7520485ca511e1b34b57e7ce622253bab8e84d99ba19b5734b884a62,0,normal
63cadb57512c4a9998e3fed844cfb62cb13483923201455bb7ae9853801a0567,0,normal
974c904c615c4ece84bfa24d2b260bfb51a106c856e64deba385ec9d2490dd23,0,normal
31efbcc0357d453d95715b01588e321b17ae017d5f524739877919d80b985aea,0,normal
b68d94f802224ad1a505291cd3963c22e7e9914b9b284308aba431656a9aee55,0,normal
e6a7fa51a4454362aa0ca7e52bf07f99246978ba70254cc09d4fec1ebf2574c2,0,normal
1742b3747fc24f208036706eedab7a71c936f038f1104e0bb639928bc91fb7d6,0,normal
18a8a9ea76a74007b889ec31c6ae614cfb13622655a7470ba192d55e2fedeb0d,0,normal
6a58e9d000264655a1e7763eee8a4366c8a8fbf6abce411f9673287a8bedd195,0,normal
8f5c5ab53ef249a9b206b55bba660d77984905f1da484f2ba99ef2a95882a4e6,0,normal
732af3464356479fab0236bc0ba835f3f4b07d4b7edd42cfa26addd41694829a,0,normal
a777a0a148b7478eb678dbb82a7a20ec3ce2ae8787dd4e58a609e85d81d84069,0,normal
a52e74b7ad5648a2913308094f779da68f0f38411212499496b2cd2ad08b5c27,0,normal
94bcf5e199854a76821269bd8ef1a2b20bd3ada9320f42218bd043dd7b238428,0,normal
1289ad3e1aa0448483d40dd04a8826cdaffc0a4f5e5b40cc9f3aae834d6c824c,0,normal
92a748adce444913b1ca57f423b35966b4942539eb714cd29c440831f544ec94,0,normal
3585c528d1654bd3beeb444e77baafffab156d9c747142dcaa0e60c6229c4bfd,0,normal
d3a301fe01474634b36fa008ae7c58c41fe404c9cf784a9caa154aafb487c045,0,normal
c34c82f4dffe4f6da5e7d1b8f9597af267dae7ac364e4454883ce7e45d2074c7,0,normal
7fb26a9ec4634043b2923a9070bdfe9f5fd47fb3aee843a0827b32f93dedb89a,0,normal
45eb572f510c4709bf9b03817ceeae68087c5a00f98146d28b4113bfdd604011,0,normal
abc8fd283a5d49648e7ec322f4ae11d7865c0ce17bbe4227aff771d3fb0dd821,0,normal
cc229f4efd1449e4a3d58fd44b7dc5a5d06ef04e7cf6410b832f46b58916dbe5,0,normal
ac88d11de61445cebf5da981d2854e1056f889c76d7d4542b03171b93e40b70b,0,normal
b2b021fec1e243cd9149d39acf3117b1515eb603baa847128cdea58cde8224ac,0,normal
0aa17e7a4e194fb1a329fea28b7d04a4f216f7182d694e6eb0b2a964f4f8ff70,0,normal
e6d43ce60c884f72a122b11443f9df467e086fe9313c48458f2e742b712bd0b7,0,normal
381523bcb94d4ccb9aa0c87b4084c3edd433a94d68f6402cad4ce819e8cbe677,0,normal
a1fecd707f704c26be32bda885bda4e07d2deb86228d49039a78d233a9c8bf0c,0,normal
65e7c06d177245e78654ba4b4c58894fef31e11cebad4bae9f134f84c342625c,0,normal
c6c3de985fd943d6a1386009b19bfb93cb11987e776d4eebb14e6546def375dd,0,normal
f9ff5f905d024b46bd59d2d3c63fc7545f73ca702ac6416385f478cfcfede3fe,0,normal
837151fba8b0471fa448bf4943c07ed943eae4b0da284dc194ccce1e2cdec326,0,normal
7da998c9347f41bf9f65513a2889d20645df193fca5c4974a1062639331d12c7,0,normal
82408687ceba47efb74be91c8258c0d3faf2a83e88f9470e84645c28e33d1143,0,normal
ea4f46c2fb3b4feba821441b5a83014337732e1e712040f3a02c896a10e7df0d,0,normal
418be61cfaf1411a81db5fc0054db799e69701f5ac434d61ab705568a8c215bf,0,normal
f04a71735e4547588e8289d4c15386f8fcf5255fe53e412c9c0c9159678de073,0,normal
bf207b87c7df44ddb4a6ff6cf9c3e2aad1a993e364b64a48b4b9cff7c6acff44,0,normal
6bd59f460dd140659469c93ce33c92b894423929ed4f4be596e7f03c11c06611,0,normal
bffe0333bd224b17afb2c1f69976cc400e0212a2524440dd9dc471bdfa27dd5c,0,normal
002ba1a10d004eb98ad511a6b16ce3678535f4e9600d4ad2a854948502c6fc72,0,normal
25b16f9e5f8246f4a0ff919ded776b71e1cdc394c8fc442fb1c55d3c27983761,0,normal
58ff60d69b724c2cb989777f786379da0f4d57c7e2e04c378e07fa9f11397a3e,0,normal
c2852e744c884cb1abbeeac0476224124498b69a25654036a28310c4c12e67d9,0,normal
1056b34fd6c4408886e3ee50caaf4378bae563d9da854100ada49a1d0fec0e8d,0,normal
eff27807362b45c890b886112236f1075c9967211b4d4252866ee44141285a39,0,normal
81f1ed4243044762b89c9b37ceeda25078245d9774d34a71a5a504e8cd51318d,0,normal
024b7e8760a84917bb2b13803d92bd64daf70d3f7d2047f4802ab421199c88f2,0,normal
30b25a39a697461285b8b038dc32ab2619d59dd994eb4d6594005c57fbb3f6b8,0,normal
c0f3b54ddca041068c71b0806fa0efec58b248c2ff54471c9ac778a961784961,0,normal
0b049068ee7e4078b0947b59e869d5816751530d6fc04810ac8aa119f4e44bca,0,normal
22160644379e411396bdc58b51a1c92fb04fe71131464ad4b03a5c03b37b4fcf,0,normal
386ab267ccc044c584733b82fb2f0280de084a1cf5ba4015b6b559b8eb099ccd,0,normal
831d234b5602417b802f31e8271196e4229238ab71934946bd3d1866868edeb7,0,normal
9127409eb3fd4b4fa9828969f26e6f72e1cd246a422044dfb9378a29e8a9d0fa,0,normal
e4875707f00c4e2797fee77756541db9cc56aee9eb08428f8203d4b4aa743043,0,normal
aeda384d436a465cb0b48d5ddabd3b7bf1870ebac5464830902591b7c6c051b2,0,normal
2469819432ec4ace84edae6e959e4f840d9ba8f256264adfb6bbf6451ae34b5c,0,normal
c0a33f2afbd840199dde4317d4c818f20a714d38e3f94630ae25ef3bbec648af,0,normal
b91e247bef7747e7a89b74e8cf650c4fba665bacc99e4d878636658b4c179391,0,normal
650f89978a3447a99e45a497652784e4378d8481d1514c6b850497fea7ebd05f,0,normal
1e473f1c2f794277a67431dc9574b93c8cb70980ed824759b65ac026b37170a9,0,normal
ec14f8a34d0b4e05b8f2275e8259016f3b309e75f5ad4355bb02e283e9c21de6,0,normal
5cb7e49fd45b404dab6cd61ecbf83b736274f4c14da749d5a37438e332cadb04,0,normal
92b13e98707d479e96098bcef1d49ac5b76ef7f4ec2a49cba191689a399efa32,0,normal
b0335796d18448c3b656f5cd41c6d44305b67ed6c18b4ef2a45ef8f62e55a7f5,0,normal
56fd72ab7e744d6caa4bc0222a9c73491b7e6c9ee349470380c04b230c314fd1,0,normal
571ee316c5ed459dac33aa8496c995f0bb131cfd22b84c48b2e0d07559540cf5,0,normal
88a78dffbc6e4aea969ff54bb0c0524a8741dd90558e4a63835e43992fb2a11e,0,normal
185fe387a1d045da961f26f126a638a902886459f8024f43b7e27f34736a11d6,0,normal
36470fa2dff84d8790dcb8f7be6a756edf070bf500fa476baf5cd0b19b4c7902,0,normal
837fb3f0837549a3a276d3c73a34b5daf0d76a7f7ed446a09b2bde3f1581cd0b,0,normal
dacec10eeb7e4deba9db3deb11583205015dd52d109a42a6a8eba90acf797e6d,0,normal
b6acf2e04ee94357a44aeb5b57431df8b71649626c834c42978c42d5a4146e13,0,normal
c2e4fb063cf6432aac36df17ff00a034a6a483b7a099433aaad462ea57f69d5a,0,normal
f6d8783cae0f439eaecc344fa0422683bd27754142ae484a92f45d498c2cdb07,0,normal
00646cf3a02e4e789f1dd50d55ae09d95d96ed7e5a2746dbb289e16913b9df45,0,normal
0fd72a20d6f441e5ab42f7d6ca578737dc5ad5f525364076a2455381d6e58620,0,normal
3f4570924dc947c5884f5d5f5ac6f4cb24a0d52b31884a7383fb0327ba0f3984,0,normal
fd2f06bd14db460b88eb36f4b8a9236904522043e45d4f31910d70dfa369bab7,0,normal
8bc5e222850b4b888fadd2d2d016a8287f660d8e86a0475aaebb1dac84a333d0,0,normal
28d428673d9641b6b4d33b956829a3d44c5f5f5262424d138b7d1e9217de2adb,0,normal
b84a9971667a40f6a9a6fc4692cf4b328a3c436fe804469da3048c0948c8c52a,0,normal
2eb677e5aba14e39833376d034641ef045cf564f75d54d2aa2e3cd94ebca8685,0,normal
75bb11c9a46a40f28c706a30cc4f34faede76c4c7dab436fb1ec447ae7119d71,0,normal
032b1f3d137c4f15945f3356352eb0a56546df61d60947cba09bcc5b2baf66ce,0,normal
6bb22090817041bd8a0988cfc8a9a0aac766036dc146449c8fa61445d34beca1,0,normal
56c81388ecdb49cab6d677c0c43b72d8813ebd78c6a24f29a22d45769b882f54,0,normal
1c746ab7d8e04125988d93dbc157e9a12f7b0bb8a5944ab8a50f5038e190eda8,0,normal
03f9efa8347b4984ab6c7480595608fada006f1117dd4ec0b22519e79609e877,0,normal
3daadb1e4f02429182fabe41b2c904d76e26b88e1c0e474b9c4109ffc94b6c88,0,normal
c47a300cf7af4b9ea264bdb7e0dc8173b2d86a8e87e44bcebf8e770e4764715d,0,normal
7a081ea5d4884e92acc678a25c2304696181c29944ec413eb7a2994fd3287f51,0,normal
64ab7356de244ef698ecbd383723a431bca9aecfae794015b920c5fba7100b2b,0,normal
7451db3823ab449e97d2f02da84c39b6c6fce33e5a154e3f9ba862edd1ed156d,0,normal
f563aff3c7914bd1a36f58de126e0bab376b786ad8f2462c88cb18b541dda952,0,normal
0cd00bffad314d548c109f98ef1485815b7ebe9224db44c3a4a00997b02d37b0,0,normal
9387040941f147f3bd971e65f7c9a6b602877120bb8a420b9e93c48572978628,0,normal
e3c7f6d8abd8446ca28be18cb95c8df339002189d6f547a2a31cb7fd303f6580,0,normal
30dedeaf8b3a46c78e5ed17d3c0095b59fa514d94e764ca3979e557652ea9626,0,normal
3f261e447dea46c48077db566fbbe4e6263f44d22e074e09a279b42c21582f38,0,normal
c47aedca760347ee9b3c2d409b2e12e4bbdd80d2822b4737b428033faa2aac6c,0,normal
2fe9004ac16c40aea43547feb038f4499e4e08cb2c6541e3810796b9df265f03,0,normal
856133731e4c4c74a2ad76ea5636dfd2e152cae02268497498db8a55b66eb26b,0,normal
6749dc55b98b461c93b25218b74286fb796abc456b754e7784bc2c94cdb66418,0,normal
1df189b00bce4500bcf27adabcf7fc1fa148753b406242e4b5bb02fa80fd858b,0,normal
082fd573f24e4bf68cd6d1eccd9b7c28cdd7889f019d4efda1e9061d9164810a,0,normal
40c1abc54d5446b2b6f497cf1e09b7f4e973405ea9294978864d1cc8f484617e,0,normal
641e27ab129249018b42b78f219d5e6af858e075be894d3e954e4ea92571d5e1,0,normal
1534d07c417445e482961fae02586c0d83675186f969412cafca27714eb5d7b7,0,normal
09621f7b3343476ebbb1ae56e31664371fd1da361f244a3aa36f0a4ce200231f,0,normal
22fb60fc066d45c991ff4b7d536f55f6ae177351a7de467ca8e1a35bd5694cb2,0,normal
b4c64ab56b884c0287d6fc455071b8a4bf4788bff6ab4bd8862d4a9782fdff7a,0,normal
8adc247ad1a14d649eda646311d3af81d6551ba336b142f9a17817d65829e258,0,normal
447c4dda3d8848ccab34245395227241217fa61b4e3f40728daeaf8e8501d164,0,normal
19878052da454f17ad149df0bcc0bca40c2315e500924c48b0e671c5d22ec454,0,normal
10924cefc4d547cdb742a5d7e07b7a15806eaeaa83cc4d4d92537718c4f12b83,0,normal
88bd0bbe1f784e60b9913f213beb358f42be04a54e204228b0512217f1a34391,0,normal
df08cf9a57f14bcebbe707e32eed420dce56cafca7f04c6b9a5a9d006bc814cf,0,normal
1d3104a470ae458a834060aedca41da46769fd7750194c93ab7ebd74e49eb8d6,0,normal
9ee77dd449da4a34b5b88caf6d8ffb03cb17ca411e4d42cab0bb75dbabe2080c,0,normal
297439b9f1b94e428524d2fd32cee9a5a1be601cd3d24ed08479974f8249f418,0,normal
4a619f281f6e490ea7dd6839ddae3192e63d88f416564c2b9d3d4dc6b8b390ea,0,normal
1c710bee051846929b949b2b25b8cf7f60366095e9f145078da1d0de217a1f35,0,normal
6a2cb2079120498d89c686ec43619d8da069d161dca544d4a6b8a820d838c81e,0,normal
44f5f74a2cae485c875a94a34da7298d8d8a75f695e246f493ac81b3386b47e9,0,normal
d8be4bef4eae4629ab7aeaf327e8ab608bdfa4c615c74112b8d7748ff235e288,0,normal
abf02b1e96c84fb2b198918c79d9ed0ed957c520377341b3b11d3ac2a2950050,0,normal
184c9d960ff74d8dabe782eddfe3db6d45e12cf99adf44ef939a0341b86ac654,0,normal
c5055df55aaa4bc496d49a329d6989a0c15d43252f4a4664b246d7266eb489fb,0,normal
b7061d4c9aba46fd87e02a4219e16ea4a5cb092ffe2f41d887d99c88ddc83a1d,0,normal
986646188ec0492680a1f9003556343c3f03f3e6677d4c24ab426a07e795399d,0,normal
bf49eada8f564425b95296bd3776423074c4be256e0c47d2819bebfd04de4a28,0,normal
77bfeebebfa64cb4b6551284b92e27934866da5175e246a5b6cff01e31c34f90,0,normal
a7722913a0964f2d9c1c4b9575b2081a7eb51f29549149a38610bccd75d52775,0,normal
9602588cd1b449669f5ac80778a51daa64f43520b3e04ff98afb0e31e1bdc2ea,0,normal
bbfe655546d54a01ac9e2e1a923b3e9363ab23de573348f4b2864f2f61a01f7a,0,normal
d19b060953ab4afab2065b2603f838c0ae1486e01e7e4b43a657ed3fedd316a2,0,normal
cd60f9b26a774aa0bd37974487ca96438609d1b9e09540db90186abb48d8a54d,0,normal
b58dd0ccbfca4c70934e8661c818af945f2b7ff23aa246a6b320e8d1af18ae72,0,normal
0677ac523b8843c98c41380c2c5d155e85f2ae1f94574a24b43ed3160ea8cbde,0,normal
23774c680f90468c87935956fcdb0c416edc5272e3d04002baae7deae52b4d6b,0,normal
932fa134ab52408b8d82e04fb06630685a2e3b30493e400d9f063e2c7a52a831,0,normal
637bdd2bf39741b4a3828bdcf5c1f1871eb878efd8cc405ba63f09adf1c8fcb4,0,normal
a552a73d00424959898fdf37f916dc23f56e0688f70c41f6bc25acdaef09ba1f,0,normal
6ade45b7458147048a1ef0e9ad33c5239feaba33263140da92790cfb707334df,0,normal
bc8b7fd8722f4ff6b1940c09b851d97bb426f5422854424a81e47f932ba85ec6,0,normal
f17a32924b0947aab2e26653ef509cd197299bbd1e104ecaa80a61582a30bbc4,0,normal
4741a57fcf5e4b48b10cf315e258c11d2641ff7d16cc42938d0860be05fb124e,0,normal
5fea9b9de2244b4f88468c876b58e8ad947ff09fe1e347ba88016077e37908bb,0,normal
20673e576a944038abfb72f7b52e775c87ed91beda8849d39ee7f1609730a8d1,0,normal
5719600b0ca54ede8921368c545597cf2dd6fd2adbe241158be675e939e1c890,0,normal
0e5d127de675410bb9aa7468aa1394bea73b5c8b7bf24cba81f27e8c54c3b968,0,normal
8af7fd24ec9846df97a080044c851bafbbfd3381bad14f6598ec842f6ac5b0a1,0,normal
12faa3447b364cefb2329a7a710547a570e1715ce0354272bb83fe5f5adc18cb,0,normal
1fdefcf4daef4e2fbafa9091d84f518219fc45cfce4743a1ae9329b5d425c56b,0,normal
31c2a662fd414642b5195c4f11dbf5ec52c8da5ed1f54609b5d3be162f2593f6,0,normal
ce841ef733524864a140f86d6dfe1f548c9c7ffc7cdf42ac95de6f1694b3f539,0,normal
ab5f4905c7d442dfb798342ec2dd2fd4fe3c844df6c6478d9816084a9fa11d5c,0,normal
a91cc62e01c94fe8bcdbb60a81c9b0197c24fa6751034d26825638ad69e60cee,0,normal
415d5cc33f1942d29ed64a234c82fd21c4b05d1a20604a00ba885132687e754d,0,normal
dc4216f73ddc45508a42645c9745fa347c5d055c07d4473e9b8c623c44356aaf,0,normal
b2d951b2b80a4ab6b5e56b46a4079e26842661e2e9694e6e9f5deb7f5ff6c972,0,normal
9c43edc4c05f4a6a817a592eb0e3ed807904be897ac54eeeaa3a0cf5b0186949,0,normal
f08e90a08cad4921b0af2a3b477135d86d321d3d0df54640b0cbe3de685ad61c,0,normal
3a78929caf42433ba7ae512ff15dc6ed5af7118ce0724d71b336e51c35df2f5b,0,normal
9f637916e2bc4658815e69c571700f45b1bba9f9ee1e49319b035d3451a447b0,0,normal
e7e6e009c7ce4b25843c4bf2e38ba6a0aae55be7fc094a638716a72428b12e06,0,normal
10dd0b4da4a54aafb5bdddef770cac0454b781cfff304d0a97013fd72f718b0e,0,normal
42645bf763ac46b1ac1f7d01e36e2b8138f110cc827c49fba64c97e002cfddfc,0,normal
6789199f3aae429bb4f35f089605fa350a929ac2c5ed49548553f9612e752605,0,normal
9f6981a0ade241718567ff65af8cf1fadbf9dd87caa34c09bc843b08ff0cb77a,0,normal
d633d452735b4d50944844f856677185296efa37e4644b79be44ff04a7b8aa37,0,normal
882ded7b91c74e9f9581db2a3be4d9af6be998f619564851a51d8e2b87ccb283,0,normal
b0dacf185f4a4d5fa0f854460cdb1e3e10e68c8ffc3748ae88733a5095d7c2b7,0,normal
c8f2cf65b77240649a10a03e7633dce85ef298c1e9e444618dec57990677945e,0,normal
0be0ecd007b74ba78ee612feb2cae103fb639ba6f5fb4ec2b78e573fe0889a88,0,normal
fa6b92b484f742ceb5f057aecea227788f80e929e9ab49778db44d334ae2e7e9,0,normal
c2c2b129a6b747d28de23130157d90e2b25761cae7ec414f96a984efdd4494a3,0,normal
c1359ec1f1ee43a0987dccf3f4619326b127d2c051d64d21a5588365a8602e4a,0,normal
015864aa5c1b4965985321ebc50df99fd450b2edb0c54e7fafd8070b7bd42255,0,normal
b802559c00a74123a7393e12f282e75a88e57e8a9fa44efabd6be7dbb119bd03,0,normal
b91fbac2412049a4af8a8187ad038b045ca353c8834747b3bcb0386a344eb9c5,0,normal
3558e38e182b4e4d812e74306cf8b1595a8e6f6233e44b66ae96bf6b09c4ff48,0,normal
4558b691be324e0dba89c2a88618bd915c325981891e4432ae32d6027e65cada,0,normal
53debdc84905423690ec836d50af99c1adf464f28fa4452ea198eef2974da7e1,0,normal
635e49733936425a82aa3f1fb3930adefcae73ed12654511a6072fa54c49a4f5,0,normal
c430cb05e8ca48a293b4f1f6a23e4529f375e6f6264046f9ab9ecb281533a1ff,0,normal
856a62a33a2448eeb74190d611f1c58069e798ea68444029a9cade11bc8067e7,0,normal
ea4adbe02b8044fda757b1116be5557c885ffa271a504310862105ce9fe80a18,0,normal
f97f311e26d94f0683522d65d5a4c15b780dae36d94541a8844a8991b10282d8,0,normal
289c1fec35a149d6b3b924a633bd5a7f3a51fac9a37e44b09e68bdae0a9bd23a,0,normal
96db3975b24344539042bbabd6144042f02235bf6e634d6ca84eac3b60ffc59f,0,normal
5448e1979db44fa58d276a5eef6fa8fba31684c51ad547e5a252a2b055655d2d,0,normal
690b86618502469c96c015d20a867fe014e23e078f174a13823c81d726091c9f,0,normal
1275f55897a348aea4f55b96a69edf0f41d1b24fb42c4695938ce085a867eebe,0,normal
adbf4899a41549f7b2a3a6b61fdb4693601199b9123b47e19b9293a0b9bde52b,0,normal
e96e3d15e32a40a3a64b537d86c300b79067b5e107c44b0dac525794cfafe664,0,normal
7a4290187b994e4a9e7e3ba4c22846acdf9efede552945aabea06a66a54faaf5,0,normal
8e1ff47ad5c8424c948702a32a804727e4b144af4fe84f778cfe457dae95b87d,0,normal
1bdcf8188d4f46a086d67b05fe8491537b6d9493c1ee4b5f80b7a8a33534dd6f,0,normal
5f7f5eda3fc24ab598031cab7a1d9ba5752ed6a7ec934fa790abd95d0425dcaf,0,normal
ef778af5e7584bb885fd31bcf6732a3979bb0d7ec12a43f8943a9714b759a3ef,0,normal
e6015e183c3b4741bec29e7f16d0fe8d2d8fea0aa12d420c8132dcdc6317ce94,0,normal
ea668bc35be843e894399b92e27d87c4aad53a0e19984852b9879ec007d1fea7,0,normal
b38d332ca91649fd9cb87ca5cff7218e1325e6205866466aa91d2fb9d5ba8ff6,0,normal
7a5047347fe54afeaf4d0ec6b400e345406e2283a2c544b191f45c3ddac268c6,0,normal
a4ae59bb514b45a0b9facc94107204aa77c1faab76e5404497c0e79f5d167509,0,normal
eaf8f56f91584b2ea69858ad8a7241c87499bf27b1be4a0283d82d945069b02f,0,normal
6190c0d18d0c462a94dd060a0b6f6fe5de6ed01e53d84497bcdb6d429ff74904,0,normal
17915fedbc9c4d9abd030863804ddfb20c8a532edfde40f5b1805913d648c722,0,normal
0ca99d57240549c78c8be95467a2e2a1a9b95afe39a043ada9b6b7c659bde748,0,normal
dd841ffafdce49b382d408d7dc99987dbe29b80644da48f58a5dad69ce4d32e9,0,normal
9315fa63440c4e6ab3002aa97f860331ab77bf6c77534fc89fbe6a4b38c30ed7,0,normal
309d3ec3663d4876a1f32cb9eb371f5b8ec2e671d9c74eb3820a1fe703f0d7e7,0,normal
8adb3c72616945f1bad17523c2a268c97ff2fdd871d94f2395de9db5dc4e49c2,0,normal
17deb0e7ca1742c487f0d5424816d1bedda8a875ae424efd86294c28e1c146d2,0,normal
6205253c49fe468a8c15d47998fc757545ba0ab6775040a596f167670423badc,0,normal
a59c524a4edd4dfeb6e9c6d29bac199ca634410bd90b40e4be181c003e5efcfe,0,normal
9692c0d29885407e9a0a4cf1cc986b74dd9d2a2e85d0491bb40671534fa6c495,0,normal
6ba9d7b589194dd5a5aa260b2f7fbbbcd8fc6dbbcd794e878c34e75f68a07278,0,normal
2c08076bbd4a4dca80a987b9b157670f6c5dc8a896624641a5ec87fba3e0caf6,0,normal
810f6e614b0341f2aac465d38d7ff06e84b291c3a14a4a3ba0c21303442b9e8d,0,normal
169dea3782b54190957f41fc57d466bcf6eee57473c44d9e9b09288f0f6139b7,0,normal
2a7b69c6cc1a407781e59b2e3ab4f46c3f15121242d14b5eb45c661308b669a3,0,normal
ff0b856d3986473f968b820fe1f927c6ca8aca2256b24a778558d3eae5cf0f83,0,normal
5e5a1fc8ee554d83a21ec4f0458a94b0a41ba66a0a5048989de298668bbaf4a2,0,normal
c0f526ab71194dc2ae9319e67adb1555db8a2f4b5ee84ef1ae021bbf6c9f1b35,0,normal
ddfd4fc366df47a1921c818e5443a3aae4959755969c4e78994c99a624625918,0,normal
706d5a2d30e34267a9c560849be204aea4ca005011f84f0e84d029102ecd571b,0,normal
d4d57b5bde364f0dac5d0bd87ea2ac9fba09a65a56d14e21875eef5fc7a7c28e,0,normal
817d69dc9aad402f9d84d88e68a634f945297202aca245dea81adc775c28374c,0,normal
208d982d1d2c41029ed5e0f7522c06be74f61ecbccf042b5a12acb76766c60d6,0,normal
d7ca2947ed6a443f91edd34fea68d31fa776eb21e1d542f6aff4e3dafe11ea57,0,normal
1521f20f208d4ad2b4638de17f2420ffd9bfe5aa30fa446dbdfce576a34e86ad,0,normal
7007faf84cdb475eab195304a05456ecdb9934b46ba34915ba977377f4fc92b4,0,normal
82e417e2fef04c77b641c682e4607d58f054e2bcd5b44ad7b33ca92e242a4e2b,0,normal
c2c488868a2548769d73960d10c6dda8bb9532627ee84e678aedb9c3b5d4ccd0,0,normal
965314b239094ad98c5414e80e6127763cc5e4e90c064138ad1ba397fd0d8ca1,0,normal
28914cb5f821424d994ae4fd798a0563f2706769cde54e11b3be5afae202d44d,0,normal
7b751f0054e14f8aae079c8b6ab134d7322f8b17f5d14adf97aa6aa05daab111,0,normal
8dfb721936f1446f930fa7f71d745bc0f74c3e7966c84fb9a32cb21365b904a5,0,normal
d048c637de424fd4b7e4533702ce4bb6b6c6fe02afda471cb602f0209a1ce278,0,normal
ba29623788814b62a5b8e8796e3c7936b1f3a087b753424ca6202374cc6da187,0,normal
e65891e636a0496face9e4f8ffa05f77582bd9575198455dac3806837ee57b1a,0,normal
349b1fe5020f4e849714c095a9dc229a174085654a5d483aab8e543eca43963a,0,normal
cc4732dfcf8947309c6ebc92e2270784001a3549f1574ce4b10cfaa2644c4fdd,0,normal
85cdea823d414250b615953d8afd4fd8c7169598d24a412c9193b6b65478a552,0,normal
91ac5708eb3242cbb76b12f1c2f335352162e25b1ac44f30907f09ccef7bcbe0,0,normal
9eb46d98854b4c6498266d685e3c1e7017e5e8576392415d9aecea1f1b89bc8c,0,normal
a2152198081b47d9ac9ce180787f9095a01bd8f60d8749d3932aa65fd4fa0836,0,normal
78404f2f58ac4b4ab10b26c9f6607ab6d212641d54d14edd9ad99e55e9d03758,0,normal
d5a6131cc35b4cf9ad21349bb57d3ad3f8d355fa71a849d5aa62653f00174ade,0,normal
2f78bd96b1ea45dc93d36e0f3a01f27e79d65373ec90406380f25d8fce609336,0,normal
fb770bbac0854765a2cf0851708fea160a9794bb5bec497eac109f9df7c53982,0,normal
41e7dae6e99e48e496785c17d31a5ed06edda1e8e285458a8694062699119d3c,0,normal
1aafce273b344c0cad3905a79f675f9d02d5d3b82ad94704a95f814418d48417,0,normal
d44ae6a45b91427dbbf105e074bf8b759be0b195f82b4533b5cc02f68b4f4629,0,normal
e792eae1a7204f2084a362860fce8d8335ee7ea1c6754bad8637e6a824ce17b5,0,normal
a35fc331a58341f6b7267c198e501e0af53c61af9964423783443c4a31bfcf02,0,normal
173596fda64449ed85152985169d28f779815abe731a4a298c82245fa9fc39d2,0,normal
cd96e8ed09544df992fcbbc80c43b755b787b72e619b40ed90f38ecdbc04184d,0,normal
e3aa254c22a045ed85f600aa786736d988dc0b5570314a14a1056f5b47043da3,0,normal
83292ab87e9e4cffa7882328aed0428f32512c20dd5246b3ab01ac2cd16b6b5b,0,normal
7aadff09b43c4427b3a384f8ee6e8d42984261c505684ccc940cadd28336ad17,0,normal
2c564ecff0f64b199c6bd6d6b6f448baa758a4d61fb447a79e194e3b5a6318a7,0,normal
f3e63311249b4c5d9c256b92001e5766ffd2d5fdb39846bab4a26c9eb6ccbe27,0,normal
34564073925d40cb851b08d433877fa2dcc9adf173c84ce38fc3351b47c4e09a,0,normal
c0447cef34d345d2a7814301c2f6d4972e4d2166f9ff4304b11515a959218fd6,0,normal
2f2798b4568043fe9e86577d40f55a7d410736e21d464c0db215c485a2c82be3,0,normal
9e543e6fdcd74d208e0c8d803996277c746c4d3c2f504e87ba162d4577b323e3,0,normal
853486806af94adeab1b59380480f47e200431c9d6dc49c6bdd1fa9806b6158a,0,normal
af9c3b0b656c44839d433d8c5b5e7f84187732197f8c407caec7f1fbcee58c1f,0,normal
b572860bd4904b5db477ef5046d22a097c1cf2d8ed814d778cbfb2e69ef2a4ff,0,normal
4f5f6972e9fb481dadce05b748caafd793cded3dc0cd4476b6b475ed759dedeb,0,normal
7e8d72678c124d098722ca526f80b175c846d0e02d8142ea9440d648c8911aa0,0,normal
4814ef1d730a427c9f96cbf167995a1fdcf0a5d4d7d54d7c962a987f8435c666,0,normal
0f5d6da6e90643e1b8b593bc9747d786740dd9d9fa19412d893544a864f42088,0,normal
628f6376be1d431cb281f00f884c39cbbfc98f588ea140cc822f994ca144c414,0,normal
e17522de01eb493db684628b701bf40513d1a6e8ec924158a3145f48572cfb7f,0,normal
1d0ca810b5ef45439b737f1c65db1015702feb5ec14749c3b39b195a62ecbbd4,0,normal
0f4c67361c0640e9b8ee9e486d9f3dbf34a5dd4caaac479994a4f738e39e3cde,0,normal
dcbac2d9a1784031aac98fa4fb9a82f4c52696b4a17544f9a3b51b8457e4b439,0,normal
760271674a054b0384dc0b2a1b9e38330974ccfdb74247a6818f3892add1dc03,0,normal
bbccd6a071864410a9304855718c3b32ef684137c33640cdbbf7fa7d7d8aec7e,0,normal
824fcc4f772f46bbb84eac5c683088a70bf06cb60e694175a403b4cebe7c3649,0,normal
57fd02bf9cad4ac2852a80698a763fc3a567edcd8bfa4436b624ed672784b94f,0,normal
951d1cdf20534494aaba73076182e1c94d51cd008a2149e885ae311e098886b2,0,normal
f3a1f8b230354857b17e6af2b9289104db9a66a06cf94e789195a0395f8717a6,0,normal
53694346371f49ce9efc535c3e248831a113c2c58ed8452a904d953ec1e168da,0,normal
bec6eea9d570483da853592731215f9b7c64a685ff85498f80d73459068ec038,0,normal
c524e993b85a4176bcf4fdfd398bfa4e2f3bd60b0d0f4e4a8f317b5d9cdfcdf2,0,normal
43961327540f4629811ea9389cd4968df68ab0d28fdc474da9c4018d0e2708fa,0,normal
9fdd2e8db05e45e2a5c0edac315f653d5e613841ec2a4543ad60471ac3d191b7,0,normal
c9e86e34af9448a3bacce520e9b58f5915f1f4bbfe83464ea368e7d35b82a305,0,normal
75539c29bcc74112af0ea850f164f7caa6c87d056a964157b095de71c6cc2898,0,normal
deaa2dbcd1eb4c098e2aa6d57ed5b7c68dd664388b3b4798b7fcdde8cd1524d3,0,normal
c70232d0674a401faf713eaa5e592dca7da39b07854040c5b7431fc9ef3ddb5a,0,normal
ed9131a92e734fb6a5d98f16c62242d55e910c2cac0346b6badc0b7d22dac4db,0,normal
6bf34c8871a046e78464ec1401bab87d1bacc51cd5e2494d8406a96b48f5567b,0,normal
228c1ae570ca4a63b5734ba6e2a44457d75bdc7083cc48fd8424c3abf41c2040,0,normal
6a710528a9f448e1b04bbfb8e3659e3940feea6d9dde4ac99fff2b8f8a3db9d6,0,normal
bc1d012d51a841a1b0c5f58ec0d99d43e5f587b0e6cb4d09b986be266dbc7e3b,0,normal
a0d75ea93f8047fb940b623bc7ac6dcfacd3a601858a47b29b2ee576c699d0b2,0,normal
dafd74bec5b742cb8542b9a7973b9fad54c5ad72667c433487510bab711075bf,0,normal
715b0bddea524b978616b4ff7f0a98680619b3e4d255410db31ed84f649a050c,0,normal
bea8283e691341828fdca7538b2eb32d5e1f9361a27a4bf4802bed9e5ec66b92,0,normal
cb0e07684ea04f63a9051b57798e3d893499a18f66f54b6ba5e1f3f6c6c5b55b,0,normal
5164674579504b9491789e6ce75ff0884aac21222ccc400d96942836c20685e8,0,normal
5b6ef329a9034a08851fa5f49239e73f4888d40798e74a7ea31f4c8976165af1,0,normal
5da2962633ea4389a6096e508187eed5375986e4f8dd4e3496a0797451ed313e,0,normal
f11f202d5e1242ddb4a708435c743e5b3ca2ced90a7a40029b57624d335f12f2,0,normal
0eedab19a9a443e28c2fe69220e2f4622599f8c595b746caaf9daac6123aa2b2,0,normal
465884362023475a84c74b0cf65b4fdca2708b0af7c7473288d82b98b79798ed,0,normal
fa62142ee4ea4b5680c04a124ccabfdbee2150a7393f4fd4b52b581125daf077,0,normal
6f5d26b9bb5a40069f148bbf7bf2f294611027003db84e7586432c48bc96c84e,0,normal
2e59c14eddeb420dab8d8974c480d52fb578024c74a54175ae914ca27b8234fc,0,normal
eb8f8a0cf81a4d6786eb76b438ddff18cb05991c0849487c9fc06e400397bae6,0,normal
b1d9aae2f05c4c0c8020d198bc65d46e765605d4770148ce971c984363e61d9d,0,normal
039b932174e344efaee19899e73a44782cd25265d45e4f9aa88e6b31928d9e72,0,normal
2784f465c6784b42b63303c6ff645602e4ce579335b94ab986198cce793cbbe3,0,normal
cddb265aadf946609384094c316ca84384e38a027a7d48f783c3c2995c1a7405,0,normal
ceed326b6d864fe1b85aed807d9140cb4d2178cf91f74c729a0e4a9e11f142c0,0,normal
5cac55db684d4d22a364e290b042784279cc511d314f40a3aab52d286ddee968,0,normal
3da20bfb2dc248c3871e5946be7be4cc80d0c6d95f834316af87c1511c2d077d,0,normal
930d74a8e9af4610a59ba41cb6785adcfa1b42da3c714649bf4156bda62e09de,0,normal
2438077cd5c04ce48a62379ec40b7cae630053e71a9c40919747b436558f8215,0,normal
cd9c85cb78d6461c9d657fe9ea116206916540cb0f4a480f863601a396a0dc6c,0,normal
9a69cebc23ca4b5fa4096a05f9717720a41fc790c1a24303bc839cc64221e976,0,normal
debbae709fe04d5587e1afaffd766204c6ec520ef288425b9a71f0c6ed242585,0,normal
fa926236de5744a582d771af4af6f06e8b9b013268d945638bb2b2921bdc71d2,0,normal
d77256c29a61458c963efb8ceb9c3fce44691dedc4ed4b7aa9da22ca420b85d1,0,normal
23c6a102733e4d41a8e79942d2e9d9231f39c3c5bd0c445887c7b3ae7bcf349b,0,normal
dce670fe4ce641ce89201876e0347074615568a12c184771a1c161c7cf016f3d,0,normal
b1033b3e0f504f7daaec23ecd4060f1a9ab9c0b029f64f2599c964448e3d49bf,0,normal
a6b8dcfb78c3425cb447dad926b751cf9e73c83b14b1450ea4cfee76bea5afb7,0,normal
c743cd2437704aeb98218e1bfe80a69d301432c7a77b420fa1c23d818ef595cb,0,normal
5c3aae7a185a4761b9a264eaaa10c8be36841b58d9394586aeaca346e83fa8f1,0,normal
767e89eed5b94bcda31f97551ba3256acf31f42c3c8144558a60b7709e8b9636,0,normal
f22546e6fdbe420a8985084ac4937bd30a48f56f762245c2a399ab6e491c5374,0,normal
65a36387785449ce91789551f68585cbbf49b0b1b86d4d459dd901da3b4cb387,0,normal
3cba0c8554c44b9c9ee16b33b227c93e58fd643eee9e48888efb4ab9607d2cac,0,normal
736541d22b9c4ecea62b20c4901f22b35d2de0ce0564465cb172eef6b3034332,0,normal
c2e7fc2909db47e7bc30ad914e3635050107611789564415b5924de9e7d18517,0,normal
8d5a563d7a37477bb08b4e17dca12ecec0035f55cdc04be6936ddc0529f295f9,0,normal
f0848e8947314193868a647d6acd1bf0de11d7e22d834d66901f70fbbf8a5440,0,normal
e9b53512b65549948ce03e9e97d342cd8e42573ae96e4f6285757606141a5e26,0,normal
527ede4b6e9c4370bf167f6208bc7352fefb40dde9224701ac1fa2ebf08a5643,0,normal
404f69c727ce417ab64f1a4729e8cf8ab4d3c5af68d64292b4b313f3926d3e27,0,normal
3cdc49ccde254035ba0bcf03d28dc29e84d64199dd5141098c13e4013ed1d1be,0,normal
72d6f7ad5f0c446aad5219c649088f9853ce39cbbee94b77b26f7933364894ee,0,normal
7cfe11943cad4136a73b3ecf41175b60bec5f949fc5f4d2787ab8972d0b4d2d6,0,normal
c87954352c8340d3b87d321e671ed203e355209a257c47169c861b83f7432ded,0,normal
4b64e03b8cfb4954b9a50a440960949df7d34cd5066f49ac9b3ebfa779326b06,0,normal
710f7cce78e24448ba1cb490ea901439a03746ca47a541acaddf00449e0232d3,0,normal
f1e93546d39341258319bbfae566e3eaf416fc9fd3b24c6aac4295971401716f,0,normal
ecf6a663f5844cce9678ed5da55621a6325836f895f342eea117aa0ba38006a3,0,normal
81aeeae3b914477dacce1eb4f02246654b5d8bf5f37f44a09ab4e8438f5ff38c,0,normal
48b02e550d5e4bd695f57b27683f7ae00ed5f99b30e94abf896471ae27e624e9,0,normal
1ad6559544314acd94e037f537b28416ead5326745fb429cb274c3594e8d53de,0,normal
bf5b1b4a34b642ee9aca04ab79402674513164bfe1764c97a40b8d416121efe9,0,normal
8cbb54009e5a4d2f9bbc3270db2f7d1526b65a78a9c44c2ea1f56e915eb820bb,0,normal
b9a3cb79128d49dab7bbf726e7ee7f570e0f38eb2a314d80a6a0f50500044f7c,0,normal
3947fc124e7a4b6fbd8cd9206b28ad022367c3795f4842eca54555010ab61267,0,normal
d0860b8aed8f4ab5b1b1e5e6ce404b3d9b862e1df4c54acbacd82df6e8cadb63,0,normal
9a57e3d7442043b484a1210f9922fce7520fe992ec184253bb9f5a83cd9f4162,0,normal
25821f9a509b4b8a8f4a6fb228ab3041d7722b00eb344b6b91dcad3c7a955d5c,0,normal
74cfa24b0fa24757aee905f3c88a78852534a127251d4f60a16fc4617232b78f,0,normal
62ff8252429844d983c1bdae980462096806cdf1a5a444b1a5f2f794ce623871,0,normal
c7bb9e4605e246269cefad4749ab06d056e3d7ed89304b02bea992fa005bc020,0,normal
6203591a1ad545fb87aa8874e31e37b7d62ee74f95494da998b384979948a8b4,0,normal
60f18dfc3f8849c188261bcb753cdff5370709996f1b4060b143728085a74cd6,0,normal
3d41e154b82e48fb985598e39a3056d3155b89e5df484035a46694476fb44caa,0,normal
2e206ac2acb14f8f987ef2093f68ff14ec6646745daf48e097bfede0a2ec95ed,0,normal
c7bdcab9927240dcb98480597e030826d5d2bf25bc6e44a6aaed327ba3188920,0,normal
339a37d420b647a2b968481badbe57adc6cd4bd75b9e4efab579dadef1d3eeb5,0,normal
8703bc60bc6f4d719fee3d629695528d8709fd0ca143402ab66ead7c1f2b8529,0,normal
4c187bd018b24dcdae2bfd5499ef547791d9f5883afe4f418bdb1a35915f0502,0,normal
e9137a5d0a4d465182d3e26f005e65cff124e95d6f8d48c8821cb60d7b637544,0,normal
5c10f56ff99d40d3b56646e5336395f2e5bccb0b27c94052881cdce17a9f046f,0,normal
c7a6f428a1c546989c357ad47173066c9953da7eda284e97ad96818f41caf8f9,0,normal
27d244c32e334fb285873e605492fd748ebe4db3adb5408faa7b732582769a0a,0,normal
ba55aa47696745de9145266787ce4425cf7e42fc8a9a469d98fdaf5403bff3b9,0,normal
ca2b282c701b466faeaff9c07b3841ec5772c4ec4a71445fbadebb359cd4cd5d,0,normal
01a9d15db201417bb8782635b66a9652cbcb45db20394972b76e0557f67815a2,0,normal
0f0d3d1bdc2843259ac0f378d3d9e95f6986c3b682904136a6b06f00b127d9c1,0,normal
81805cbfe9704003850676aea171a432543d3bd125bb4c68b15d91ab8b83cfd6,0,normal
e5d5c0607bd24713b9521379a4521ebf565b388a1e114da4b171b7d50108a9f1,0,normal
91ad7ce7f1794d0aac789346a591c324dcb7cb99098542ab8ad38605b2a7766a,0,normal
37bca9d8a03640389fde476b33c0a20245f6e64262cf4f85a797446a202198d0,0,normal
cee933c950434181a66ee2e9287739af1ee28995d481412198e2ab57eb47686a,0,normal
1dd169c3beaf40798794ad112e32117200c4366719e84512a7ea41166ee00bf6,0,normal
9c3fb43aa03f4e998718eb47201c3093c03c57a56d824026b73420fa2055eba5,0,normal
cb3a4ea9e2b34a4f989cbcfdb280ef0cfad0030cdc4f4a3a94038ca122200ae0,0,normal
778debd2ab6e45fcb3a4b7e4f0c3016df6c6e4c9c97644cba93b633b48d18fc7,0,normal
0149c1b5f322458aafd4fee01d691bd107ad27e4404145b0b67b3fc3a043bd34,0,normal
45d75e8e883f401299243308dbf64dd6e206b36a0e0f4644aef23c302f83cda8,0,normal
3d33dfa3a4ce48919ebd86bbc416d6790ee3e44b3e8743e8853c291edbc9837a,0,normal
5fdc76fa37204b5f9e82f2a1a522ac28323062116e3646fbb939c5d6020b1bb9,0,normal
117d43b8eaa54cebbcabe98bd0ad54a5c8f4f76488e344ec828c1e459fde9254,0,normal
dde002fe6dd041a2a5419e0de65cc78bec357d25e2d34badad4b94e00c77961f,0,normal
890d05e625fe464498bc0936832c6291df6e19cad9174a449b9b1e00825117b4,0,normal
487eba7ee8c64d0796ed1dfddc9b6ec2c878fc73ef5b418cbe5ba6e67f88425d,0,normal
a89d6416c6f74f16939bddd5022a5dfb3b07c49b55b247cb82129433bf5af71a,0,normal
d79263b07c374929b16a6441eb73a921e53e227fb0734df2b15c795e7c46b520,0,normal
09d1bca634594b0f9ff3871c4cf45f0d8b2ab45d691941f38817f4e100ba17ac,0,normal
2f965c127d2f4781ac1c727fba27987778f67bb06091444c852dacb70987161c,0,normal
d6fb61102c034ee787dc46357a1aa57ab22e04f8469b403d94aa84075f3fc9fb,0,normal
ad6b93a8e7d647cb87111352bffb6c970c4e9f94564946c28cbefe86dc77bb99,0,normal
ea9b84da2c8f40d7923c8acf16c2fce770d788b47a2f4cf081c4bdad7decd2ae,0,normal
86d838fe4f6b4c9f9441bf47811b44f9b4244d9129514fe5b14a9c0a991da995,0,normal
691fc7918c3f4f05a374b93816649925e371245b1930467e92af0253f7d7c698,0,normal
0e55143279dc4dff9f01eb6a1085fe93f9d6dc138efa42e885fee71ae6cf0806,0,normal
4e5d9c02a55f4007855d6828bc69c9d79543ad866aff466abb1af5c3ba60829e,0,normal
73d5550d1a7a46bf9d374790a0b0eb3da2236f760f7e408fb133b89238d78761,0,normal
0394cd2259d54c1d9fd987b2b8b4481f6caf9985de494a6bb3d922dc8f8263be,0,normal
4beb6329d4d845d6818aa0632c34ab9fbf91f32071a944edb14e3e5c29c2acc6,0,normal
ba3c313c06b942beaeec69fb688985a9332c07daed284d83ab26365d172c8fef,0,normal
43809a08eb904abf882abc0c836440682e19b0b26e11407ca193b55ef8cd23a6,0,normal
1364b12f3b284724850b0c8de00c9a78526d9e792a074a09a16362f6b57eecda,0,normal
2f8d649ad5c64b62b21bc12626cec17732ec869c555b4f0b9da7eaab9c6004c2,0,normal
903dd49bb3e342afa64d4bdc71ad9650d9fa14d26b2b4012aa46e4d0c3f9f2b6,0,normal
d58adda4163343bf98699fbe60d7c92558a4dbfa558f4bf5b98dc5570e894a3a,0,normal
fef444353d364680809a501284aa77a415cb4dc2ee1f4e7c999922b92a4eb624,0,normal
9e9a49655bc349b6aa6fa0b13236dc95377a97ec71eb4bb28bbfe72462733994,0,normal
03cff8fcad724932a354ce0503d7a7baef85f00612234f28b92080eaa4649aab,0,normal
ae2efbef083941a69762143d5ff99a197865ad7d5a9a4bd1af2a2745270dfbd6,0,normal
b1e82fe3542c4d6a8c8180ef1cec712b9371ebe620dd4fe9a743f681692028a3,0,normal
98551e6ea026497bb7c31ad83ec3d50e95095cdc4fe74908a9704490f3715b8e,0,normal
60db3f94c5824f5e85f929df8273707404b1b964a6b44592967a46d5f8442992,0,normal
e3064d467b5c40b0a073c0d257000c121907ad18d1df49e1a5342d8b99249712,0,normal
7518ec789e2d485a8c8cde992a45db582fbcebd4f3474b19a81a5b843540eef5,0,normal
f74c6ea834fe43c893fb0500ed0dcbed12594c437224433a999e31e999f65419,0,normal
5d43b077a1a646d6a301766494ca40bf43ed64c85d4b4d77a0a8076bd111d9a6,0,normal
5931b0a7b4ba4ab695c947a40ae2c734178508638c18458f9709b57f91e39b1b,0,normal
63852c866a874cc686c5c3599ec479f7250670e142854ab79262fa6c081bfe41,0,normal
8612dcadfae84dd587e001a39c7aa82aa1b7809ae33442ea9b419ad70a583d16,0,normal
713851bd73a84432be42c4b13c5c700b700f240949164b59830bef80dcfe8ff3,0,normal
8a026dade05842d7b58c5ee553d46193c1537bcb36be4cc4ad55dfd61c72ea79,0,normal
479ad65863194d3484cb2b629f7702ac374f1336356746b3a7a9b79c8c27f907,0,normal
2aa606266beb4a0983b391f8d665230d0d208a21d7cf4f3281348b46de5b5eeb,0,normal
b4593f57a08c40f9ba8d5e597dfc6df96a4769a1047b4a118381b601338c1196,0,normal
3b9420aef98f4e2c9312e5fe8dafe06c1cd6b642ec97474fa18d57d0434a04d9,0,normal
702b05dc268a4c1c80e0e8143a55170d1ca23a7b44c34d07b80df7be7e720f14,0,normal
752188fd3b244e138bd285672805f0b02e692eee12b44b2a83019c9ee26cbb2b,0,normal
35d17f19a6114336b349ec4179f3bd2bd4e9caf196554bc7870569891426ba20,0,normal
c9d66747c234431c8caf133512bcefe444f4b91c1d304b53b36e460abc30e2fd,0,normal
983ec3e41ea74022a49be3e1dfe94ad8dfa8081ac23e4ffcbdb67ec375f7cae4,0,normal
5881b77a3de04939a491d05eed8b101455712805c6264193b3cc9e8a2724610d,0,normal
7f14e17346544f9ead9843b097f4c3f788fac13a9f3a47cd8b657fcacf8efbb2,0,normal
6a61a9e713f74a538de76c5f1c2acc0a1835785dc7b140afa137aaf6cf8a42f1,0,normal
98da870af4664033b9604a8685cf8d7d502a27a22dc14962b9e81a5e76926c38,0,normal
ce06083da9c7446285b1aedfde78870f70d7760a17684fafbe852fad232989cc,0,normal
43804fdc41594bc1a133d82d3a01f8f0e76e4ce51e7a4f5f903777da78336ff0,0,normal
730c7c3a7ae648d1922a5a733247aceb9b26a8c7b68e45dca89abe3e8cba01b0,0,normal
048724787d8b4c8abafe29a372da42fc87b0cece2f1948b3880b8a978bfaf476,0,normal
8ec38ca911cc4b92801666b37fa27e7da6259f28b00548cd8c140978c72a2cfe,0,normal
cde9c828a66c49e4be18c48f280cda22ad0be006ad994c6084f147a9bc7a25eb,0,normal
4eb1ed299b4443b3a23be1c9fcba0b801f7c0389986e473bb85db0a192841a8d,0,normal
caa257b9088a4e29828cd88c98cac53767307aa517e444808858fa0576e3bc09,0,normal
bad3f602c6234f0eb81731fd4afbc444f127efcf3b50401a9d96d12c92a89efe,0,normal
82288087bb0d4cdd847597491a9cd9a18e3e353beee9417b9be756dd656a752b,0,normal
85e414ae2c044ea194c8e01e99c73e36ef814399f7654f66abf7972c16868188,0,normal
20883b35e9944e5da47e1e628a8478c18d57d33a14c44c81ba72cacd7823abbd,0,normal
b0af26f30dc540f483e76f52c2f7c925f7a438dcb2c34b0cb511a84bca9491e0,0,normal
02c26fae5aea4855b237df53796d2508eba7b29b26944d38bb26a82fe7c759c2,0,normal
ab3f8651fd1d44efbdc113c33a52805a2407ba5168ff4bb085f89333691798e5,0,normal
c02de06923b94ee1968978069fb3df4c4b976257752547509ee038e6a2d86be0,0,normal
4009909cc5204b98883e187bbb06f2be77fea619b08f4acc90966bfe4e1fc929,0,normal
e8391d6a9d3e4405b368a0301f491826eccc6a44154e4736b139b5c0ee2890db,0,normal
0e8d03b4e6eb4708a4f3220ef3ba6c3ab4a3868d4d2443638ee8cc8727cd38f1,0,normal
5ec13bba014248209c0f72a7bf52064296d9e0f00b3b4f9b8725da5a98f5a257,0,normal
aaf27659769d4907ba5ec58025f4d0e38ca40466c9cf42b4b003c29cefd9f06c,0,normal
f321bbb153c64cd9b247830d6f8c6134c69111e41fd64e32a46867a93565b6a5,0,normal
317dc8c6ddc24e9aa1d7a239ff6747ae324ca95cfa8d4ef3bfecdb981d37ae79,0,normal
ad6e0e52c41744cbab8fc34043e45bf748ce441e7f7a4561b5a59a160cc59b3a,0,normal
b8cb2fd105204d64867606b894602d4469a5e3d1bbf649079a63f1eb23e7493d,0,normal
9aa0d00ea1e948efb5056300ffe7f390b738602c95724939aaa76b1bd9545de4,0,normal
edb555e2c79d4773998b3a37a761f293fb307857ac414b428e273deb7ec8f4c5,0,normal
8137cccf06de4841bd3cfb3fda15d9230fd022a4d3524a0ca1589b579f47b377,0,normal
0f222de8b31f4d6482dee9c7ccdb54be0049d32cab8742098b75b5298ecd0179,0,normal
19a286c22cd44c56be3454ba2804701352ef320be5d74f4b9dddb41e6e8b6b79,0,normal
744089f068334ef181aaa31a8a71a3c00604942a605946549dc987179d3a30af,0,normal
ea20b97823ce4a5a9cd0bdd9a35d1f38e4f62b74ee9a47268f60aac161464689,0,normal
d6ee63bd9ff44043be3cdd0fba813a94532ccb4cd6a24244b730e24bd9a0771c,0,normal
05a7115fcd234faa9e9cdfb5d398d0971e857f3650ed4d29bff6f91937f8fca0,0,normal
156a5adb758e4d2ead0e033c58a75b5d3806168958af409ca961c20f8053ec15,0,normal
a116111de58e4adaa410512fe90d0565633d3ff93419454ca58974fc28f7b34b,0,normal
6343d770a89c4b3f822601fe4319f717c3afef20c93242bea95b75369160e5fe,0,normal
ee1803e1c3c646f7af0683a1ce0688f803e62f5c0bf44866bb3c25cb62080590,0,normal
1954540565b34ffebf566a68406d029dc8a817ed197b4595bd8e8281bb0cdae7,0,normal
e7b809a950794e1fa080af3f0bff69018820f27a0b0d4afca9c2769871c0c48c,0,normal
d1eef69a786d4d5487af4c77d1902043d6ae2777f54046d09f9f1240aebd6055,0,normal
09a55c46513b4d0dbdb2070b29810a8e9ecc818d7e4e4e3f9e3b9ab7e126248d,0,normal
a5bbae0b7a0e462db284866dff3541fc8254f4556efa413ebddab3610cd9d6c2,0,normal
1e6db805198949b1abd0b94e185707892c535d64fcd2432c8279b7dac9df4aab,0,normal
1b147bbd81e9453a8158ffd392cd8a653f0c2e77dfc44f6384b0580e2e4713f5,0,normal
bb8b9272a0c247cea95b4eb9691dfcf9aa47d1d6d55045dfa83f2277d19712ff,0,normal
f3878c36deda4e44953425517e2a34dc72a7492f885641f4a801397609d7f289,0,normal
d760787c700d4260b4f11bf38c1c631e0309accf7b0947c787c6d12be67d61ff,0,normal
76bba8ca419845f59945704e679f31f5a569fcf72c4f4947968851f4138a1e42,0,normal
43a7a4b23e9f4730a7681b2b8a139abcceea7ba75240454bb4ad807d19e571c5,0,normal
a13d047d362f43709da2b9c3fe89673caf915aba6db54e8cb21a4cf94c130df8,0,normal
e73986a4c20f4c4a85b86ae876038b60131650915c104e64a23e0c87cbf405b8,0,normal
d2b43c4ce55e4364b23885426f96db281eb2de933b0a482e869f04e946ad3102,0,normal
652bd90bbe9c498a9837009d2417c59f052657c3a82c4bc39decb1ac38bf3499,0,normal
11143d341833402ca15ae71ac4b78e7f2ff8ff9d9a33437481812312365cc682,0,normal
44b379d8488942eca7f88d1cb14015b5bcc2693308c1436ab4182a573a86baa7,0,normal
d543603bc11d4e49848028490a75e445b5a0719d94254d44afcd2f090abcb8d9,0,normal
d1fe3dd7ee6a44779a4cfd08d0cbe550a737905952584951a0e61c6909367da9,0,normal
cf109ba5babf4e4fa0e4737c7a24e1f069373afa316b4f95a0c08b3d57662518,0,normal
8725746e1bcf490e8f787a8b330707e75183870b455f438e90b4c349866a30ae,0,normal
2c48c127c8ca4206a001039ef28b29784918ee88cb0945f9965321123da7b00c,0,normal
7d9a33ac917148f6ac092f4d55505bd0567012e7f2c04e55afb340935578ee03,0,normal
2d372a99f4c5460baa5e08ed5299bfe1247a51939dfe45fe898d53be33c61c3e,0,normal
2f872a8469ce44c382cff23dfc8e878713ff12b0230a4d05a8f83e21798abfc7,0,normal
8acf77577ccc48fe90ab85d592842f05adef1a8516a64d66b349b1149fd79e51,0,normal
921417a93e01415ea257ee2f4eb04eccd3a41bf8d5d4425ebd5d81f118c6c7c1,0,normal
95305fb080a24c1c9713ca468389a56076ddc18b79ca48af9a0710a0493198a2,0,normal
dab6bd3b87f64c50b31199429e70f775eefedf6281474e549fa7d1ffbceb0ca5,0,normal
5e286bd7d4c44907b11b25e265bca8a24f4d6597dfcb4ceabdaa52a1a3e80759,0,normal
cfddc1f5804d43328c8dd6b5f9f320d82c8a4ad4bb3c4701af9cab535acfeb4e,0,normal
f689e853ec044f3d975ba15cb9f99f2275b09919e6fc49369b83da2417840ea7,0,normal
d761b0f5989f4c6b941921e6357dbad29ea30cfa439d40b4a999b3489cdc2588,0,normal
154d993262d94f92b4c654e3ac418ac15dda13bfaa3d412095f4bce04fb34b94,0,normal
ce7cb83a023d41bf884811a8a18de63351e0cef5ac4f40e29a1fb88b3276981b,0,normal
cb1d3ea1bce542bd808385c3593302187a57d935536d4bd190263e7b9fa8795d,0,normal
45890e0086cb409ebd243993acb5884ca20b57878d304084b171bc0741141951,0,normal
357fb54ceb3c4fbf9e69d6d10462dc343ff11f18050248d4b6e280dcd402d7c2,0,normal
672d2a7ab1d94f24af977604ef1300f6b2b25015ca6c43f4a8d67afd5298529d,0,normal
55409c7187bf4be98f6fb4b8bf5a6fa80c818d8d7617457cab3b56b06894e559,0,normal
ff215287f47c4993a80c1981ad86e00c595d1f3b74f04f34be94b75a7984e853,0,normal
76eda08ebb314c199dd681bd05826676ee42f416521849c49f241951dc7b9905,0,normal
ca8fdb3516934198975cf1dda24f2b6e17d4103672a2404ab9342f37c6035774,0,normal
0b90bd9b9dd945ee85aafc612fe1b6aa4442d24459444dfc9ab409f1d3f06b5a,0,normal
e77dc546f01a4dc6aa9f0975d0ccd7be40eafb45f1024fb39400800e4b371189,0,normal
d1a1f7b2cf5e4ce1a45bce74332c58bee947f8ce501b4eb283f96919394bc0ab,0,normal
3649cd8e4eba4b87894ce84d422e58b69e3dd572b38a46f3a25e02462fcfdafa,0,normal
b88486f106394165bc3147814066d3056db868f1087e4bf2a438076969221340,0,normal
c1719d55d9904f9a8c9990ac8b16f9c64d777499f36f4b779d9df436d404445f,0,normal
d884083b0b054ed3989cc507d5bc624ccfbadda69948409597d405c251165236,0,normal
7852f3ad48b546a1a35f0f1c9141374385bc8435cf614b409bababab654ab248,0,normal
5ce5dcc5b5f5465da4360fcc9d1b02c42a69062740994e39a6bcf9dcd653fd5e,0,normal
8b1d86da1ff845a39523973ceacfbd01dc23659816b544338806c096c47f2124,0,normal
254a3c3d694b4465b17ff2490db51e041db75ef7e7874ff8ae334cc40ff6a30a,0,normal
114b9670d5404bf79dec28655decb1c5ebd2bcf12b1f4b83a9c16867c99ad073,0,normal
9fa2f6d814064af9ba15e0867fd0cde6c01ff1490b1b456daffcab9c58b59b96,0,normal
670966edf3f145db927b573d9ecd199b8ffc0ad00aeb491aa22f40d4b8126d1d,0,normal
386fb95f28234cfd8640ecf9ff1fb20e6dcd4bfa44c843a1afea73f82f61d658,0,normal
ae2d6386351749e4b744056cf6be76254c9283b893ba48eca39ba514ddeb2f1f,0,normal
b3bf93ed960548eca0d02fb23aa5b4de98ebba4cec1244519547a2d88eb95bcc,0,normal
ef99f740d48547a591c6b7acb95a9f8bd077365a217b4d4a828e42dbe51acf51,0,normal
d989680b235e482c9e6c896380612fe9cc97145455b84db28e4b0c968f113004,0,normal
6b3bd72ddbcd4402836c0ea9106210ce3ec066b40d454f32ae0b9368ec3d505a,0,normal
b5dc50bd30944d6bb5087df83e47a45a2ce8ca7e14114c3e910e0475702710b7,0,normal
aa1617d8701a4a829a1f6fd08bfd15e0a79951da4d0c4514bf54aed126a2fbda,0,normal
1ff1faea05944325a9ea9877c751e6099f1fb97ba1c94263bbbfc1bf5d021d41,0,normal
29d6adb5caad49db9ef1d97bf4336e1f54c9e6152f0d402d8ed4b3c52bdf4279,0,normal
721e47182e114c67b0e3cf63d9c8a37acd6a2aa4c56642f1ab42217d5c500218,0,normal
6b1b276acc95480e8aa24fc5888a7e430f64f1b8a4e549e5909da1131d11bc02,0,normal
6f925100180d4e398417b8d64558ec6ef25bff414df54dacacaa2851499a7805,0,normal
deaf08a366d445fc9f4d5353f14f8ca5229a988b220c402893fdb4821762a71f,0,normal
e363d98fa43042f3b6dd67b873cb8806def13bcb023243dd8473ab82d8da24df,0,normal
a86717cdb7304e68a46edfdffd4b907d4f355c7bdf6745fe99957a93bfb8f77e,0,normal
4787ef0fd09e4408acf19e3608d1372552f6dcb6aedc4ab49385cc32454c7b9c,0,normal
d0952dea81e744a2ae3f66bba5dcdd1a7d6213665b0e4ce1b3bac64c830c41d8,0,normal
7c9cedd7b18e41b8aa49cd39f617dd2d83fb03a550b545f1aeb3bf317ea21146,0,normal
f6da534f675540d2a51af41ff5ca9bdcd327b63066de46bca7ef2fb6a554a536,0,normal
4487bfd482e44da8b14b2ece5b31cbea765e56b2c565494e9fabe517c079703c,0,normal
a471d35093dc4d07883a216cb057c564b07cdbba05724f24bf15dad95b9c43ae,0,normal
f49cebf3025b4922a4dbf29aea1c4c665b593317728b4024936c5cf1d74a0646,0,normal
9e968b52b858465e9dedf0fedc227fec53ef08f7a237484695803fd4b19bf630,0,normal
0a48b42471c044a9acb9117ccf7b781287ce33722d75438fb07a0fd7d418f8f2,0,normal
f560e2e0a3e144ab869afc7fc2ce94cadf95414abd5044209730d9b01744d041,0,normal
55e27340459b422aabada2967dc7b408e8acb2057d6249248d3e841df49e22d5,0,normal
9eeaca8b829141ab91a3f03f2e012c6dc3abd1e5980046e08a333fa6ede3d7d0,0,normal
bc33363e12a34f378a664208c4c211c4cbc97fe4a9f84a8680c1689fe3e28d12,0,normal
2ea05961b3f649e5af031ba0d0ce882a4ffb42c1a4334152b3827cdfbaa344c6,0,normal
db298f0d9294449eab3a5af86cfa53bac1f7a458f50e42019231479649143b8f,0,normal
3ee05c653f884f0085dccfb81b4345bc60ee7e91f85a4e928452281631846bbe,0,normal
f7a1942e0bde48acb6178f1ffbdcc12c4c2e0662c9e24fafa2f7d27dffd81989,0,normal
0a7259df631342618c34f7eef759104f3dd6d74dc0904dbd8d553027ce3a7dd0,0,normal
357e066ba1854141b62b563f8c268d7611d3d789ec7240f49f89377173f090eb,0,normal
4e3c91e2f6fc4f98820d097c2bd2f3caf693c4595aa446eb9d5297b854ead80d,0,normal
99067672369044678307144c1832fe66cdb1b4d4c7f34ae4a4a4969654ec4497,0,normal
3926a7dcb3be4035bcc7b64f9c73370987f2b4905ece440db95a54c9414cb2e1,0,normal
0a6007cad9264147897dc7fdd7e7c44929111196f15946969d47d350eea97c26,0,normal
cb00ba71a81a4f2385e2ec185907c7efba2e6bb279c7455ebd8f11c6aab563c0,0,normal
015ed3919b9f403889bf0b8fa38f53b2a5aca93feca54543be4267814455b132,0,normal
e956b11d6d4b457fb534a73c5067c5437008e810ddcd48ffbf0684fb19f5c453,0,normal
d188e3ad1aa843ce8305973cbc1bababa6717ec15580422abb4b048d6b2186e5,0,normal
d6b9ac5a3d5e4dd18ce66e3b43bfe304f8d1f77a6fae48cf9c9c578cb91a7a48,0,normal
f10e5d9eb4d449ccb3d13385cc8e5fe66d4fc76c8cf04856970b94a82c6a3f47,0,normal
e14f04f39e3046f88e6db47d0c7b120f41b1fe0af4e94387b57cdbc95901cc35,0,normal
795fb9fe13d642bf975726556f78b1693cfb09d18175434c89577f660bdca5aa,0,normal
484e3c1cc5954c068860b24f062b6a75520e7553af33437b8597f6630e5608cd,0,normal
7f731afb7bf74459985fdea19c67957346e78fb0c31947369cb26da52114f521,0,normal
f39abe92f7094726a5b3480d7934ef7e0c21f48f36b145288f8e4e49ab4d394c,0,normal
3826be1208d34a6e9b87f32968c16cec4d5bde33be4f4e31bc92ebfba23b8a32,0,normal
f5e77c7ebafe4452a017c06f386604e39c87d10177574515b3895a169e76aa51,0,normal
b2310d374ac443ffb51ee160367177e5d7958816723e4fd88c11365ce78f75a6,0,normal
30ee421975da42cf8966ad55076dfb4edc31a092a2a943299be9a946832c6703,0,normal
e2139f2f46a34f2d9d004d61710f152a271d181fb1cc41bab8d5bafee17505b7,0,normal
982ae7b2b7dd4044b86762f3130f042538299037388545f98207fca90ca59618,0,normal
74b2545ab24e46d59c1c243d508c74c768b796e8e885416386faed73aef92eed,0,normal
f5361264cddd460285dfb075375facd964eaa4e463e347b48b6cd1c3659236bc,0,normal
a8a454655c2847b094c70cf8943efacce2ddc31a477e4f88a71e87a22601a00d,0,normal
b37a9b281f0f436cbc6cc1f83e534fa7e6fb34d2b0244b11ba81569f1028116a,0,normal
a0d8000599664003b54cc6bd59632669a6defc65795d4926b622ef3581414c6f,0,normal
4e7bee0e17254c22aec9ccb90a223f1ff59d2084eea7457ab72156b81b29f8ed,0,normal
8da6664fb20c4afa9a0a062b0d3d0e5a3e817122cf5f445a8783d35e2b889a86,0,normal
276a9916079d44ba9e0157f1c3593573cd036fcc0f934ac2a83912de31ea5c97,0,normal
4891a6c48a0a49489bbe60ad0a150ff942eb1b282ec34f1196632e25767b887a,0,normal
54eb9de4d648457f9b4d09abf31d8cbc12f3386109a54f60bdafda62f2b0b227,0,normal
0de9c80a71bc416bbfa1d69179906c6a684b3c461821487ca7e8fca486b2314f,0,normal
80cc21274c1f40da9021204880c43cebc6555cee335244b79096a8f785a5b92b,0,normal
0f0bdb967490406e98662485843dce9fc50546c9f60a49268d0a22f03e00942e,0,normal
9ba34d52db3043a6bfb0fdd5227a97ffe9c1b950c01d474b804116c541d2b64b,0,normal
41cd90d49b454179966c439405de8fb557af6ffd99aa417186022c2f8141a9de,0,normal
9bd003d36307438dbf2729316416405ec931265876ec46568b48d7269ca28afa,0,normal
590ad1d625e3466b8bdbb95816e332b4d933e7c24c4748e3bdf0246680f2eb5e,0,normal
24dabdbafdef40c7b6b250b9432ac01e35832aff480e427bbd00da55032c602e,0,normal
5da449cdb6884e5ea0b0f08e47eabef05d403bdea903490fbbbac265238ac433,0,normal
b1e0bdb0c7e64fad842e00876cd7d295027c8139d13a4a0c85135d02a7290ef3,0,normal
0b28f7e1439344e382c89df7d748ab40af05f15413fb4fa98403d84e098aae85,0,normal
be77c81c16964c5f97e972faf22f3ceab028da3378994326be7f45cec8b324a4,0,normal
96cedc0af5b24a62adb91340e5c7d553dd9ba6490eb749319b3535c6b8e750bb,0,normal
d42f6984d3034f5ab0f92ef57119ce737bf8abcd5fe945cc8fba08dfc5b1c680,0,normal
5c55a1590ed94e449465b57828618abaf712f644bd884ad7b86827498a7d4fd8,0,normal
394c96fa50d5480bbbe77df937f9f653e72f3d81959c4604b8cfe563cc5e9b16,0,normal
f3da45710fd24244bcc37635003926944fc7a61117ee4fbb841c1040fdbdae60,0,normal
fd7f916863f844e6b882dafc83b1d471f8823ab2bc464d11ba2fb761ae8e41a1,0,normal
72bf7efb5ee5434bbbe0f65c52773a21a3fe1868866a467292a5044f8a62ea53,0,normal
918c092ee7d84305b09054f28f926271a4607b9182f44a30b5d93df70946a199,0,normal
69c6adcf332748b49f335aaca696be0d5891fff073f7460d8cfb763ec9b7807e,0,normal
98e344a68b54436b8b134cd1e827e669beeedd5171ee4afb99bb2e3423391a73,0,normal
a3e25bb055234c0c80b62ced7c00efd45c05bd5fe8744cf88ddb82daca89b3a9,0,normal
fec8ad6d1f1f4bb98817e53325899a64c7a14840c3be465087da6b8e82e8018a,0,normal
3ba0ea9b438c426a9ba37d47ebe67c89a2a2c455af14461dbf5a6c52cb84ae44,0,normal
448d5811630546a6870fa8a71fea64536bb0878525d64848858d1df35af3bfb6,0,normal
f179bc7641f14c78a3ccea723e5d5d4275c5de973e9e46a2ab35dd887f584adb,0,normal
9dde4f0439d64e37ac5259323d795d8049ca2f27b5b54956acc2105fe2d0ccdb,0,normal
3e82d487916049cbbb9af81a05663349f36f6f3d2bfe4922a620ba6a38e8b435,0,normal
24e737b05ccb4da8972efb93ff940c9694c886215ac04522a1bfd42960bf5014,0,normal
369a9b9c4b534aa6aab9bc735840cc87674c600476a54abba887fff066930b92,0,normal
3ac312a0c2e64db0aea18fc9778697e5c6c1550e4f714300bdeaf7048b04a411,0,normal
cff0b3c10cd24ea795747e3fbf79a89f71197b00bfcf451ea5473458b9848fb1,0,normal
d7c878da372140eebc8ce9873000606f6517817168334f5ca46ebad8ebd5d8c0,0,normal
0a16131495a84ccd8139216b77c7581df2e1cef100a04f829e1e9642739cd105,0,normal
ffd76d073bc345d28dcf5c7580082693c7b727bad5a44592ba985f5d1e398419,0,normal
bedb292545fd42609a5c1c09b99298609ad8d65a3a804068bfa5260cf39b9e5c,0,normal
912087e594d4482dbe4712af57be2ef1b91317f616bd456d99f3ac35d9654743,0,normal
05027310072f40759f5bc353ffa39df16763d0fa247e4919ba3b0fdd03bc0ce3,0,normal
d8bd6915cfc34d53b5dd9f861de7aaeac51ec8c71c9340c68d72139210b8dbcb,0,normal
8b0de8078e1e485095d783665c0e697fa4b31f0f8cc74315aac8986683970046,0,normal
3323108994614a6bb273511fd6142e9afab7cf9250c6496e87e77570963a1827,0,normal
255953f6c17349cb85057de2946c0f2a35627aae9728439daaf61589e1198b8f,0,normal
fbd442cf16534ff59b184be63c05361e5b8e7b23d83b451b8c8577e10cb34666,0,normal
48cb81ef51854ffc9d2c0eb30a80981dabb474e0f6dd4fd392dac2b01835294e,0,normal
4a63ed75a2d9453fa2adb709a4944c74dba50d7dce074a5ebf34cfdf746f4fd3,0,normal
68620b2e15594474ba90e6a114d509de4f5d94bc48f848e997e510025f099593,0,normal
6fbec918dfd6465a8fe50b2540f0a6055d510e00ff8c440cb53b92b7602882ee,0,normal
55455ef97fbc465a98f3fd66178c54ecbb4b42a95ca24e7c9be10da95e2ee900,0,normal
7f175181ef834b168fcaa605b83e13e776e51e6e717d41abb64d985c44d439e1,0,normal
e15b643d974243d7802597497263faa93edddfb648f0416085f18cc47d02801e,0,normal
29b495fa6fd74ac595dc80c1dbf3a2cf49c3cc669abd4cd1bbda9fe8256afe43,0,normal
4c92d9662c354123b518c3c1e30f8ead66bd6f0ae57a433ba830af2a63f3b6db,0,normal
63ff3fe555024dc3bb4554eab6c7f54182deaf4428e547489af5e86a7b0bc47f,0,normal
57915a873be84207a6a13cd272e3043bd3044cdac6284093846ae0bc8f484bc2,0,normal
b87979bf259645a9bcbe23badb3c80836bc1525ec53b46279bfeb55f930c5799,0,normal
d610a98fe3804995bf1c9742166bbff8b45ed81384564cc7ba2e1e25f10cc8af,0,normal
72a80bc72adf402d97964b3e9ec1c80fe31cf51ae4374624bf41a033ab45eda8,0,normal
6d9797dd35ac41a88214c9904b5e8843e514fe51136b454db8581e7bc1d0dbf8,0,normal
45443a96115f40b785a6e789f41965c6d80ca3d240434039bbd6db0ebce09cbe,0,normal
7e9cc5c26aac4e1e9e1a989f3b82685b0e757051f07b40e292f9d099194206c0,0,normal
23af6aec69504102bbf33ee722bbe5f5fdc5ac96531c43f98be97c36ceb3b72a,0,normal
1f143ab8ac8048dbb3504bd6713955b45e50127437ca4a9e95c55a3d5e9394bf,0,normal
a39f2068115b46e7a9eaf8a1881b837686fc99fc6199433a8cbcc9be55b73521,0,normal
bb8c597848d64f97a1a1c3bec23a46fe526ba0826acb4f6eb90dd7da59ed271d,0,normal
6fdd02a7a13e471e96511df5264a0666c13843b016134400a46913d7300a6af7,0,normal
fc9924819dce4effbf83aa3acdab9b8f5949798d578b4880b0f060b27741109b,0,normal
b2b1c1b37c194fd180d8860e32054449c8daf1175b8543f8825fa8ea63e818fa,0,normal
628e2863567f401b8ef78aa0205626f11238ae033da946c78820db3251f52394,0,normal
b654ef70b5914803ac99d154d399089f19d7130f32ed4cb2ba627a62122078b5,0,normal
b5bfd5d3f5fc4bf28b7afd010ade7d3a3807bf35fe8b45f79362f0fb9fa603b3,0,normal
38058ec41c03402ca4560b211874598cbeba41c3fa15404bb03caee1b0fb8164,0,normal
13c3972734a64fa2a86e3e08c216194014b87a1ef1ab4e0eb114e8e5ef186992,0,normal
5972a69c8ddd405385b9a16f53216bdd87c269f141a740febd11d5aba35f50a3,0,normal
87474cd25b5543d5bd99f578e37da0a7616fcb974b5e4fd1b635f7572a5cbb49,0,normal
ebb9ee3c0e29460ba2ebace75d86c72af4ff380a8f944054ac443cfaaf714c76,0,normal
5509e79b9d944c00bdb6c31fd416d65a96be60c1bde6457c9d98486aeb2bc2e7,0,normal
a7cbd7f92e614ef8b6c82b67924d4caef12cb37461144327832190343678030d,0,normal
687a3162859948bebda82c02378f8324d35dac844ec94405a478457651723776,0,normal
cdb4d39e99364ae694d52f0c2a4ea188d25c82c4c5e64059af2c91f69d2a0da7,0,normal
2b29d6ea1b1d44f7be9e22140361c5cdcd1bac71c6164fa5b9a85b3315b35a48,0,normal
9c6fc1f2f2284a83be68b731ac6fe335d84342ec4f7b444ab760e9d5ba3b52ac,0,normal
d0df12b6bd79486f82a3c53e52a79dd0f03603e019b94eebb2cf380253f6df8d,0,normal
8f081d272edb40878d30efe7d0d2a0a0feb8b9039abf4d08a6330d482b48c050,0,normal
dcd94e00536f4bc3a95ff20005aae0695edee8d8e1d8447d9110f54913ecb63a,0,normal
bdcd776a31574e5e88a5b03f3ce0a527f9e8761fc42441749e5cdd254a1404e5,0,normal
9b083e788675489fa555323d6c3436766112504c27f04d7cb057f4b9d03314e7,0,normal
caec41c3291b401e9931f6e26f4ebad88d5a3f46a4fb414397b39a1717602756,0,normal
bddde6ab56ca42e6900dd43c0453c2b46576d1538db146469402630d7daf1561,0,normal
94579829adb14288902957212a28ae98716259e84bdc459eb28af9afd9add868,0,normal
4dda3d64b9494dcc8b792b18b8b4ccc907b7df122eb04c4ba7a5cf7e7d3dd867,0,normal
15d83b4389274eb196cdf7d9e25cdf0f6457a1959e514116a34b65bce3d2e43f,0,normal
504a894f7e494e14a335797aaca3c1d829bbb990fdfc46efaf6f0fe000e4a8f9,0,normal
cee913f89fec482da27b8af82a5aba972fe22f9ebf3d4b059704696569e18add,0,normal
bff8cbcbce3b4d93bc319d30a9267e27cd1d280edc1341d9bf9b15d1531aa53a,0,normal
9a446d962e0b43fc82f2ec82c9680fb66d0b5ca7e9334777a6271a313f60d1cf,0,normal
a8d07662ea3541e79903d3e05ae1ab5e18cd1172514c4666a6d6c53f0712c54b,0,normal
f44e34d5db2342519d5b15ddf6c0b14a4fc72c016f4b445c9fd250430135f467,0,normal
f5046810beba47d2840625f5450fa6f8d947598e31064690b3f84e5bf4f4b38b,0,normal
313933a24cef470899dad89ea78541c0cdb75121a4ce4c3887f6bb16f097a9d8,0,normal
e508fbf6f05947298d0d289aeb995a5a43525b214b294a229968efe16436ccb6,0,normal
8628a0e0b65b48d9a574b5788bdf53ad3d1c20706d11405d9add0a96755913b3,0,normal
af4f5b8d2265468c8d0e51a562385c62cd7889e5d73542f8a2365d52e7312360,0,normal
8341f1a4faa74ee894b71b6d3458fa519a246cc9c16b4c23ae2d60960dff6d8d,0,normal
b34b04a9a4024853ae14fb2f01f6913c4d1e07e1e50f48998fc9d8a5cba86276,0,normal
ef9aec90d66940f188af142fe9ed6cb0f3a8488e5d3e4a0eb7c9baec76d9d4f2,0,normal
080ae9716fd345118692a34ec1b843744d2c263cbc564d37b41fc0e411da8452,0,normal
1498eefb4c0840efa56845badcef853a8c1fe9d24de349a3b785eac8515a4863,0,normal
a7c169b09c3541deabfad7b14fc287db7014b2aaa8c2439e9518b38a6e8dd294,0,normal
df64a2fd9c91485d9a16d770d874e2b90957610f45f945c4816615a8f6928d2b,0,normal
7c6320eee0f44e8ba795359830b502f1b8e021703bf94c43854244e38424fc6d,0,normal
e51ccb86fb0f482d8546fd607210ab82dea8a1f767994bccb34c2b7691201882,0,normal
141daec009eb4ea5aadda605d0e06dd3e69fa38a13de479b884d98e897668659,0,normal
5817bae7b2644836a1431ea5eb57c9a86f151765a1464dbeba494d347e8d8fd6,0,normal
2088bb2d418e421e91681a88fc656259b241c90c83ee4a679a1ca67957919840,0,normal
69b165894f924723bf06b4fa0fcab252898d1b379cb54c3d93a9b6043f433498,0,normal
14bb01eced774b75baa9036783f7b06b68995b090dbc4688b6dc5d0185a44558,0,normal
a906fcc8b9ef4e9b949fea4073afc2c447123a819fc144c9b7ecbe19e1de04da,0,normal
03a4a8dce3e7446098c897c1c01509d698d36758e36140d6a32037ea7d814062,0,normal
7ddc00e6590843e18a06f2ca4235d0d05f01598c0bda4c7789e4a14784a4e272,0,normal
cfca9256ca2c4a12aeb8018cc85644cecc55db57474a41d2b3bc9953ffcf49b1,0,normal
67bd32ec444f445f91723871a8cbf5f1ad640ff17c444d28a0c21393a775dbe8,0,normal
a76bdfb111bc446987d6f21f8e5e22ac09b476b7998f4758a8cab47cc1fe4f65,0,normal
b51f3eefdf36474b92fef2c9572765ed818aaae4e52c43249a7cf8bda52c1ac3,0,normal
e3cba1fac48540e3b1a36936a9a6b10ad89cb4963a854ed4a64e02975441537a,0,normal
c3cdf661471346e3858fa3bf9c58a4976aa4ae94d3aa40e2ba8df7f740702108,0,normal
455fca3018084eaf9c38eddfeb8b3e057a2a3548498e460bb45a1e70feb61e54,0,normal
7febf8e66cfa457ba3311a9d1f72d32f57ef3a6f26f64b4c948ecc03e29d9b09,0,normal
9238a6041b54443dacf22d546d2eed9c81313272545d4c9990ab71fb022af3f7,0,normal
e176aa62edc24e19a067411a4045f8d3d75a5a13a38c4bac90cf06b791622f9f,0,normal
4e1c9e5532404ac09be72bb7b5694512347426b986aa47a5bbf74af34144a2fc,0,normal
fbb38a9325df49d6abea24a7acf7e0967f8f1ef7a833433f877f8f6389e4f7a6,0,normal
03180d43bc6d442d8b216b73649f6baaebaa61e8790b4316b8c5aceb6c53a858,0,normal
14b53da3bcb14f56b85a17dde6bf57aeacb24314ddff415695dbe00416e98d96,0,normal
e0aa01a5ee894778a8b3adb4cd12dd32e5b90e906de4467db34123f9fb8479ec,0,normal
5041f407f37a42b7a59579dc8fd5f9e353d51d03f7a6430aad859e6343b67e74,0,normal
9a472d0a4dcb4d7abfde3f666ac5ee4c55fd21ee47984f858dc96b25fec21638,0,normal
adf18f28e638429fb2b3820461fb1db17763f8ff64d5478dbf5307c77e5f2e2c,0,normal
ba2e54cfd1114f9db4a279afabb13096bd2f3bc2102c4b3aaf4a43e018ebc6d7,0,normal
30740fc09e294caeacfef3c1ebca3a163fc08bc8460c440b89dc81d741e0e4c4,0,normal
78154dd348fe404b919360103f22ee3ae2b1341060d54c2782db37afabc5af52,0,normal
828bf244dde14c6da5cef018e80743644ebcadcb64094e25a3a7a5b5e891b112,0,normal
23b170c6fc644f09966bee6e45846f18b669691af1b84399923600f846283234,0,normal
57bfd787b25540a5b83d8c6ee3efa579bc14ef6ade2344b1a309f8380925787f,0,normal
d4a750d9a298422ea669bd4e4647d82cb8907a985e0e4c38bc088dfa7c5c9732,0,normal
5bfe96fd23744e7a86482b359f4e61e1bbb4b1f98c0043d0adb09811917a7a4f,0,normal
cff7312e18a04230b7a65fc1cb3ab91b5c3471263656402785b20119100ee8c6,0,normal
1abbe00da43b491faaea47e8354ce78d2e497c11e3004196adab05f5bf863e25,0,normal
4faba5e3a08b44d98c9e6cb73806d02525b810d6ea0e4aac96148dec674a2331,0,normal
3ee944f4630f4719b0eb449633daa1bd485fed85797c4b2d9329f51a56e5aa08,0,normal
df7414094588453a8a4e5ac9e72a153b79fd85cabbe24be4b29bed0f95f3a05b,0,normal
5c041f7dd0fe4cc58335f991cf94c94b6767912cc09644d397ff5206cc31e2ba,0,normal
0186c03f614d44fa97d094096eacfd0aabc13b5f4afa4276920cdf26f7a219b9,0,normal
d84464677dd04787b4e8f3ef19f8282bf256f3ebffdd4b418003d65bda2f80fe,0,normal
ec1e4e97baf648c7b97f25f6c9c0f1becda6ceee29e844d3ba600a2dd3f011a5,0,normal
dca9fcff54b943938b18837cdcfc2a2a717369974778469196426a064029e247,0,normal
895cd2a2eab641c48df39090ef3228e2e0c807b34a1d42508796af41a7bbcc1c,0,normal
ccae839f9aba4b8bbc22aa52af7aa03a187e3ce6d02241b7ae421517ce7f77ab,0,normal
cb6db8507c0a46cfa1c8a3a34e9b966a5171ed63c54642a3859158758d3ec8a9,0,normal
709f5e55dd4c4370aeed7985072776d11e9ff7ec779f4c31ba07e37e29e3ff0e,0,normal
aaa9500277bf4616b845ffc45d235f9bd1753149215d44a1b562104f999e3b25,0,normal
2f256de5b29e49e88b780fea33adb0536980eb62fd2842718fe11b42322889fe,0,normal
70bd7fdd4b0f4e37b42602c54e1e631a8762e54e031542d4b9df0573a8230415,0,normal
064e4c5c7c4044faaee9c4afa10c0551c7f2802ee49e4f77867f9061775dabef,0,normal
5e2302bf63ce4dcc819cfd4c5156d141048dea0bd05841fdba68eca3f555de95,0,normal
377b89ad023943c7820b3a2d794f2b9b32b911eb9d174412ac28c0917e3d35be,0,normal
5dfaef67a6b842028558e97ffaf68c0cafd0372e2ae148e88df03c115f85d1b1,0,normal
dcd9b767095a4411a3754872af375f57177767d320b34b64bfca0b6f708e116f,0,normal
da804c49438c4e88b3e16a54b5923706217e82e62603494781dd6e5c9697e2d8,0,normal
218d86ecc9e14aab8d95238869611d52b1e48e3e138f4e85a93fda80d8c0e10b,0,normal
9e27a44ef4e540a49dae418916b33c2639cfeaa60b5b439e9ff197b58d490b64,0,normal
74167537c3064942a568303e8101c3edc53102da63a94495be637735e37fb561,0,normal
85672c5c719b4d1a813354b40deffd80fb55e706f76545d5a0c5cf46268b99cb,0,normal
60125c942033483296c6574df22d06cc977690fb076e40dd813fc9b0399b9664,0,normal
f639f499e94348f69c8b7c1b2cb2e44bdd2764c19fc04ae8bbf1c5bd2179b42a,0,normal
434c582b3c1340aaaf1ba9d9be3291085f27ac01769e4cca844cb1a44d0c917b,0,normal
e54fb72b0e9d4e4bb2d194c907b0719a5e7b59a407ec4e42a2a319e330d2417f,0,normal
341450b8fc2a46c0ab949aef8d73de94eec83f050917469f934481500f6ca9e4,0,normal
8c54833d553042c7b134f507f7e59b99f8804390cd49414aa585700a9bea2451,0,normal
e47e847669f145019c11d63780e3ab7e344f4204b4f64e62afa70ec648809163,0,normal
eee8d60908b84a22ba5752b9341b85350590c0fd4e4146179a9f877237a57052,0,normal
4c32bf1957e24ad981337bfaa552ef35aa74509d5a8b40e8a91294679b3129f2,0,normal
c32819d089854638ad0a76b2ab8934c9f12b024fcc2e43ae835ca06207ed6fa9,0,normal
d35f39f2fe3f45818d83fa92ccb7a45a2fc8f842eab44a1f8830ecbf6a0a7923,0,normal
2fb32a4de7dc487a869892f258414a963de5c3d4a0214d2ea52f45a486016e43,0,normal
b48daee5724a4286ba3b9d8a0ce364a0c75164809b8147c0a01a644bb186e8da,0,normal
d4d15789c7d84df68c18dc8eddf2001f8f85e283b70446f4a2fd09eceeaf049e,0,normal
e59e592cd4c14e78bcc847125072eb9ca14bdbb20bbf43038ca480198be174f8,0,normal
78eb47f4fbf24cbc9faef3a3a7bc0c81dcf2d4dd54fa4453a02a6bc83c6c2152,0,normal
d3bebf0f75ba4dfab456e92cef53dbacfd7a970764924e7cb2caf09657be046b,0,normal
1e8d5d9f11af4d1f924d0bcc506e5a7c61e1db968969470fb7a7ce8df232f6d8,0,normal
3705402ab49849a69f319d1afa60957f91d30a2ce6e64850af9984c3092a08e8,0,normal
8202bce3b38947e1a960d0f7658c89a29362401376334bdc953b613acee9b37e,0,normal
3e34a355f5884f0f989572c64adf6a84977cbd2eb9fd431cb3da36ee5b7b5456,0,normal
6a2df00d358544659a4a3092d74795f3e63e4338893a42b081d0bfd5a5e1773b,0,normal
6c5354653e2f4c7d98d7bea9394ce676e380b02ccf6e485493807d1a81e61de9,0,normal
e8eb982bc1b04928839e52ceef82156b7ee803a54cdc44e783541a6f39571ee4,0,normal
91ff8728ab954b9a9a7eb024ac3b2e67e768646a62954effbe13501a0e2ed1ac,0,normal
0d5a2d62cc4a4e4a9ee9e0e56fd2c39fbcbb99b4f8a9490e89f88fc657bafd5d,0,normal
73c37daf716941b7a94d73b12afb850d42bd07d82c444a3e8f316d070f94f5a9,0,normal
098cc5fca7464cecbd41c7f0fd01b7e0c396d45f56fe458b87112c58ad36185f,0,normal
0eb753c0c30c42498211c2048ca5011f2a2762a4f383426393ab7010e7747cd5,0,normal
b6a002a792324110aae6444d023c1a4bf6e6786e6e93438dac64e10972c5d177,0,normal
0ec1bba0af224d23bee615d43c60577fbadca575903c40e78dcc586954d411a0,0,normal
2c3c794f8676410da7afa872e5941547d45d0bedab13434d84e42fca46a7f4cf,0,normal
3648f15d6df346f7abd050b44ccb1ff9e2db9ccc8d0c44919b0dab2c54b66ec4,0,normal
8fe4fb0f6c4d49f3a89b28eeb6158657077764f9972e4de1b585b54332190621,0,normal
5a71d0133f0f414fb307b3a032f53376a9c9173d15a24587a75edb3ce3e7f7fc,0,normal
d6f1696cd2e74242bf959a4ca796df0d05a5ed96e8d945119de2e20b00700314,0,normal
ee0f1adfa423486c9fa786017ab0c70ecb3d0887f0bf4f889d692b2c7af77892,0,normal
77065d34dfa3458fa28640d2355c01119f53b16dcac9441e90de5b841df62a24,0,normal
c8de7ba6a8da4bd1a1f791aad83d41905a72c22676f94ad2b5835b5e8a8dd107,0,normal
c4a2f493168341c9838f4f793371ee74919adf62acd84860a97f5a9e183b7b26,0,normal
b2c37bea31d24b52a35180d858e99dae58bbdd12c88e404cbc330cb1909d5ce0,0,normal
78ad12f19db44de1b9a8c9727ca3abb672cabcbd8bfa4fe5beaedb9ebaa0ea94,0,normal
606d45df1c3c4c099fadb45b4045be3881d3aed16f0f48bbaa4e9ffe6282c0d5,0,normal
f305320f3a1a4ec898f2afeff2b0c2dfb4f75056acd34470b3424b234f09bd89,0,normal
ee95c294b5264ce895d150330f9ed24abdfde2f62b0f4c839d0587bcc3ead4e6,0,normal
b6174671b029404fb5db2aa6ae9637ac979aaec7f96248999ad416771c22350a,0,normal
88ad58c32b834496a95ecadbd43c8782635ef25a0fc34e188c17d9b2011b594e,0,normal
bbc2b18cd93140b0859e1963b1c7f52f219cffc907ff42baab77e4d2caeba0dc,0,normal
20338f976a4142189744b2f385b2c84860d8ca7ea1c04cd7b400819962f8cb27,0,normal
7975e17830834a5eaee54622181719814104791dc5914d0c887da16ef9e1704f,0,normal
222705aa7bed448ba0b8cc375ccc6629358450625beb42ad9092e6d3921361f2,0,normal
a7dc65a0b003461c95d1bc1c7ccdf98f2f4bea63a688456ca200313a42258359,0,normal
cf2bf78db0c547b59e232d5381453f90d2a18eeb1f274bc29567e48681f448db,0,normal
1da7f9a4a0cf4547bb40dd0077a09815a657810bd151483c8e738d9b6e30b0b9,0,normal
30520236b3f647e48c70463b6040bc93890b54d84a264e1ea221895f6b0c5c3c,0,normal
20b9191285dd4b4d9fda01b852b95e3f48f5f266afe94ab49d002a877f23b005,0,normal
b415be7b6b6d4a89821dcea0920c1ba3d028cba432814b13a7afbf779a0d1142,0,normal
3915490cea7447c9b86380314c718a913a80014f4b954b0c9fc72a654e149541,0,normal
fd2647b2e48b41f98876d619676c49c97659f82d711e484b8d4d2bc66e825b5a,0,normal
04705cc138fe4dffba0a890878712ce66e088f115857423e9b933bee67e87a96,0,normal
1b0c58ac380749f89827246cd4cea7c03290aa5bfc164405b0326ec566733163,0,normal
a3205ffbabb94bd79e0f7fe33a648b3e02b57dcc4e9c4d1e9c27cee625280e3e,0,normal
fb1d7bb82d1b42d98e4296bc0bde4a2e61b394f466b742fda3823dcb46d52c8b,0,normal
b41d2eb4e0f94d14aad561228b17d2adb5d30a27ebbc4afb815a152df99eb943,0,normal
3761cafce9ce42b185c4e41119b87265932dac8c7aa846999dd112bd2a3c3a4d,0,normal
f2da53803dcc4e85a236d72b4c6490fcf7c6a3d1eafc42de9fc0d09e1dd57121,0,normal
d727217f6bc34e87a8d505e5c71b461a309c2349d427409c891bc5626e7ac332,0,normal
5692514196b5476dae1bbeee4581c877ee5f53e31e7c40eeb1a5d211f14ed0b8,0,normal
ff6499ec798441059550336bfef91193638770c8389749ad81ed256efceb86d9,0,normal
cb7225ea8014416d9687d317d28f7c1196068126a33c4d2db0acac34a5f68aef,0,normal
c63736b5c80045e090bd4d125616a166175023e2f52b4ee0b028d7441df8cf05,0,normal
e82bcdeee59149c195e3ca19719fc766e0867546f48c48dfa5ffd8519dfa22e8,0,normal
0bcdd30b14cb4493820c6b48e9a64550c870ea1c2edd44d98adee90dcadf4945,0,normal
b9c7e6b05dfb40dd86c8161b8204c6cad5b4ec51f48a453d8f9e43580bb1b6c3,0,normal
7ac74698bf7a4b09aac489906b38b701f238a508b5604f57a33b7356a088e1ba,0,normal
33efa26d733d415e8065250cceabdf1fcb6ff700a1374634ac9b7e435fb737c6,0,normal
ed80d15c2b3c41a6a7323102430afcfccabe07a29b794c029e22f11aae596b1d,0,normal
f4d7185bb1734fde90991e8a9582a2c49aaa032c39764256a662eb1b56f02523,0,normal
c06c9d4430fb4aab8e24517d706fb272808295f14d994d819a600533d0a8fcc9,0,normal
397e508401b64af885260a04bc85252f7c1c110bcd6747b98d73ba517dc1ffd2,0,normal
1d79400f19cf4f41ac879abec5cfdfa49fb0b53be85842f7a7522740ee5b1ebe,0,normal
e21a6c836103423094f396c0f36e9893fad0ae6d9ab740ce930025de283bfa0d,0,normal
a398666b021e43779848de4feae6f3b3d158eebb9b174c18bec868dd18ef6a29,0,normal
a4f77881dba7416bbd9dd034dc8e8f93176aff88fc99454fad59a69bc3b93fa2,0,normal
3d56dc3f53ac4062bcfbaf87a458e98eae74f6ded2d948f089fd2a007f7be28c,0,normal
effde82e840742d8bbc77e9b20ad25e7c28918a9a2e4412181ccd3f618dde2eb,0,normal
97c883d838254470b97ffee0749e55be2b08633a8345467d8f23069d1b73e36e,0,normal
e0d7f896b87d4ba1bc997e054f12b63c0f6ad074065749898cf1650bb5323a0d,0,normal
0d7caf628292472aaf831375aed63bb8184de189f2a84dd9a675d310b0af37f8,0,normal
7bcbd15559d44cc7a0ab15aa22828c5b42fd87996ca046919f640e6ed1112cd9,0,normal
889f59fbedb94f77a5706f20f85ad8283b805323e522483f896e9a0a0f4cda95,0,normal
1b5a1ebe71cd4e52833f436e43197f796aab4c454dd4455c8538279d5a18beba,0,normal
93336084b8044685a6b3ea4bfe1f074566a4dcb4cbf94f76816908563c50570f,0,normal
3b94b92706d942d68f11195efbf3d021f46640fc786d4f91a2e24df6dc580c8a,0,normal
92d7751a60a74b9a89e0ffd187e51dbef55dec34e8804e8aa7bb25055794ca2b,0,normal
bcd986071f32473197e756580803f45bcb6fe8be76304bf79b4a2b5dd59e9e15,0,normal
095e5f83f5e84bda9fcf2f7067245dad12bbe02ef01d437eb3e01e993c2f5d2e,0,normal
24bcc9be6e8b4bd99f39373718253a4a7731e4b7034242ab9c9e71138e739691,0,normal
e8418ece4d26410fa3dde39de297acbb86d504fe4f124637bebdc7b1c6266e31,0,normal
5189d33cf439465095c518d947dec8700bdb00c64f094b768b00494c456db5bc,0,normal
857826666b3c4ac5adef56785391f27a119b166256174a7d8449129f73158605,0,normal
ad164269b7844eb4bb5384b85caec858ddd4e61498964bbcbd300ecdb986336c,0,normal
166a1a8d8d244f39b6ced2c2aeeec7e9306a819454b149d8b5d33de539f65564,0,normal
50cfd1f4912c4cc69d5b549523b42f6e5ebaeb2b13f6482eb0ee51fc850f8693,0,normal
0a534342358443488bafb64e147770e5214018a029fe4f3fb9f16337a5b67bc8,0,normal
df6982af3219417094513990e39ef177e4c36660686245c9b50bdb732db7df7a,0,normal
29303289770140a2b499ebe5d530c6a476759344611943f28fd2a9a46a41368e,0,normal
8a98ef59849b4276a553e0c42531bde7e34ba6ff9e7147c3aaf18d3cbe483a6d,0,normal
ede78c5811534d328486d14b33651f67fbc1ed3730dd43d296a6970cda66582e,0,normal
607ee02d37d44747b867432e6ae4c0b07769c996914749d3a65980a343865c15,0,normal
9914a792f07b439594df2f04764d8a592557e72e6bd140458ca922e2628627b5,0,normal
422938b5e798462d82c8f1806b0bf7644b2e3960a29e41848cdb93fc9a62c6a2,0,normal
3d6d999ea8104fedacd8f407b3a78d86bb54c866874741b0a6291b1cd7c0bfe4,0,normal
b1b9f8a6c940419982deeb52216d54778fd761a498a34a4f9b0b47c08676c316,0,normal
16f3ee9b57b645fdb7ca0a5120512f765e741efb87f244e893844d11fe8d3447,0,normal
dec34f6a128c4c2d974e59182e671d108d45011ee07d4e679723b7b08dccd06f,0,normal
e98e5332a18b47c889354717fed66f9827e9dd7caee745d6b05a45ba83a75b4f,0,normal
cd9d0235d1754c709cd16bcb222100a6dc2efe4698e6439fa50f09af61606a96,0,normal
b42ff7cf4c5f43a8b0f2b07150ee79d4ab7b1f55f37646b9a8d3b7c7e395c334,0,normal
e439553ef2de49ba850e5c04def19c334eb545c64b2e4e37b2204417d7c33a56,0,normal
f1a2e045ce284679a75459e8e06aff4b5cad7c03b110461a84beea8943e07e75,0,normal
c351df42635f4717bd2168eedc913633b283c02eba2e4e53803252e2efbc8d7c,0,normal
842668781c1148f8b4827f0b784d55e9763e5a0894b74cb49837ee48f08a82ca,0,normal
faf8644470934272a88607b8be67268e4cf298b87448413895d8b19c07af7d9c,0,normal
e0cdf099ab7d4baeb548cbe496d4639cb25fd6788d164c4eb28159d820117b7d,0,normal
3857a56d111645879ff179b825c71ae5d03e427faf66432abc079b8c9b6e0616,0,normal
faa9b00a42234c23afab513593e6598d828d3ab751944016a711debb27dc3e67,0,normal
fc330271e6cb4654a65fad14d4dc60fc935719205e6041ce92e9307a6398d532,0,normal
695b2cf049ae4eef8e881cf520c53d2c656e3d2e8301478ab405d07f4f25e98a,0,normal
b2b8f3b8a7f444f98a78e3e150cb795b53a6a237fb4c468dac0387edd59eb1fb,0,normal
40b8699396624c88bceb8a47eb57ad854763b6cb25ce4d94af15963fdd8dab74,0,normal
de77d83b9aeb428a9d4bafc063030bb6168b81c2fb9b4c369a5c13f02ff9c37e,0,normal
70e7f0897d4049f8b3f7b622d02d271685b58b8530ad49d6b5fe3654637ea753,0,normal
bd69649875e94d518bb5dfb1bff159cad1305f8cd9f94590bd0ac7c7e147c5a4,0,normal
e1a01256970c42eaac398bfb652bcf575eba0c57fb47470f88fa98bdf5fce2d9,0,normal
134eecdbf635433eab3b95555e453b5df1902a2b88164c328fb34988eb378bbe,0,normal
6883a2f4ba7e4eac858d67d0e6ff02f9385215a5983f459f9e9e7eb4b7b5012f,0,normal
bbf8b28c7a664280806ad86a2d58ec3c24abd9b6100440e0b694d2f05ccbe705,0,normal
64377a162eb448e59e40f8e556791bd6e2738af062674436b309f37b90085dfc,0,normal
136a3d7cb2994be6a3f10def93dd2026f8d576ba945b491a9498be3d5a9e876f,0,normal
2199a31966ed458ca6cbf49bf30b20c9a073e693ec5b4fd3a2a52138fd7e82be,0,normal
6274e381268c4bb484cef4128488a0a645cf3c2cc44a452db9b53c13d29c5f43,0,normal
2402fe085af54fecba24bb793927da16ef7dab7063a14e59b96079cb7fc0d2ab,0,normal
75e35fd56e6549358d79aa1bb2b74763c39ac7e1deee4524bfd9f5b558b4c589,0,normal
d39c1421934f4b44a7cec4633a40795d42129c3530b241f88195ccdc48bd4c40,0,normal
873e3d50de9c46f0a9fb183d8f4ddbea65f2a569a19746d187002caadb4cccbd,0,normal
fe63e67db4054554a9d536d06c6db3cecf4802e1e2c746ef8976f3d10ca6d5ed,0,normal
1ff649ec35fb4fc7b5183751257d58aa472a4b277b8148f284eada15d4147ac2,0,normal
0efab66545134c50a9617caddb0f469c238a7976eb684268b3e4f6845258739e,0,normal
70a481901f194afd868f6de0d0d975285e63feb8cf944576b6fb1f9b388d55a0,0,normal
ce6e33249bbd433488c70dbe2481f6bf025db03b9b33489b9ff19b67b179008b,0,normal
7f12a009bcde4aeba66c23959a9c67288b5d542b8bd947aab164e25f913ce903,0,normal
3a5caf603f4f4037aa46fba618f464d0ffeeee44082543dbab3a05b5886fc348,0,normal
4bbff9bbe96c42de9c4f34b7c6b65a659b6b736598d348f0b4042839acb40656,0,normal
2d73c5ee99d349179005123a21ea41e835e1832013dc4e07b9700924f06bc86f,0,normal
3c19ceb370fc4a9b884e9da73d5ae88ec9465dc08181444fad0f3410aa9649c9,0,normal
e9efdac096054751b730e9efce0316a868893dd3d70a4ea390640a0fa147c259,0,normal
35069d6d79524e458bf31a8ca31e7d8cad2a73fbe5c94763881ec1b91e3ba0e0,0,normal
041c5946293647649b821b995765eb90e9318fdfbfb14e9b8ccfc9760d81a41e,0,normal
b50ad62bc64f4816938f2d6c2adf9f102bd6022564834268b4c59a67e4f1c628,0,normal
3437b0d4a9664019a1d66e7e543e0fe55b3ef4bdfe374396979d96f209a6a31f,0,normal
f751d7fbe5474ddfbab38114c37f32a70eb101d482b84a1e8cb51ede87c0835a,0,normal
31991b5e16ab4baa9d3238969487be583fc50610bd3846d1b4662578f5e47653,0,normal
eeb0fbce9633434db8ad08030c97d738208b9fc1ee354a508fa343875a4144fb,0,normal
9a0cb40a59704ea4a195420e13708414bd2cf425c18046b9aaf69b7f781e405a,0,normal
8a3916acc550495fa3599d3f47308d1f15f8019c00984c8c81808b2c9d7f6f18,0,normal
7d3233bced6b46249c2750e097bd891e22658009a8a04037a723234d14fa5cf1,0,normal
8d318b4b237d4294a6bdc071f20b755ce1cd9a02a96b4744b68373a4038297e6,0,normal
3b04df618f2545e3b927a910db163a6edabc5c9fb9394fa9a45e6b436951a9a0,0,normal
214728f38c2f4d769d3151dcd9d17ffc9c734f467ef847ffb648bd86c1d97774,0,normal
5c6a6e5aa3274598a1ddcc9a7bb37e2ab07391d807f54639b046863b4649d243,0,normal
954844f485d14ffd82f3501ad7bbc38f956929ba426b4b30a041e943d7d2b4da,0,normal
8ad2cdcff9d44dd7b64e2dca95a7927707172668ee0643d1bacfee52906608c7,0,normal
c90e56f8ef584cd196dcdd638c49235a98c7986989e641da893e9fc48fa99aaa,0,normal
dc535819eba342749082c0da51dee3624ebf7b22a3324ed69ea5e08f1a0ebd94,0,normal
df5aee268b734006a577206c78a16bcb9db0d6e6059c43b9a6d8a3acd2ca1831,0,normal
6fc801d076134793a1e99a0b21252d53f1d1f52e808740fe8a1c3e1f87c48053,0,normal
8d34a0372c164685bdb4b1f2d371348b651b3ca5fcc24917a4095332a5943b9a,0,normal
4ba311543980446e969bbda691d1a198b6f43a9dffc2413a8286ced77e242e55,0,normal
73ec4eca6fd54f7a8846356710e461fbea8a7a3c1f304f5dba2729e9ba46c82b,0,normal
c1dc56c77e254cacb15970c90a0944d54d9390d2de4f43079caa46f087f596ce,0,normal
a8d425e2d3ae4ff9b998d5cb85387acda4034d856f9c4228b93f99092b7be659,0,normal
f3d697b1e81945deac336c5106d49bfd391c315d65f749c491c04e82e1c5db3c,0,normal
587fcc7087d54586b611ea59754abb1a904d986cad7440068d35febf0506befa,0,normal
a192acbec733444b92568c06f34945b79f2f83e9d41a4a10b5fde87c12cc197f,0,normal
affd118ce8834b718b54a8a307bb3d6bdf1afff52c9d46069508ae031cdc2a26,0,normal
1b6fd336242041ec858bdc30fb7db1427c6372d673f64f07bbb2347104355e4d,0,normal
34bff8bf1e484a4a8bd349badc70aa9011a599ebc70048198e78a77175fb23a9,0,normal
4234b8790ed04e8e82e1427d38ee30ca26ea789b85504c378733d0d24425d429,0,normal
a1b6b3e468bb4245b99f1d0a1191670e55a0a9d2f66d47ffad1085e60183c260,0,normal
65e3243d99804e5ba07b49760ffba3db78195d9ccbb14c4394711d1ef4ec31da,0,normal
a5f0592f216140a19d9a0c968c63c98da02022274ae84fe1a637de9d590d7ba8,0,normal
b52f1254fd2b401fac04cdaca42242ed42b6061d62fd49d280299c88750c999c,0,normal
e51999c6dc7240278c8038c2c19319bc0a40735b81a2424793d301348301a842,0,normal
06bc07b807c54771ae7ded1c309732fc80a87f050bdb4f1db6d8ab7fab1e0994,0,normal
c05fe7450f8847e7844294d100fc8b7d9b699060a73542a2aea994519f1b535b,0,normal
f3067f32e335402fb3a31ea76470af5068133e0c16be483ba566310c846b771d,0,normal
3aa2ad181b0147c78f283d8507c77d3c6bc012044fad4ff3bfb790c2db78bfdc,0,normal
e304f953728b44699d25ba25d452c398af4b4fa6006c45d0a66d2d617fb0a306,0,normal
351e122dab3341ffa3112931e47863a7fde69dd648cf4d8fae742b2b957d20bf,0,normal
1c07dd830e3842fea337f0dc46e8a80b9113cb3bf3584eb081288073c6b68a3b,0,normal
c630b69246104389809e753f82a3e010a97c757b16ae4631ab2745490cf263cc,0,normal
7357318fa33f44af810deb5c08ea1c154d3ea1abfa6e4e178cab096072fa5194,0,normal
31c46c94b1af444bae03b0adadea50862af681de9f3740168e32a9f921823802,0,normal
9320cd483d3349c0b0822ca6daabe857dff805de2be64e8db0d183fa40f1f9ea,0,normal
d4b150cd67914254803f628d9451fc043072adea495f4cb69ad67e4513da06c0,0,normal
2f99d6885d6e43b3b3b5e9db7088a788dac53c24576a4daca98ac3182a2f0c9a,0,normal
8c9103972c624d1e94bc84668ce26f7cb98b3b709e0c4d72918b3b16468353ec,0,normal
bbd7e60493444746ad527643378153345b240abfba9d4c3e8d944b645c86bb67,0,normal
592328a8d8b7403abd8af52dd093c32a0206f19b1eb74f7e84190df43d9ac975,0,normal
91679c0d231047f49ceaaf9eda2958d9e3b5ff85396d4a86bd1eec67b0a98e6e,0,normal
2daa902277094fed897380c3c73266fcc9395297f752497e86b530f4d6c78ce8,0,normal
94d8c0ad66104019a2bd2c7186e70bf1e11e968dba7142eba48185647fcc2c97,0,normal
053e04589fe34243b6f9fcf1d5e722f5a5945552bb4746fe93916b3ec4ff3e64,0,normal
afdb2be4cd274fc098d5b056766e31e7111b32d726004c3781cc25abe05937ab,0,normal
91613911072a4a819579ff8cfe49440538ad982c6132494d85a860dfad432fa9,0,normal
eb72e11a0cbb438ba39285c7d731b03cea0f1b003cd74f76867052bb968c5cfd,0,normal
96165c80b7a14683aa1458b6926e5b826fefe9867e934dbc80219f4c57f1eb22,0,normal
5fad03aec85d41ddb28ec9d01b6a1d5e2a2e58b6bf8747a581dc9adc94518e15,0,normal
6d10330c066f41ba8213af6d7273915195e26d60d7ee46e0bf5261a648ad60f5,0,normal
f3cce7ef55ae42e6af8970309987622dd107672a57e14f8bacb94bb97a8d0e56,0,normal
925fe6fdc8814dcc9ed530e98fdcc0c2b83799575e1d4f5290d52111029f47ec,0,normal
da5ce60d7af24ea2ab1746092804b95c6015eb1ede564090b89f6f89f420fc99,0,normal
b1f053cb8044422f9b1e0cc5e58fa3b9e8cbb3d4d0064ec88dc808c8b81d9936,0,normal
f3ed545eb628482bbc6f3de15331a837f779e6752cc340308b67fe7318664354,0,normal
8314ced5709b48deaaf7b59ceeb7cece5760ea47e31347ac89cec9b1023cd2f3,0,normal
9e4e03920d1b4da29fa2bf861c6b6afea9452da1ce974488bf001dda6189df2e,0,normal
60dede83c1374fb99c7a66b1185c3b6c52ffa6d7578c40cd95cb1543e9499f23,0,normal
6d4b982807b6421b8a1dc0d1766ab7af363c5b67e6d846399364a77a3ebda0c1,0,normal
d085784108f84d42ab5946a4b37a0f2c6c5833cc1de547ccaa6d68734679b6dd,0,normal
9cbfba97a9f342caba45bcc90508aed67678c9b141854ba7a6100b55c8895022,0,normal
b01d2e0fd0864e799a4c095e2241a03fc9c33f62fcd14fde8b2a0085775f118e,0,normal
1d807fae668f4b8495912adcfed70909040740d2c69342c8b0a02f2fb6956150,0,normal
691d5c1b4a1d4209860971720253e43c2b17c63eb0fb452282d78d13eb63ee48,0,normal
3fbb1ce5c1434fcb8015d56edb6bfced3210a08012884ff6a28a3e02701948c3,0,normal
ca394480eaf941fc91f01b751a0a76bda5f227edb12f4b11a59655a49edbdbee,0,normal
171ad02429b44cd5b28655bc9ff4a1af06b5f8b286ef446c84e6ae6e51cd3943,0,normal
a5f83cbb52b247db9b2d59f0fafad51bf36db6180d9d44f3ba9c64f4024102b2,0,normal
b5bf766b3cc24d729f75d072d65130e281337a6f141743ee938ebd0c4ad6e8be,0,normal
aa039adc8d1b4704a566c5b493ecd1ff1be132a3d12e4c5ab79fb041203a3952,0,normal
3ea488e1acf248918166d3018efe0adf49a91a9e08de450784bb99e718193191,0,normal
9ed1868964764e4c982d8eee2febf006582d4b50bf0f4c1899c34e57004cd61b,0,normal
93155870cc8f4c3bac78256f33ddcbd741afa27bd27b4cd7afb15688bbfe8d07,0,normal
fc96a4a043b046319300c79aa69e208dab50922c51954f7eaf675d807b844fc3,0,normal
c0ea751e21fe41dfbd36f5141ea9bf0bfa6d88d8127a4eed8f6005238e313ab0,0,normal
f8f378639f5c4fb99888d47d9220f9beae2b6df1a3d04fcda4415e3480177b0f,0,normal
4c6e0e5f3f8a49329fdfa72efe127ac86e4454fd275549d4b2f1888a8a2b262c,0,normal
d02e5f13d2dc483e8db8dcc9fae1e1ae684a4bbf31c845ef996a13e6fa938ff0,0,normal
2a7837339b084bff949528df8f244782dd7951b69046420bb0380af54f8f3580,0,normal
94c22e7248de4319baf5cb40063ecd2b983b705f656d40e786df76d4b2897ed7,0,normal
67d05006f868415d8f1db2320c17a0561bfcfc28b527491cbeb31c629dc88471,0,normal
ddeb219225ce422caa3491d9f7ca7710a5d2f9aed8b1462fa50b407eeb037ffe,0,normal
448eab492cad4e33959c585386b13e1b925e13a8aa2349a0b8cdf2d29a1a1313,0,normal
a054dce5d9234b329d174fc2038b8f2014b440f519ac474e880fe334ff48d323,0,normal
b5cb9caa37b344ba8e200783755007d48e255c41182d4559a0591be629b4b328,0,normal
716fb98827ad4e328d0b865b402f9b818b6689b752a94b559520b9c8866fa6d5,0,normal
5486a103152c47889baf76a94b4e36dcfca3c727f7af471785eb62b9fc037782,0,normal
a7b76ec79deb4f2e8d905ae6c2bccdd585d19258597d4315b4cb3e268a049d34,0,normal
d2677915472e40b6851fa316e7f658ab43f5f63fecd546cb901c266e254e9f8d,0,normal
54ac9465c59b4c0aa9de4d83102ec1c4ecee628de27841d48ab066fe996eb77f,0,normal
cd7c8a4f17af45a99cf246a40ed7bf9d8279c6d559184735a1c75965085e692a,0,normal
9886793d9bfa42debf480942bbac06f0264b85f9bbda486780282b2f991d08c3,0,normal
2e20b2dd6e944072b58fd22af6c0aadaf2dcb36a9c924130adbc8a1099ed5506,0,normal
a8c2d84e45924312a4f61ba11e4e3e21ce5101fdc66f4592af26b3a391718f1a,0,normal
becac0f5012047db8672a57e14843ee678b1c74151dd45a99afe5afd24cce8ee,0,normal
b3edbf51a43241f9a6471d7c8a42febe8bbf18a8c0bc4945abc18108ad7e3e29,0,normal
20007e8c257b4deabc0f3f9cc163418086e8f3c64b3c424898528a51e3f2937d,0,normal
042d3a2bd49e47608675a6275c58ee3d6a5a7873d423464685285974e9121e23,0,normal
3625c6d20b134e819f8b34400e6492551dcd677e5f9c455383a28effbdee0753,0,normal
f83395832e0c493aaaa7a1fb40639702fa824fb8727546bbb16a27a1845a8e61,0,normal
249b8029ed724ac88c720dc027a177c85592f60188de49baaf7eaed57ed8194f,0,normal
568e9ae653604e24af512f3375da231d5989726a4d5d45efa98d8bb41e4817ae,0,normal
5e74ee485e354b2895887a9582fe904b6663097c826245c993510fcc49c8ebbb,0,normal
8f4c2f6e12b542eba20bceb9b88cf028d20750a0e2a94d69820f24f7e29b117c,0,normal
476f7c9524264cd984b09b29c063317996864852f3de4560bdb1ff518738292e,0,normal
50ca9d0263614aeba67a8bec5bfe9badb39ce9b878274af4bc357662205e58bd,0,normal
1cb0396fd2b04bdeacb80e9834221e2dbe27466998eb421bb7679dfd1b19f4ca,0,normal
4b645243fccd4ba6a161a3f6188c6d4e7d2d57635fe440d3be2fa3d52493bc1f,0,normal
5728ecffe49e4bac9ce3ecebb796654df0a9ec880eac4711b64d7369f0cd8ee0,0,normal
09e9fa1aed4d404b83b234e53e9f062f3c8ac0eb1d3d4f62b325d1e3cc3f899d,0,normal
9c5f1c9558ac433e905434144a6dbf28fbb6c674255e4dddb266d6603127fbf1,0,normal
3578304af9b84e2a82c5ccde463b82a12b7a4ba688974cc0afa988dca10e0021,0,normal
22a8eb9daefa4b11afb4cb9ba28979925fac1205364c45e79b05a8e8fa1daade,0,normal
879f564e3eaa42fb8a3dd8538bcc52078fc281d8f3b84184b34bfd089c63fa7b,0,normal
eb387ad742f2410d94be5be3f28eb972f3d48799388047099169a73ad3a2a189,0,normal
32cb187d072449c4aa288a31b6fbfccbe51df747e5454c1e9b716362bc0032a6,0,normal
ca6b05a4c2c24c1380e3ef5cc909d2c858d3918e03c34f8f9a064a8342f41e51,0,normal
c2271e424eca412c9a7dc9fd3330a96ef23cc7ae2c4f407f8fbdbe079378eef2,0,normal
f34d066326474761bda8e94df5ffc629262ba9512cda4f60866323a98f98f3fb,0,normal
fba064f5d1a748d9bc5b3570d377c5626ca7b90bf5914126bc11580060da12b1,0,normal
f0ff366b184445fe8d7baf25bf37c8241f0261dd54ab4d8481cba767012481ec,0,normal
096fbcd019474ccaa493c7a4b647084bcf0721fe929a4597b962c917b4ae11ea,0,normal
50ad680df305400dbbb2478920a373568e4e9c27decd4e1390fd03f02fb79a63,0,normal
3dc5a4775c184f6a9601dd668218238fd22da5dcac374531a045b81b8858deba,0,normal
56a2c01f3abc4adaa52a2ca51fada2171c4bb4f3a3614a51b6a959eceb1561ae,0,normal
de1280afc6da46759d5c2498ff1afa6831af0c79589d4ec482c5f3a56a97919a,0,normal
0c35f016e65445db8b8808ef40eaa7f8a6a69b5471a04459b4039e7e6687d562,0,normal
0bb8b0dd5ce04f22a81490e23c7cb0f94ed0b3b714294a1f82dc46298f41cc4f,0,normal
bb623e70fc234373804478574e771f5781f102ff023a4db79845eebbee800632,0,normal
d878fb8517a64e4eb8de28d1fb0e48c4b89646f54b664283a779def9ac5ec8c7,0,normal
206d79c6be024d1fa70f2d200e859593b58e7f52c99041d5972c6e08fc2cf6f0,0,normal
150fd3803b3943cba422499c7b1ad4d75106fad5fed740709ca2c1e39e8aa7cb,0,normal
b0d105438db841caa4db899b8083718daf025c192b9e49879ba8a1dee50c71e4,0,normal
b2d5755d970e496aaab05edb776b016843e4281c599848d2aa671dd081676291,0,normal
3de8766e822145068579aed63862071fa50d5b3fa65c48768a57e435e8d48941,0,normal
37e2fe52f93d4a5bbfd977c317e3b35d2c485eeec12b4357a5f620bc2777c790,0,normal
17740933f3da4069acb74ffa555d2411d014988f856f4a2eb18d34a1187591f9,0,normal
b6a40301adc749fe876f17a49c4fe2dcae9c6392564d45edb3c3cb958b7f4146,0,normal
6ffd83c960384f5bbc7fa7c47e767c502b72360b49cf4babbf2cc170e5c057b9,0,normal
32d6727894b24285b610e7ff0798bbe6fce1c8af188d437d9d80017af7569bb1,0,normal
292bca91adb245ada93d92d442f683e1fbccbc3ccb854045954ae4eb7e9dddea,0,normal
c5a6c026fea042efa69ca33988af7fc11ca14e2e961b425bab3f1d0ddf68916a,0,normal
2dc04e0ada0b4c7498da503c57af5a15475e6d16720143a596c706a2042b9795,0,normal
96716a9f494446b69b15ffe50a62b28a25d1beba17284aeb918c0148912db706,0,normal
e46e107014454ea78132c1cc30929f406f0e35b70e4e4fed856e365b543468c4,0,normal
d3094322d0dd43cd9658c0c1cd529550661bb514228440c19bfbfd24709be313,0,normal
16def1c223db4168a1ac205eecd185a798c32f03b80744c4974856b3721d1361,0,normal
05856a12fd194bf7a0dcfffed42bc5f0ee26344a5ca2408c9df3b57e22655293,0,normal
2347f9c2981c4a9b8309e84db6545cc3c524075d0bfd46a7991eb0f616fa38dc,0,normal
b88e4c94ceda420d96bce0755e14ac0f0e336b8951e94050a2ce8d42d57c1d67,0,normal
2d42624d380e43d29b62733ccb64c07578da015aa7bc4b5ba2f2159ff469c139,0,normal
4958d97810194282a3c8b5661c389bb1c38a5e655ea1468e95c7d7399c5c0088,0,normal
30bde2f9e37547a89e2fe2a3179b44a4be8ca4b6e1fe409b906b831aa5ed0b69,0,normal
7a3a0b95808342e89cba4cf37f8444237db105349d7a4341b4b0a24356387999,0,normal
447763c8e4184887810c06215256b556a9d5f92661ed4bf1b30b205b92efc07a,0,normal
c3901eebd2d5478db5a0021b64842a60a8db0c59045244caaeacbd1edb126a79,0,normal
71306bcf84554e90a7509c228a0470ad9393d435f1d34d59b286f93bdcf1c848,0,normal
7c0be46e24ba46d9a6d89c73e64a8dd4c37fd7e0cc8f4180b65977f2ea6ef884,0,normal
2822d37970284fb6a99d0c8c69586f78135f01465b124cc6b799c8d298bdb618,0,normal
1e4b4a2119d7409fafa0e799328d7351ef925beaf0fb445cb6d2269f49eddd46,0,normal
20b5207447ad4ecd8383764559a4acca8987a61a7a2945bd8decebc09364c70e,0,normal
33a4e4df0f8a46fea5e5fb59f71eb0dfb49a874c77494394b5d513487b4a3730,0,normal
613773ebeb4640139a9f823b4b326429e2d4fb9846324fe6b2685156bcd91e12,0,normal
2fc73e4c27ba41aca2e253d0548a311ad90f46c095bf49de8ecb22da6a2d85f5,0,normal
8f458ffc9e1a48059adffae9136e510bdfea0d23e7a7426a999bef067df6d824,0,normal
10dac28c33c844e287b4c10d797189da56fcb1518b7d4b318e28f117b0e66abc,0,normal
f49da48959d747c7a4bd93fce0ee495b275eeb5873c947a5b8b87c24aef76ad6,0,normal
66590031d5cf4baa8c099432f377d35fbf3bb04d7922461a9a69fc8b3865f143,0,normal
d5a4b7ec9dd74105acd82c260e0e97329120e12d64de4f81a49e4e4c59d077db,0,normal
5e29fee11c6c4048aba12b2427a8d71b4038b37f864e49ab8a496aac96c0be55,0,normal
ee6868fec052494b830427efc19000d46ca6542e81bc41a19441845e7ff2ae05,0,normal
45620e4f08814786b557d3994c0018071696054f03ec481a81da39f7ff8c2ecf,0,normal
102c424aa7ea491fb17498a8d65140fc6abb12a0e0d74d1a8b36631e810fe174,0,normal
b4e0323f968e45548efbeaf1cf96b5ead1a9d3d1beea48dcb86080d413f02566,0,normal
e5f3bbed6a61433daf9e9958c0b59668411a07a0afd8404e9c5d4122c7e5de04,0,normal
8a402411ea704d38a7e250eaa9eed40fa0ef2978ba5c453e91e70727c15b19f6,0,normal
feed0ee30ced4e2ca6e6128ffbfd585b57e8b4f43611455d8a107d7e90041431,0,normal
85fcb5a9aff94fe5bbb61e6c1d98e5cdb1f4bf272a3c42408a4aa462ed354e26,0,normal
e910cefc27f54e85bd84074c328b3c3a0d744e873aa6438980e3ebc01c8bba41,0,normal
f1879e0c40224478a2c95b901af328d04d5c49f04aa745fda89a29ed4a1a5811,0,normal
2327776b854f40a0ac788f134732a1358ba81e69cf4c4c0a8a4deda0ea10db86,0,normal
3319765794c549318428c075211d12f5853df1d71a60454ab90f7498d4cce988,0,normal
75a43ce620c34b06a2643d21b1d703fecba546fae99c4b949c4fda1e486f7f25,0,normal
7ed12e04fe1c42a2934e5e686ab37cba503c75fa6981458bb743e85f02be2b18,0,normal
48ecea53085d4f1bb43e90b8908057b1f920b56af8ed40619f3f7e03f97b0bca,0,normal
ce760a56d3564bd8992a2a4ab21f4372b52cd35405714db59b7463ec130d2237,0,normal
786bcd98bbef4686aabf367d201853ef0d32a652bf904d1f92b836e6ba174eaf,0,normal
4600e1173c7745919406c34f050b5fefab6f8cc7e77542e289a038fdf77d0478,0,normal
bc5e15a4631842d6b1e46d263c088e7c3ad1a63294fd40b1aa83d2db47627b07,0,normal
b4be17446165404e89f13272212bfb289b79af04c2ff4689a3dd0181b3c1b76a,0,normal
47f008b5c06e449696dd86becb7395ad5800dd7297bd4db798160a2dd0bd1dff,0,normal
adf22b0db1cd4518b8a887d08cfbca930044175d848c4ddfafe37f56b73bd427,0,normal
f5e368e8ead047048975adb94b45bbc276380426b47c4086b21637b9f2b3ff3b,0,normal
15274bd9a6834115a216f9dc819833a80e595248193d4887b195bc91c04cd5e9,0,normal
04b1d5618dd54950aa061050eafdc41f4b4486bdc5a1472582a88c524954709e,0,normal
66de2c9bb817440aacc49ce73f70b8379193defd5547477cbcb0f1f8aaa439ae,0,normal
df6f774c5701480eb88e4249c1ebb32df218b250d8d94e0b9f2decd82c783d25,0,normal
f82aa4c8850445bc8974497ee57feddfffb9f9b8c92341f6bfe7c8591fc723fd,0,normal
1082d260e8864d009c1a3134a76a96a0eddc5b2ad99f42a682e4e9aaf36a3f5b,0,normal
b7f63e3cc4784c3d9ec52125b2cd98eb63e854545b2248efac700df303b86772,0,normal
a3b1e377ee2e4b91a1b272eb547230eddf74108170f34bad9bbd70fa2d39dd95,0,normal
46ba9e7f79a9447c82f18aa9371e4c87f11fff421beb48ba89f2981342261817,0,normal
81f141ec09d34d70b74c0d27798834764144cd211d4946bebeaf08967f049859,0,normal
7529cbc5ca5c48359c2cec18a5356134522dc45fec06456aababaa7d2762e394,0,normal
5c938261b22f491fb159536cd1c6296d842ed4c2683a4a899eecb02a35a50328,0,normal
9811b3ca9df44f45a06a11c723db9a60f2d8a0973d064fa3a5f5802b4743fcb9,0,normal
84ea9bfb12814bc7a046123838b896a09b5cce247a8d4cd284fdc4185c8bed52,0,normal
e9bfc55b13a04b1ba3ecab8b116a77ffe0f074f881a54081b55fe96c2cb122da,0,normal
d364f6b037ec490a9360f80650413b5544c69cf4294f4516b9e81beccf852c97,0,normal
19aa63e4a763490e8e4e15a3dadec2cd778a56a01f6c4b1cb78f0ab2f7fe59fe,0,normal
424d27532f6b4254b05fb9c6a09d5e8089c97b995c114a15a572640dd67dd92c,0,normal
11e6e8aa74884db8b602ac843b0e9a3e4b4b9484eaf041b99a3df94b2512521b,0,normal
e4fcaabd246243959ac142001a8745a4b9e68a4b691e43b5bbe24b35c3c61e6c,0,normal
19002e94c0a1435586291fbcb1c4807d680ebbd6f1f2433cafcde5e64c8aa5e9,0,normal
c72bd1d13dea4d48963a1de6a64e06e399fdb1c975d74ca1b6d9066c04b7ebb4,0,normal
cabf22750ff9430cb0f90e10df31fa3f3acb08d80c05474d8fa9442bc7c0c097,0,normal
d4ff384b3e994f01837a259561f2f538308f26727ad642888fb15d9164ba5d3d,0,normal
993b99207cd2486cb00b96bbb89d4ea244e22f56b77b4f6b8572d19dd537b376,0,normal
352de0641f35492a8b9b548f0211da5d157d94581ed947ea828c1b6a3f7c1c3a,0,normal
b9ff2868c27945388ecf0bc91274f485ff1077208bf54eedab774055d6ca7b13,0,normal
ba9f5ecaecac4f79828e1cc0c062fe87340e960d6af8463ea1ec671f95e5dc35,0,normal
3be9a4697c8c443184ffbc6152bec4150e0bc44b56df45afb51fd11dd74b0a1d,0,normal
ca143a5d8018445180b2a49c4c71ca7ef7d8d33af1974a11aa98b36a55796d47,0,normal
797345e8b43c41c9a4bff657c06603cef8b7ea94d0dd46c2a4108cd67b7c2bf6,0,normal
2e24918df3dc47d9bc9fd9617f746162341f86a151a6464ca665c8691e738135,0,normal
7327ea2dac0941849946f706dfcf70e1d5a217610aff4b0fac21be0984389958,0,normal
e40b5e683fdc4ca28dad610401274f808c47021fbb5547a1a3bc37a870355a63,0,normal
c010abcc533644478247b1c0d4cdc0b3c9f82b5c99054681a48871865e340290,0,normal
1dd9486a88384f57900d25fe57b9057b30c102bdbbf143abbbefa168d5177e2c,0,normal
8cb3749bf7e14963ad3b771d44cd6853fa0f9ce2bf2a490aa8516029b7bb71f5,0,normal
4212357970ea4887863e3d3e2d9fc4efe30a4ee420c14d5cbe66f5aaaa1eec57,0,normal
39cb69deba02446181398ad52baa6d2adb0d3bbc77904f32b063dca032084d14,0,normal
9f675fcc8779416f97db90903f61679169019c0e9ee24c1380c9b33df5bd02a1,0,normal
dbd16a6ee38341fb8f2ac2167e322766009cfd4a6f9741eca57b7a47ad4862df,0,normal
6ee3f1a5996947dfabeee541fccf30fbc460db2781da444c9e64b44fd9eb2527,0,normal
1788b95240d649c8bba46390f8a823ba39ea25731f6744909f6e2e147ecc94ab,0,normal
5b7bf9da7b3341108e9412da9897b80f587b5bd4c8574f51aec95666bcb12f61,0,normal
7c6880a98514446d826004a785218545bf1508f9e2a74000a132e8439e2adf89,0,normal
914f2d612bb841df829eed791935fb16e3a6f6dd86734d16a0d445fa10ca8a4f,0,normal
e1b0577d1403404b832685bdb6aaf7f9d53d9e325f034447a2fded4d3c97c610,0,normal
162daf15132e4f68806381ca4350a0a154512ff4b8ed43feb5d7f55a0e84edeb,0,normal
cd1f4906757047b49eb87f8278f186c0509be49f83f24587b7d81ffd7190a70c,0,normal
ec8d7c0d9f5d4619a37155b5e6ec5920143e5a672fc447a898cd510e52771396,0,normal
3a52d125c0e54f5884e8ad7a1c86e0a23c223115bc3a4d7b93d1c5c07f70651f,0,normal
45494ca6de914eb5a3ac91a198d3315e39a00cca339948f08a3709962448cf7d,0,normal
877e404f09d5451ea060fe3afd22458a8a758ea84978441c80024d7cd281220c,0,normal
3feae5b44bbe4e7d90a4e8d021ee83b95feee2aa51e7451e8451acd8cf5c2a3c,0,normal
9e81e1b7592d4f4194180190626e46fdb3f622d43c2842208beb763022d17ac2,0,normal
1da9d96713054103a88b606eeba4ce8b3da33532f72947179adf884400b99bc7,0,normal
9c10e8e484ed4fda9da088494b5d4cd0585782b5d246431c8133a910e4193fff,0,normal
6105ffe4ed7f4527ac80f43b95e450bc786d19c003174570b3e7c84e772d28b3,0,normal
4fc8f2ee63b54586bfaaaed7be50c9f57371abc599814070b59b74aca1ad844a,0,normal
1f5469484a3f4c5483ff163d12cbef86da37a332e5de4654b6315f79767fbaff,0,normal
579d0b9c2c764dcfa33bdfbd8aa8b30e6e984d9cf9754c0bba921cf6c1af0502,0,normal
1b6a1c5205c748ba96cf07da9c2c3a2902d48e006ee24ce7af185c4684caabe9,0,normal
71fe584821284e43b462df7d95e27c024434042676f4400ba39906176b8658f8,0,normal
5d82756bce154074ae7d3227c8d183ed85f4602ac0f442ffb4b4a518f5901a0a,0,normal
ede5e49de514408cab65781c88b4857a0b181e63fa7745a88ae498feedbb2b6f,0,normal
ee995eebf1b5403d9608d7a3a88eae095d3c228d336847f2b99c4ce5856c993e,0,normal
5f7980f97ad648639b4a23bd9b86783d7b005ad392524591818d0ac94bfc2e59,0,normal
6c0026849bfe4248a17fd7ed8fcde20b4d1ea80591874597aec770c5fd982a31,0,normal
466290b2b0184651b89e0c0db2b0b98a8a455ce1874f4f578e1cb14ee3a99b1f,0,normal
f735776c4bb442149e790d51955b7c981f58e19a1c064f05b2097a8727a37fef,0,normal
6ed9b9db406f46959e9597ac247944931ff7244ddd75445b8a4698b9e5bb3d48,0,normal
843dbcde57d1430790d2e1b823b2ca77325738b726e8489994362453f3a23df8,0,normal
4c3ae56e83914c3281c47d2182237c89b0e4b06099d04f1586e604beef74771c,0,normal
b392b87f872f4f84b1dba80f69344d405fc3ca9b360443cebbf17b4fe3fa8fae,0,normal
22a0a20fe44546b7b76045fdb8058912a8dd5d6b53834755b0dfd11a0a9f5247,0,normal
5b957451019c44c6b0bd57cc1abd5fa22a59e5368267411b80a778b3292afaa7,0,normal
3d680266f2e74195b86696b4f1d654987786661ced00419da5090e6295e718c2,0,normal
0408d9db89464c7f87859855dca9e9a9c1b6cdc867274915bad8109b757dd90b,0,normal
54d9065d76fd4b259cb81d6ededef2bc4809bbf3e37842e2939805df9ccde006,0,normal
c3c20f525b3c4c979f0b1c17d559a105968497457a454d31bf66de731f5788f7,0,normal
7b070549d91448ec8d9f860c7129ae533cdc581b44da4aeea93f230c87780baf,0,normal
efb20dd7aeda44cd8249d4141adee93bb3f59aafd7a54bcdb8634c0f4b1dafbc,0,normal
80c537c44ba3493293fb12709050a2b177db4a1cee69404c9d78a32719d69c5f,0,normal
96898fb7482849afa9eed5d8014f08ee7e32cb41ab054fcd8d745f4ee103b594,0,normal
354406f849aa4b18bb0d259a4b5c76689a420b5c6501479e8588a286240a131a,0,normal
41f00c277529400585eb3e0e4ca6fc7efbeb3370dabd44f3b7728918a158cf57,0,normal
b6c856ff0c7240f6bba1169aa14b423ca9216e5d17cd465c80cb3e3b5429efc7,0,normal
e954b9ccaef04071ac66488cd8ed9f921c9f40eb68ca421cb9709bd5d42c1b13,0,normal
c1b76a16d8024027854e135e70da6e9e2f0fe0d0b1d54b3bb11d2257350e2941,0,normal
1e41dad9351f4f83b9dd2db5006d819caff381d622194a41b3b9920ce1d3d26e,0,normal
172c3e6b10d24c949eb56cb4d5b96c9b1ab8f959b8a6476da92a5747c1d4a2f5,0,normal
84cdc75f98b641909f4fac268c929afa2777f5239c1141b6b4328e43992fe2d4,0,normal
9fcea2d251d04156ba0e29ff9a8b74b9f30cdbd0d26c47fab4b2d1d5adaf8b0b,0,normal
7941f58568354ccea6c078ff1b661dacb7076325a83f483daaa16be8f4f06761,0,normal
effd84d741bb46ecbfff808c48b046a65067e89e33cb4937b062fcb3aff49a88,0,normal
2dfb326189894fc4befcedc655fd2698f7b5609626d44a22a3f1a3bfc78f08f0,0,normal
2c8478f9a555450aa4197799675e49caa845960b8e094e5cbfe861833996e69c,0,normal
bf4e2452f5f945f2bc940eb646c49a1e596198b1ca214857a5471a82f72fca7a,0,normal
7d810232dc7142e5a594d3d29aaf19b1ecaa3a5c61194d3981729f7b0b63c7cd,0,normal
de186e9d74234a40be56349f3dd520a453bd40329a4b4f9ea88afbea53e8f98e,0,normal
9fa7d6a7c41a4433a2c09727bba1450234b0e4f6833644dcb0856cf7ea0cd5a4,0,normal
5ef42b0a7c5e4f6d97bc2c838f0e2e8235903daad68d42689d3cdfedff3ed854,0,normal
dacd9cc13608416db7b6987b354674a38ed23b6131e3484586729081dad2e07e,0,normal
a3947a89466848e3a87745c7bcb017a711ca017ae576487db9a35b992d5a939d,0,normal
9f8d304514ec4d0ab69a35725b09ff84993ee9a7d7e4477dbfa78187c2a47073,0,normal
a3a46a8736544f72bc5b9c26620729718e79b884ab154973a3e421e4693854d6,0,normal
13e124f260604ce99b475163c656e89bd6b9952e1ccb4ddfb83e42871ea52770,0,normal
59a66d5b28594bcd80e1538ed3bb030d8a0f05e651014363a40b3e6528e8a1d8,0,normal
7df58403f3df41c5a8315ff618894c804f50334c915a46cdb1951f07606d3698,0,normal
45e466bbebe94dd48c1242fa4ebfdeb79a0988e8ceb347659224ba022e81bd87,0,normal
4a7309fc7eb343f8904de75eb1ad08bbf9612166f270433bb87b807a7dd2de2c,0,normal
8f46779c6bc947a2a4b9251bd35b1ed0e957d735aa224c739ad11d3dc4db1219,0,normal
794d7048687749618643f40f84549df93dc6316306a94eef9c1746bda15ab13c,0,normal
1809fc51b6244c65b513643b57ede88d530208c635eb450e9f3ce93939c15cfb,0,normal
9ff8040978fb4b31a27497d9f9e04482c83176fb52c7447fa89e9ffd0bd793af,0,normal
787f30dcd27042a985414b643d6b5f0933eb22efc1e24782b486074f486c08e8,0,normal
9ef8dc51a49343dda3843eee03adba3a6bf6c66bf678482bae20e7b3b5d74091,0,normal
08dd748176fc4f9a93ad8b89aeb67a14c79a508baae34ce0bb72ab21cc8b0ec1,0,normal
e9c44a56daa94994bc66e69beb2a723d3b2b1a9e037b4bbf9951f20d270701d0,0,normal
0f15b8d8a3ef43aab385f9b47e2e87a0cf785490cb8e4f03bd6774c40611b4a2,0,normal
68ada99dd42e487e91b1471e1474a5231ec35b5279e34c0b9c92f02c209afc31,0,normal
59d40f0434394486a68ce76a8630e04c9fa0edc99a6548e78fa53d80a509dcd0,0,normal
4bea2836f88c47d6bbbfb43014d5c0e6ae541b45bb4f48879f8708a434b06dc7,0,normal
9038d7289cfe4c748a1f92f2ea6f6fa5482d2285f795462c8a9a3c5869fe0035,0,normal
03f9527c9b924570a7924709197684b2f4ea927c1e434c27b371cc641cbe068a,0,normal
cef131aa176b4f44a68dc678eb19cfcdacd48c0ba5d6454f9cf4e3a7fee39aba,0,normal
48472286f5b84e01a81fdcb836f8e34366f87897c9de4004bb7f8546c4fc4410,0,normal
16bc8968bc7342b69b754cc7dd2dd609560ba992c68e408fb10a99ec85f4af25,0,normal
4dc66e479aa54e0585269ab82577996afb4e7004d4f84c9387657b042864d0bc,0,normal
9e1a1ff22fad41708776aaa5606388d74a36cc36fbc54f30b80485c91861a90e,0,normal
37079a759b4b4433b8deea96bff4200fbcc1e9dba23140c28330e4e92d94af62,0,normal
a18356aa84be462b9ecaf24dec8784e66352ef4ad1024c569dc3653ddaa07608,0,normal
7779fe3bd3164147b821d2912b49ceb6b2123ba3a38042faa6816e49caeb988d,0,normal
8d74d654d1c942be84ef170e21305f7edf4e50f5f7c347f2999e0fe316e70fa4,0,normal
2888c39b42f1435d9bb03c208999bf603222e2c236b64d018e6b2511bd0ae4ee,0,normal
02eb977b6c364daaaf6a541d7deca4bdbd06271870714d2bae62cd0e59fd3d40,0,normal
816d5536f3474360819a465d1e1d1f4ffb13548394334f2ead450f3161ba73a2,0,normal
e60aef75843e499281e1e046b4b54f7a470be81fe2214d65b13c4e8b0781f8e0,0,normal
eb7b5d73e0334bc3972e64ee9ac1620f210ba1d94d0d4af4bb063bf17d915b6b,0,normal
fb3308a93a5c4ef989b0d64111fd76aefe61b99ef9e34cf69011a0f9ffc4a438,0,normal
6bf1ad0e7ca54c0483f87ccbd8b289c4b800488c534a400abfda5e533ed054d5,0,normal
4f4b52230d024ffa8c4001ca13062ed26babe8ad61c24f398af04307a9e24780,0,normal
2bec336ff7aa45fe9e3db2e1d827a81d3170a8ea6ecc495c908955ab94efce7c,0,normal
d0ffaf95c38c4d69ad6b0244515eb4f8af72837ccec644049af40d37f3dd0bb0,0,normal
a8bd4cce423c46219c600c3f980878883731edc95b91491eb0ff4a4434b447c0,0,normal
7ddd1026cf2f48f4af57dbad7555a33d661bbc2a71c447b7aeb8e48476eec5fb,0,normal
62e740720b4e406a8b089f95b9ec2b87f5274f6f0fd04268aeb839d823a9a052,0,normal
b48145bc7afc4605a8fd0c06bfb2fde56ef8a79ccfdd42848b7a75922ab2be00,0,normal
e4e0422480704f1aa71f15219c95107e62e0818bf3d6479c9a71f42b08ad0c2c,0,normal
47d9b6c5fbd444e6ba70fb3ba1f1919c2dd1a2c5c5da4a3dbb55eecda5897287,0,normal
d7729813008a4189ba68d2830281c6029210979fc99647ad8f1eee6853380a92,0,normal
fe42d40de3aa41a08c5541b7505ac8a0f361f3b893fb4b9597c30b930cd12966,0,normal
44ed1533f6b74656b848870cfc2ee598890f37f139834a5588de6563a9476ffc,0,normal
a84cdc5d57d243e18395cecda7edda002b72d11376154c14bf34a18855bbac93,0,normal
7c4f0db02f314fc790c6f377c68ca0f3f07d770c7df74e6ba8d01a35989fd328,0,normal
c49b7600d188464184a25e1e1af5748382cfda5111d44be19ce48061c049447a,0,normal
b2f5fe909e9e4a7bba8423dd73fe5b79ee6067c6a71746f28f714bf7bbe9c3ea,0,normal
00318cd69c7b45da82f30dc44bcfedf919152f93ea14450d94e84b9bc15d177f,0,normal
f3cb56f631af405283dd8e2f49975f650fd1f94a95724d0eb77159d2d4715107,0,normal
b62350e447744916bc75eaa25d315d0d1f57bc36f097406c8b0e97c37749bc25,0,normal
ec8ffcc8854d4b3881d68530ccf1dcb13149205cab7d4859b62a174e8e73c1a4,0,normal
3cda9d8ce3cf4317a2268bf308458ca9a4c588148af445ce9c6360ea85efa901,0,normal
bb056fb57b3a46558865bf4473005edc5ea1b8fb11604bcc9ba8374fc5d74742,0,normal
f6b00eb0381f4fb08f8118c49d80824ca2e8731bc8f945fd8964b2ff64537918,0,normal
e93a34cce9ab4371baf0afa82757629d434eaf3ca0914107b96ba1791510a780,0,normal
c2336ffa9aab425e9e1518eccbf355988ace9375a8fb42f9b03feb3d95798325,0,normal
2a231ce25ef94f5aae3fd3ee3e405c2de31ea1bbcb0544219de325251138f687,0,normal
42f64a2dc2f443e88d6c03b8ec395e9e4463e79afdeb411d982a5ecb1bcb0d49,0,normal
0ab32141f9994a62b9a593d98bee1f97bb5ea4f336d743acbf860dcae1db7be8,0,normal
d4377f342cf643c69cec14fce964b30c55016831753446f1bb954ee6500ac658,0,normal
e0b3b794c5f14ad687e99d6166e0fa059b42e6b2276f480e976d5bceb184b3f1,0,normal
36199d2f5ddb401dbb9d09f1b3690d0735df93220c8946128cbd06be69a5b96b,0,normal
949ea67476224577a4ebd3ff7aa2a320c3439be6852045589e95a806378fd67f,0,normal
d355912ab997440a803c9d515cb5f0c1c17490e0e58c4c83a5317d0001b03e6a,0,normal
301770e8d8e842a4a1decea98a446d2da3226135a2de4b8d8db49b6e6ff468cb,0,normal
226652116f994bfc98e682a30b9568ede739376a1a3a4a1ebf2f3aa4b5adfec7,0,normal
e3ece639c63f4f67ab926f76993cd9088bbedad464eb4398bf10a04dd5442a32,0,normal
83fc5b0440ad40cd9dfd76fc7d149c6220fbe113d41e46119991217b7c0887fd,0,normal
557b55c5f24f444aba77d40afe291b921719dbf454d84d5e82a4b6596efce42e,0,normal
8c8c0db1dc2044f58d5244d2fc2ced9a94f3a3b824c74ffe9947b0c8fb045b8e,0,normal
1705a58a001d4446b8329b58282f7bce7bb2d84f52ee40bb9da0bdac7e502410,0,normal
8f74e73720af47a186880335d3fd35840096439ded534f85a64c302d708fc764,0,normal
11b097647bcf458a89508811945a24b7ffeb03f4689a4fa89d280a40b89c812c,0,normal
021f832133644a0696644583509a1fd0b65ff07d80054fd8b985f0b3eb330565,0,normal
e1017b6370f845168e0b474be3edb7925cb9cdb41ca449ba9383385a532dc5c0,0,normal
19d4d7a189fd4e65ad19d93caeba6118163c761c1d4d444891c37d61ac1bccbd,0,normal
d096752eff0348da9bd6eca141abb7f338291166c7924df49fc2bd1be12c9004,0,normal
c40c6bf0e3774eb1a6a88e1df085e029ea96564d55b6405c885d270b006fa2ff,0,normal
7f709ce20c1643c3b48f68bde80054755fac7de100ef4bcbb57b5b03f8506b24,0,normal
e2c5d48c0779440da266cfa214e0a99a19d99927ea5a47afa7c61868a87432da,0,normal
a7976935c57c4dacb59e3ceb8500b70e69bcb8d171834d55955597da05a5d0e5,0,normal
340413af5dc64aaaaf37e92570f6a06367942edae0984ee0bee61c601aad8955,0,normal
350de806fa72423491045841be94a0a84bad00a7528043dab75bf7cd72c5c30a,0,normal
1f2a2cb1b2ca4085a79729ff8cecddfefc488c45a78b46cdadb0984855a6f702,0,normal
bd54524ba0574f44ba1ecf6fa3ecac073ba855683daf42b0991db460a855b4f4,0,normal
1283ed13b3d74753b316d36d795e571eed004a12a7ec4c1fa1bc84c13d9a3ec1,0,normal
38a37502580f480cb9d3d9992b6fb9a280c8504a9ee94ed99512e44039521ce5,0,normal
61552fea3a8b497cbb4094b20c00b82c90123719338345c48cbc99e13ede0d7c,0,normal
04bc817f3f084ce69281e0562a59f4cc43d111a693e44451be9342ac808fb042,0,normal
bc92a39980b146dda77e957924a547ab105f2d1baa1241c19f191ad88aa1db3a,0,normal
ad99e55e26d0493f92b1e48639bc9ac13f15d802872f4b4bb0cbd52d33fe1ffd,0,normal
045a291dd7484f8ebf96e8e502d7f992f8a7b0b6a0fc4bcc89c5c63cdccddf1b,0,normal
a4ff63cf03e9444cb6bc789094aced1d169edc25b7084404ab34c1e1f1c086b6,0,normal
74d5419f64fc42a1b1e45512216336bd09f95a1aa376425ba8d8341a6853a94b,0,normal
f2c3439fee40466d85673ab6a129dfc0d979e55c49784fe6966cd64d89c4493d,0,normal
0e0a04072fc443bab00418deb5b06f68c1dd4cd0e98d420cb5611fcc3e5cec21,0,normal
337a7622e4744b6d9d6afb26d80ed25e2f9856f0b1444344a992ea1174fa642e,0,normal
5b9292b01796480497f94211066e189a6761f63ae73144b18cbed4fe129441c8,0,normal
3869cef957454577aa372530ceb8fbbef78250b702b14d2d98fb9309d6854821,0,normal
3e44f0c3841249ae9497e52125620c33bb38e0cdd60d4eda8c174da91d4e6af4,0,normal
d979807e0b184283aede0115debcee1572dd1acdcf8c446095493ec0ea425165,0,normal
7f2ca0d75f5f451f8114ab96ead22f7f2db8b334af4d46919749dc8c8cf9b039,0,normal
c3d5da2996114e5186b3597b5abf604afe52f5926424452b8e7e9ac25a7072bf,0,normal
29140991df9648f296b1d6a5a17017ded97ea9e7b7cf4930ae48d631c4691957,0,normal
0aec3ff981ba44baab37e40a907e2c21447b47bfbb5549b8b122773773751212,0,normal
1067f8febd194ab6a45522dcddcafe641d986feecdcd4867a1acbc8b7f5af89a,0,normal
6f1f5c689c1f4639bdc8281e96b481481977ce478e2441fa835b92f67d160731,0,normal
2cb44d35c740423cbe452d72c6487eea7f55348083c64223978e716929ab33f0,0,normal
28865647dc9e445e98208d1c8e50b77a4de022cd2ec344a6b0486d26bdaff7e6,0,normal
6be9c219ec434062b6ea51d49e565d5877ef193fed854d55a8cdc229efd15a20,0,normal
04ac98774c5c4e6396fdfe18ee7030825e6e8b6aa1624e678d0e0c27bee6b744,0,normal
777aaec7b51a4d709d73470539b3cb7af182f5ed19cc421b908df4c5020431f1,0,normal
0b0dc88e52854fdb8bdb39a798bd129e955c36739134436399500311f1463768,0,normal
f34bb4ed668446e2a26018f59621a51ea2a3a4b04360432382da51b22164b95e,0,normal
9559999f5dd54c8cbc5a95371ecc26e58e5e81c90d8740c3bd7d0f908488b97c,0,normal
6c31175c0a0b4c1289780e11c0c3f73d7bca93232b5f48ebbdf44802f90e04fe,0,normal
a4ecfd957fd64b2f8d68a7b3ba4fc47bb6b626b3dd8f4af3af8a8974f91c38f0,0,normal
b590d20a7992439f932953972d3dfe0be138d4836cf248248b66763b5dec17d7,0,normal
af0e69b0b62e4a948548778f92b9ba533e6fb02fccbc44b78d14bf1ca9e0faf7,0,normal
35e64efafc204965b8482885dd8b219947f4eaefab9c44ab9c114525986dd913,0,normal
e4c567d3ef474bc9bbc0aa34c4235afc690d4ca58de649aeb136889a70a0e47a,0,normal
d94269a97f9f47c4b6fce021f3c6f1776583c4c0c16d413197dda2dd20f8525e,0,normal
fad9a2ce481b481aacb5c14c60d3cc73d5ef97356ade4b7bbc351f783c2e326b,0,normal
204e5a331c17479483513025af01823b92bc2062b0224aa784d289f3f44b9cdb,0,normal
86aa899998b849a0acac9f92842ec364111252dd63bb4a46a0a11810dbc2c6ea,0,normal
61d1339f1c7b4f569c64c8ea6b519d05f8b3e49cc32b4a1792548045c5b4e652,0,normal
7b3b1a3bd6d94346a3aa4eaf6f7ee8c29901073eef2d44a7870a210ab60bb7db,0,normal
a6dd7f5f776a4fc4b74f8e5fb3c222f2050a480b56e84ca497904593521696e0,0,normal
886b37ce8fc648a599c607d91de21508ede83bdceacc41ccb54505f73e8508b5,0,normal
0a27fe76821a4f5cbe37bfd72f7c9d101f8e12f883b841e0b8b13223c61883df,0,normal
9b7ecb443aad4809ab3a5651c6915d6fb0be8cbebaae4ea3a69faa0631ea87ff,0,normal
ecd6d17d36a14536aeffb103b47c26fa943ebf1d4e1e42d4abbb0fd30e8b3279,0,normal
5b2411a098cb440caede8dc09d9501525dc40038ee454440aa08b7fbebc19550,0,normal
7c57659a1548410c9441d2f63cd57703ab9f72eff5ce4cbbac8b476826228429,0,normal
02c597506a674cf588f29a3ffa4f19cbadc059018cc24e9895b233dbfb6ccab9,0,normal
e101f507154d49b9b01d8c6c9578b0898a44baf679ae4371a7bf2363cc6f83cd,0,normal
8d24a9b8545d43d185df43eb78521c5df2603e6fe5dd45a3bacb028fef1e3567,0,normal
4d7afe2b298e41b2a293cd4c62bfd1cdd926c971690d4dbf94d7ca0414437a25,0,normal
ce5666aa8c9b411e9ce2eca0627dbad867de8c67e29e4116a9d3fdd165e25726,0,normal
7c89945d14f040bfa48f3b39f452f93e81d0549ecf274dbf8af4e34ac32c76dc,0,normal
76aa66d3ea2c47b9bc61141b3b0207e87bfdf9abecaf4b9cb05db82798cc828d,0,normal
a9a02c80f691450d818924035bf5b96950a38de0de194b9793621f7bf420f135,0,normal
1d81b7da66964d228e782436a19b5b04f76edfd63d4c4751be3ad6465c1985a6,0,normal
d5b1f61338cf4414a16271a291a6abbab95c18304f5048368eb9ee84b1c72b53,0,normal
0eda33414ed544098f889b14604bdc6152f9ee3bd95f4892899907daa566d8f0,0,normal
34cd2079e0ee4b599ba292f3e288666b951de2b14b4a4b2f8542c801c123b5ce,0,normal
18af456d78b74aa79c651838411df70cdf5cee4584894031a3da4f6f97a69aa4,0,normal
322354feab714e9ea013f1af00de0d078fc556a7b52d444aa207966612ab7d1b,0,normal
6f992f17cb3e4879a909ee7930b756f0c55970e686574c6881a6af0526560efd,0,normal
6927c6d55dc64ff2922e8b5f63ac297c0d363a7103e24141bc76134402a6fede,0,normal
bdd9dfbf10f54166b24e85535a9f552c3357512942b54c0281ec9748f1075a2a,0,normal
30a924b9fe3a44bbb5780ff6b8870d341e5c9a387b034b7aa551fbd24903d477,0,normal
4da6b929ce05409b9b2a3972f01752f65542b18141e14328b69bf80df9ceb5cb,0,normal
aad2d4de66db4218946d090b6f9a0d6b93fa7e1c4724455e9cfaabd91fc34e9a,0,normal
0af69cc85ebe46339a0f3d633f91e73b88f00004d51340faaad257ad14d823fa,0,normal
e3253e1e02ea4cfdaaf5e79901b2dc4ba2991874127d4a93b9d1c010f02cf71f,0,normal
aa34dba0dc594cd59781a4ec99ab2ca757b59db37f3d406f8f8b3a80043e108f,0,normal
720bb55640d445c4a7d5d8fe943965a0a15ed4c07ee54722a3030fcdd71ba001,0,normal
a0b3a01f6e264e57b00317978edbfec9fc8ddc29d89c47009082c574d841d17e,0,normal
6ed6e7834f5748d2a4b969c36081f2f688eee152bee54b399f6f849bac845b0c,0,normal
dc1bc9e15c1b4339bd9805a6e6f78d214599708ec1b34b189de86a490ba430ca,0,normal
e3a7005892084f66ac377ba1e694fa7f29bcc19d356f4e5aaa9892842fa1126e,0,normal
777328dbe4284c7797fe57061fe26153c5e745dc7a6448eea25384fd8d5a3fe7,0,normal
5edd90437115447d95466bcff1d705c397554d929e3640d08d6284e57fa08085,0,normal
73540c7edaca452d97abf539fc302321ac79043144ce40d8b0dfff9b5727c112,0,normal
243fec8529354c56bc62bb86106e33fded5722aea1f34b13b0bde5cf08647fbf,0,normal
4da308339fb548228f4b363b52534e17241c1a67cd8d471499e2071586d28c0c,0,normal
7fd62cd3317e4e8599c2d50e82ef96b7e1b335cd2f6645878f7f6dfbecdeedff,0,normal
00ac8fe48598419a97911eed9f573d2f254edcb74619426d98f1862ca62a9666,0,normal
55abe97c2dd24b6ab154ad3ad2f4260d3f3e374ea45d45a2acddbc606a738932,0,normal
0844fe0226f14ad1b83caa4b86c15bc6360f84bb694d43c9bb36317d299d5b6a,0,normal
2503fbf3e96847ddaf109fa1a6d58c7c974220e8a76c46edb30e8669efa0f39e,0,normal
1532cc5808f342128a4354402080fac7b7058a7bf8a141b3823102bd5a97aeb9,0,normal
6fdd66f6e8674f92aaa98b7073a241de343e517d7dac4d1aaca079f14d049f68,0,normal
68377a8627974cac816387e988b5f9149caf87f6222547f186bfc743582c5fd7,0,normal
0b5670fd120c42e18c6763e74d5cc54b6a62b4c6b0c4461682a8643de51c88fc,0,normal
da844f92204e4b4a82fc03f63e767f305b161707a2f74ef1a4dfffa9194d5997,0,normal
27c4617353dc4b5a941aaf64983785e6d59287da5f8a47798b0f45afafb5001c,0,normal
ecef12c5951b4d58a323738b96f26ff2d245bce590eb41bb8d098bef30f64af4,0,normal
0f31ae01b32b49cd8ed6fc7eb782326c7f21956d028547f4834263c873073ca4,0,normal
b94eb98a442843469cbc77d2ed2bd42b789704c8844541819698f81de5d2b41a,0,normal
fb256634910b473182fba70bb811b4f14a7529673f9f4ca3bbdf4b505c6f629c,0,normal
4051be3c190f48bfa1470eba71ee556a66097bfaf0154adbbeff676c4fcca585,0,normal
0e60118f61d643428c864bec55e7bcf58ec66cd1e7fc4897aa8f93938f94f639,0,normal
49094ab87f97419185d5f22160d03c73fe9a6854a9554182a00f96dfe85a3257,0,normal
64ed9fc8ed644b1caf9b78ffd23b91c3a6b7a1c585c542cd90013c26a61019a4,0,normal
8e520f7a639548d69121f38b38b69559a6b8460d886045e98dad5ba032beea96,0,normal
8a2c9d086265445db996e9996c749e17435cb724b57b43c2a4c02d0dc0b005b6,0,normal
cccee46ee2394f7a9322550a27ac1eae02b1de8a629e4c14b2ea46bcb937b821,0,normal
1132091d31a449bd99f232c5c1abb1323f734869ec8a451db1198c631414e9a0,0,normal
6e4cfb015c7f45cebe40b2e215826cf2b81bc4736cff40bd8321a22e8294e3cc,0,normal
1f97c79d757948ceb0536b1a9264f677ebc2366b649847a2af2925bab2c3f22a,0,normal
f2e7bdf34acf4f92993152b762bfec8d4bf0478bcf9a42eaa9e8a97dfb96e86a,0,normal
f407fea85d814c11abe9f53ec926b8b48eb7517806cb42b2af3c1950419833e2,0,normal
aea36b657ffe44ebb0ef37b1bc98dee6a3019be19dd34c8f967aaf825f09c11b,0,normal
59a35d8e442a40e29f546cf130488db603c33280835b4017a2b116ed2302ae19,0,normal
b42a08db1c7b4cd586e8ea8c7b7628ffe722698c3e26477e9c56e1033e73223f,0,normal
8f9d92a94c1948d3a2ce258b5dcef10427d0cbaab8ef43ab9109aae9939ef767,0,normal
0b16295ee81b4ea2bc46181985584fa47d87ef0cccdb45218b2e22789914ea80,0,normal
172afa55fe10448da392bb8971f7df0e39dc91bfe5174d7f8be9c8cb35531161,0,normal
24bdb7075b3f462c8f0d73f59e8a8665414f9ea90aff4bf48ef4b7669a5ac004,0,normal
a84184dbe77a449b879fb5b082cde7f19010070c18d1424f9c004d8459cb87f9,0,normal
46f9bbfbf69442c2903f72fa2fa38a09474dd08d12bd4052b3d174fc2b3a98b7,0,normal
21a9292d348f412f8d194b62129bbfb8bd2ec322114a4111aa204594a7a4ef9b,0,normal
8cbb9cda9186415f83b8a5395ef92dc69a5d1de40fdf4f749ba3c07a3f76dc1b,0,normal
a50c3b4a2ec64ffb9ee2403c91934df242974297abe64c06aff9e57a36417f5e,0,normal
a4075341c2504f9d9e1fa8db1e3e63b70de071a6cec0447ca754eff1006f956d,0,normal
6794b3bc5ddf4673b018534bb3cf92ebcbcebce992044c67bc3b209aa2c54d7b,0,normal
42f7bd4550fb4135902d9cb57466c85742ff1011e0ed41be936a05c5f6088ff7,0,normal
4f1b2436e66f4edea1611ef1631e2f7015de983bca29479386bd685cb680e65f,0,normal
5d995ecb8bca40c889f316285e8cf2035c289a101c8a4b439203468d6c4f4c7f,0,normal
d8d1e6aab2774d529c58b25a85d4ac7116e3edc5fe0a4b82a2eae3f6b5bd0545,0,normal
e780de344ecc4324b23f950b7ccf8a18777849897357482096b4ed9320f7ae80,0,normal
743da4b383a34915873879b4d31be884a94734463954419c90b1ce42a0c371c4,0,normal
767b2d8c16524370a0f3ac6a650932c5b3e8d9aa8b9240708a0fa5c2548ed987,0,normal
8aa5269a57b145a6b277ffcee84418f7133ccef90bed4798bc88306f1140080c,0,normal
e73f583e69844d29a401049cba0140ca17ddb42e3e814c41954dddc54753deef,0,normal
cb3eb74f913b4e6d86c2ab7b5ee54c929ee2d4982d5c4f5092b79875cafacfb6,0,normal
2b710739720b474cb3a7707427beba8e476120d3f23c44e4aa6d30fa8b10230b,0,normal
1687cc2e63cd4eb0b1f57dea2883b4fc126def6fddb44fc4b3ae19a15bbe2df4,0,normal
b6cb1e3607934d1c93e88f48595a6ac9999f0229dccf482c91b2b121e16d7ecd,0,normal
54d0b6f2d26c4f2a99009724215ac85921cab98c676b4cc08d4c4cd78b3b497f,0,normal
cdefed36b4164a21a28b0285193870b803244054fe2443bc921e3c478a8c2436,0,normal
079d47a9390f47f49fb77a5c212247f97b165a6f4cca449c9afcf2667edce463,0,normal
efd5bfbaebcc40fe90631edfa0ba34d7e1de874d91284942b7e87ef68a266d17,0,normal
f990c8bde5f64bd3ae710a34c76e33907d17471992f044d19a32b404197f821d,0,normal
bdb3dca2035d4dac82b131614288da6569305af6bac140af842774b9befb1bff,0,normal
54fb6b074c5b42f08b38c5ce916814bce86081fa32a0467dacb3d18eda7d87a5,0,normal
e51e2a1d2ca448f9b81bcabb8b88fd33707e2fb9f1354cf7bcc585ecc06240a6,0,normal
c0b3794abc784c6d915e126856ce4a15c900267ab99e4c93b707ce1b789dccf9,0,normal
bc016b1647524b3ca92379a2a2b0a6dd1b94b8d7d20f46ba965517a83cc19fc9,0,normal
11ec8c45fda54c45bdcffadc083676dfb9f5da2ac6644dccbf88284bfb2644a6,0,normal
3ef072ca18d44167800a92091b429c3a6d9832af467b46f0ae2d6ef2469440d7,0,normal
dac179150b9741a2ba4c436e792ca5bacea5645b950444f08f79fda447e0056a,0,normal
e298fe17c5ea427abd329bc066c157d26830b4dece924ef8953219dcbfdd294f,0,normal
15f3ede71bcc4495bb15493822b9bd6064eef95ecd174e3588f3a2dd3de4fc53,0,normal
64b8c260e73047269882887e75925fbdf3a2f2eb354b43cc820ff95b33c7c146,0,normal
5670dc669b9a4b8780a852b67199094183b9757d787d428998812d40dbdda688,0,normal
7af86df3e4aa4143b208ee57e2ac528273466446170543ec8f7670c2243f2ce0,0,normal
bb7d075d6a114503826fb795ebfd406b0c098de31804434387b0ef1240204a5f,0,normal
7b7e85d0b27744aab01ce68e1afa67f0f73c5f4ca7fb40c68c9ebea5697e7c40,0,normal
aead369974174615abd82446e0c849337e9dfee9711b4219b31b1c599be5c099,0,normal
c1bf451c3b194102b7ed60a255f6d77a7134b9af08804cd5ba75e2e7e8e86681,0,normal
302f289d71ad4b9395f6b96e39b47b4261922a8f94a14be08b0bf6a9b22df5cb,0,normal
e77013f3f7ab413eb8b847f3cae2693d5d431077760544ea89710bd74347291f,0,normal
ede3f32713e7419c9a54190f4185155cab3616de54e54dd2b1d10e33a4ea6cf3,0,normal
06e751bbc25f4a28b1c0a7b95d841e85c87ebb0e45514058a3657630b0a36443,0,normal
7293153fe28043f48ddd8c712752d14922b3704159d244329640918c164b3343,0,normal
8d8341d900564774ab1d0ab3abdefbf0257691045abb4f27a660019598e7803b,0,normal
5078d30910b54ff69230d05b8444c48783a583aada54419990caa0ca63149e7e,0,normal
58db8ec68fb94b1aa225dd905f7899b8accf300e38b24d7ca334b53c5ebd22a2,0,normal
5ffe546aef61418cada6d379008e8bb83f0d9b6d60da4cbbb5e3d1ef041ab34b,0,normal
7a6c0dd9c6344f55ad13139a08944ad2148eaeed46dc41b793e760aee74c4b23,0,normal
c2e80b107efa4fe08eb57d218ac873dc54643c2c73c7441eb2128089a7e46b81,0,normal
ad8270888c104c68acba8cc44530d8809563add8ce954c7a9dba66fe58a675aa,0,normal
5ce90a8ebcc4425e9320f8c832251b9a2c31b71db3814fb9a00fd9b74d99fd7f,0,normal
dbbc8fa513f14982b20e83f5485a9f338fd051e48bcb49269b12ae4aca0bdabc,0,normal
b199b24ea53341a59a34d96cb37db4acfd17e4b2a8c04cf4ae727812f582e7f7,0,normal
67d53ff1f9494070bf53d52de4f2dd4ad5e1faf1fb4440deb95cfc84f2ac1db3,0,normal
b4f6be7d134f4d26bcfd9f624679f91e603265238d444f8daa1718e6679d3987,0,normal
9ab669ee7e014e64ac724295ea009b6538542e9aeafe43829b834a4ea43a61c0,0,normal
4741a8d4462b4935bef7310a0cd1d6da209935e8c6c445599a8431859fe71d17,0,normal
3d75c18359ff48cf8972ea8d620dd1c6b743bfeb232440f2af609a86bfc262ae,0,normal
2b60142deaf24f6fa1c5741e4c4492c674e85834f3704268abd898548f1304f9,0,normal
aa93b2b5c72a490fb89ac366072e3d44a756c42c36ff4ed888b50ca672609f6c,0,normal
b8d3ca787e584383953261961494ed7e92dd3a24559f48ad8a7e0882136bd197,0,normal
74586de0e2dd418dace77363c49aabe16ff143b3f9a840ae83fae38978907f3b,0,normal
aa674912da034168b4b6d3212bd16d4ade10dc173d2b4d39bf6415e19c7a77fc,0,normal
f7648cfc22d2452595c05ee776a0b2934cba5c5e78ea42919289c9833be25a72,0,normal
bfc556b6c68f4d0bbdce4e6b5217bcd2f88bac66745847b690bee728adb259e9,0,normal
af38ac6c88ae408f9acdbf39af4a6cd070b05eb296904a258f9cdb0098d5a63d,0,normal
147110ec028e44f9b8ed4210b837b6843a4eaa5e69c94cd991ba560cc739ffd0,0,normal
374ee2925901492bbdcbbd418fd931b5692bbf66d60a4f32a70a7a1fd8a4d41e,0,normal
4651dd4789de476db9090d33ba23fef08c51258f417648ada34fd07474d69441,0,normal
eeed0e04dad94c1d8059b7a9b45484a56ea571c0d00d424f999e6bc3111b97b1,0,normal
b75dc27591d1472abfe5ea118c334629fe7ebde8c2974d56b6ee4a4a8c31047a,0,normal
87d64ac86855489693e3b1ecb5f55d9bbe71079de14247fdb9294b11e46cdad4,0,normal
dafa1f6593684a58b91773f44e82bf52c69adbe1a1334f73afc775e41381d029,0,normal
617e4bc2ee7b4971a1104409404ae09c1a583a24bf054374825fae8186cc6c90,0,normal
e2ac23c4b88e4630b04138959a610e73cb7d55235b2b4a8fa10fbf703e88fd11,0,normal
a399d5042bd04c09a380576174ed4855c35d8647491a42b1bfdb47727fbd5857,0,normal
e36b4d8f94df42c2892dd86abad00b77d21a2fc4b08545f8b2157cdeecb0e12a,0,normal
6c5216826e8240508ae605530f078c116c65fddaf26545958630a2ed23280eaf,0,normal
e3ff6cf34d7d4d8cb9fb3f274c78cdaf3e4c0c0bd8e949ab948f5ef89dc9e0d3,0,normal
de0741d3f12b4a38977a7bd530106aa5f6cea65db7f641808c4b24d4778638ab,0,normal
216a5bc435f54a7ca607b957a35722ab7bb514a8e1154a11a5d0fdd260593a79,0,normal
178f94792c3d498b8c24e31b3e7fd15f6482574411bc4227b39925fd7780f62b,0,normal
9a337fdee9844bcebfa8eb73216346fd940e511da7574736ac83977dc23e8261,0,normal
1f0823bf1aee49c18e8a8bce50ce511bab3b5d1c3840494a9ef783ad0e66c3ac,0,normal
56656a5ef3904a9788df5cf2f8302cc83e94dd03c6664047b63bd54550bf5e57,0,normal
1542ac5da840446bb787ffb2081579f6beca8b7332d64912b3e8f130661fe9a6,0,normal
1fe80de348ba4d0fbb7017eca4e026f772a5790cad544540a8f502256e08f558,0,normal
bb9be08dcf3246239b9e07a4b5b6079c43180dcc773b48f9971428b9dc5d9910,0,normal
f13f6bab2b264ac9aedfdff10771482b88e20d18888944e2a8b0bcb4d966967d,0,normal
3ffbaf5631ee491b98223a37ef04257412aaa1ad44644764b88f9fe9b35ce556,0,normal
bf689ebbd8534322ae2dd6dac6b049d21beac651bbf047278fdc66d7bfd344a8,0,normal
54ddb288881740e1b6057f9c979e1c632c03c291bdf54f65b647a0d399e00a22,0,normal
826bc023e614437584473dff5bb84bfa9bff33b24deb4db3b970203482d1bdc9,0,normal
5c17efe27fe44d05a7c0f2b9917596f9e41ed11227854670b752c9991254cca0,0,normal
bc95cd2a7f454e568b3b16479e730f889b4a353327cd4d75be02c1527d4d566c,0,normal
c82f3e5f128c4b8e97dcca5fc18c5a38bd5c564a65d943e7b9e4e03ba513b5e1,0,normal
590e22f5f0ea4566b34197d313c6fd13472a956676d64721a8d856dbc0551046,0,normal
ffbe573dbf354fe194d6875c74b995d9b443e8c73b914563971e0907e13c6e04,0,normal
d88687d51fdf4b059807b2a843814d3592dc8ee6e7e344cabcde766d6427811e,0,normal
0a1755fb10ef4874b530134a8fa325bda520184498d94212a36c5652b1d3ba5b,0,normal
74291fe8cdca4c399221d5e91737acef0b2c044733fc4bdc87ddc72f6d5b38c6,0,normal
8fad25fae7934889a5a708c7ebf78969068628a575554b4e9dbab0fb970cb7a2,0,normal
32262ee45d1948dab15d0c74b8fd8d0a9c793530e526420da42bb5b38cb25b12,0,normal
d1095e54d342490b856ab39a01f753f084ec99762fee43a19c9f7aef7f2d9f31,0,normal
ef3233e2cf1345079908aa8ab9d8580da4954d1e5ab74faa97648535e527ddac,0,normal
394da832708640b9865c3ba8e4c5fb2f350b47a7671849daa1edc14b99b36988,0,normal
77e5ef87fc044d5abbbba12e310d23c070bf24021ef1460c9df5bc20b020f681,0,normal
f2520ef4993b4f12bd6eda55e7037ae3cb86dd4d212f40b5a83536d54723948f,0,normal
2cd7a0c8baaa4e3f83345eb47ff17ca8cd73412669e14dd49df3b51de78e66fc,0,normal
3838695bce054e1e9450dd4530b10852a6496023bef44198947ed6265b94602b,0,normal
c2ce1f6c6e0a4cb6866315450434841a5fc71989d92f450e8b78e62a96d9b954,0,normal
894cec58b2ed497581bd54832055f6c042545c63850644fab827e332724b7536,0,normal
3813d3f7ecc343b399d861490901191ebabe1f8384644432bcc1420a4b2aadff,0,normal
840b43af4c334c53bfe75cbfbcc2383050bbc8e5e41d43e5a4ee968b71194690,0,normal
bbad529e5f1d4ff2ae250314ee445c578f42464dbed8468dbfe0a115b9a3d168,0,normal
559d190f3eda4c13a6e89f255dd5a2ff9cfef14e2d9e405d930ab058cd936cb1,0,normal
3702ca5fbbea4ef59bc149c6740f539d76867af60b024f039adabfece2db04b9,0,normal
f52a2fb0db384fe09486e54d55de17762e5730edb6324253ad016a8af79925af,0,normal
95f80964bfb94ff4b8587b5f90cd55a1327a6fa8cf1547948c0e746cc868835d,0,normal
40ce594ba12a47c285e96ba58ae547ba3929659cbf6f4ac18fc0cfdf8adb7308,0,normal
607d797702fb4175b5b4ed4b6f1b1de907487f524abd45f09c69d084ea2effc4,0,normal
e5b8d436a49343df92c0025e33e0bc93a4b417dd18dd447b8b6e9eab33d0fee3,0,normal
b2ed55f77ef34019a3f350247b6b0601fffc989400d84677ad27b1d8896cd9fb,0,normal
c09ef47cb49d4faf9deb1e2c2f23a055239ff58a3e894a78b21c5d874fcf3461,0,normal
8967033458bf4051ad99df99c0ce25449172fbfbba2f4c528932c0b4d39e3a70,0,normal
aad8fe1a066d45ec93dd6f89741e3f7cdeafbd65e98344b395edd24232a80475,0,normal
5b9836918fac43ee929e70322954385c816f75bd0eeb4986933e7774e6e7651e,0,normal
84c8321875044257b4f12d574bb180a4e9602a6e168a4f9bab70dacd5a406af9,0,normal
be40e4dda83e45f1b398ba5cafd203d732ddcfbf9f464879bfe0d7063e37c251,0,normal
b560252a2a1a40a78923c0aaa10e1e99b33e483d538742d79c39e705a91fed2d,0,normal
4964af5d64b844c58990f9a479200b06583522dbb8ea475c9efb5c40777789e7,0,normal
bf8ae5e96a3944d1856aa466483fb36035de47eb4bc9407f979a5ad551ac7bfa,0,normal
41714e11c5bf4a588341cef5cc5079321eb1799051e640cc8002a02e7cb3eaba,0,normal
c2e029cd127e4a4c828311b8093746c8772c9d8f48e44e55b90061216dae9884,0,normal
2f5aba54cb2749a3ac82b0fc4cb029814e1a3ffb43c74391aba456080dbb4c79,0,normal
5da93658bdb54d209371866b2ee06c7bd91a0025b87b4dea82a28103721e7579,0,normal
cad8c7c3887640a88d28610e870562ab1fccc970ea094ad4b11c7f589a79c868,0,normal
93db8f1128584dd8af994bdade36d92f4f65437ac3d64880bb072a61dd78a9ed,0,normal
329644db36944a6bb2747e2a38d8cccebe09632570ee47f482b9be5bcc15c75c,0,normal
974909a3d41a4e3a97f9468f737a0d675f52b9c412f44c8f8ed24a401024405d,0,normal
6fe19ee9242243cfb1e0fee054f01b34cfaf8ca7a4c74adba4b681c83d3581c0,0,normal
73a459110a644d3b9c19f12d4e85d229d891e88c6d184fe58764ee478c29c80b,0,normal
1966a4ed1a4a4bf7854d4bdd420ad8946332bedc7ec94c31b4f64093f01333df,0,normal
83837abbcc6f4dc18bfde66d0f11d74a630f64424cfd437ebbc0384fdbed97fa,0,normal
5b37dd170e4742ea8d1dc49d8a90703628aaae6e36eb4d119dffe37c527f976c,0,normal
e9c5b117fc18499cb555acb45d3374aa5a3a086a56464639a8e674fdf72f4dc8,0,normal
4b91d0f246924d16bd24b2b92b0a623f4658d91e0b134681ae31832adfd6d57f,0,normal
22b688f88c2d44afb086814b2d767733d5f318264f1f49ea9ba9c853e4adc3b3,0,normal
57d7375e9f364ee6ac7f64954eb03cb8fac581615d074718bacfd8f353a13811,0,normal
2d89e316e8224c86bb88d3c89b24332d767fcc76111e433a83d60de325cbd8d6,0,normal
d0067d82d34e4f04a127e9cf55fc9d364e44c3aa5b7446559747e3cd6dfdd7a3,0,normal
5a91a74116d046ebb5582ffb35d22b98775a074e500e4982a8379fdfde963fc6,0,normal
f7a9593b8c25469281ad432272739093e7af0908b5824e4e88969f5d36c327d8,0,normal
32bcfd77b9e74b6eb29c77737fb0883041484247ae434da88652d84339d8f2d4,0,normal
34c0a560939242e9b093574527d1f65d7586837581b04f8f91669f003b4b9be1,0,normal
27f97224da794621a347f39d5dbbda8838ce1f8ff5144356ab91303e1a17653d,0,normal
382335b17ed243918d313bc885d33bfa3b30b6196d5a4a1695446538c2be2abd,0,normal
35281ab841f043f08204695c60847cf71b5e4d0d184a495989114d2971765d3e,0,normal
a595ea7a5427452e83e580656c6fd3edb33c93f910f34be78a4986dfd92e1340,0,normal
417982aa9ed54eff91b732114b4e6fd24c68f05fb076408888133f37d2dfeb74,0,normal
a0a23338a1944ec58e2567fdd035741a73a0bbcf152644c1a50e5da2ba0c6170,0,normal
40465e9a32a849b3ace4f4836054b51fa6076501e1804b0d97d9a51938cf2b9c,0,normal
ba7cb46a387c48f0aa030221e4b622bb7f6430d76cd44e3294d452c934a2c7a7,0,normal
eb87fea5e41f47eabe7b1d0ec4c2bb37946d9ce71bf349429f861d54f1c41245,0,normal
20d83820b68042f782a2b3978f94e5d90fc303c173244326896a9db9b9d9c95a,0,normal
7d313e8bf3e440ab9a70ecc8a786c31b452954bb3dbb43aa906821096a760b54,0,normal
4c302ea8c1eb43129a3a4d337a2fccb2a70a32cf2a474b0188f99a46538e33ff,0,normal
8cd298c71b0748419693dcd7a723e85d9d9b64688fae4da6804e1d3023706bb4,0,normal
41eaddfca6dc4dc0b5b1c1911a79f302459a305233ba4ee48c5856690661c9de,0,normal
8780f222b5514d7583f9d9f5cbe62e8d808e177b63f647edbcf1f98a83440d4b,0,normal
8c92e39de10c42a7921538665df7cfdcb9ef30b8028349dabf953dc48f902bb4,0,normal
a1beb64fc1674975adedcf3d7e981cc84b391858c8e640699b9d5cbc518c7f2a,0,normal
09c99ef50c0343509a01baaa8ea276c8aae358782ea2496aba19c1b2f81cdaa6,0,normal
85fbc155f08c4efe8095589c7e5b8746533ac042398245bab7a859e7c11d1257,0,normal
763a8a358a714febacb3e8b2ccd78fad43fa434e110e41749e67b14b2d7454d0,0,normal
fcdf71b9fed045cf94948e1c68da381212a5081fbc504af8aed59f8973b2330c,0,normal
d1dd4b38a1954a33a8dfeea20dfe1e5785f68609e43546b08e22f801ebc665f2,0,normal
ffc75083e24440228ad4ad8967904ffd6b11c50939e342869498cb3fda78fbb4,0,normal
a6bb8b6fa8f04694b8733052b5479fba2388194859e745b6b47f514e86f935d5,0,normal
1af01544f8ed41ef930e903dbc61cb49a6a5278245b1421995f91039b72fe37f,0,normal
bcb38d974dd0489aa1212e20be8db056d6ae147813794c8bb9c058dfd10f13e2,0,normal
83f04c5ccadc4d699eec4417dab7f6727c765a04baaf470fa916db87da330ad1,0,normal
fe5f18d7c0ce4f2cb47ce8f36f92a5088b85831f55784980b5802d3ca5998db9,0,normal
404733fb77424f12a760ce6673a3e1aa132fb8595e604465a578ed36f012e11a,0,normal
86c8f2d2f96749b1a66b04d9dc67c740ec35080bded14269bdcc44c947f3bea4,0,normal
d80db817e9774417937a651b58e43409625ffd72bc834905ae0c28955e5e5441,0,normal
af14649fccc84e6c9bd94577992afb5b492a9f5d1e0d40d395be65b0740a008a,0,normal
af620ab0d1d64bae9ec910d90622ef83e9db1d804f214c67b2190a2bffb26f83,0,normal
f18508bc3f9b468895ff0332a2d47573f0d4fd06c66d409bb8dfda5aa586351f,0,normal
ad85d7096ae341d580e75b3219651c908ac7b398cd114a75b1d358e188ad474b,0,normal
650ccaa2bee4470eb66073feb927c22c6d10a5cef1b245b896039cb391c3cb33,0,normal
1800a975816b4338a280840b632b3c2fc79272596bac44beaba4c786fe52ac9d,0,normal
699a14e975d24a0d9145d7d9d3240c700d7d63f8bb10484eb96cb400a4b86a95,0,normal
c5c6f486f1ec43039f891f246cc8e37944f800f621454f288ce8cc4936a3e196,0,normal
e2b8e1d740604dc89034eb4faa6804b7b451a0b107b6487593b9e47143121ed0,0,normal
7948cbdaa3f94daa84cd1af0e4593c3834b9887219e14d5eb4a51b29b29e76be,0,normal
e46a5e4cb6614a2b81c8b6c9a9d12cbd34b6ddb7701144a3aff35f40bb7ba325,0,normal
25960ecf332b43bfb73fd821563f549866f75fea97304b91baa7301abe026249,0,normal
733d62b704ec444589d119ae2c7cdcf576578a57e1884df09b110a26033e3b74,0,normal
68acc78d8cd045faa705e382355423fba2449dd55fcc4f63898b0b53854cb1bd,0,normal
06ca39c129cc4696bb2f4166a8fffa80611a97be35f34d1b8cdc18b39e122ca4,0,normal
aef7170343664f4cbaa75466a3ff0e2b0246812cc4ee46919f8c57fd2b0d0c02,0,normal
b077869f37534b098e1ffbe77771be006c84f106be78442883c24a2dd90801a2,0,normal
4ac59f3c9a17407c8e24dc51ddb9e6ada04d0c7f95c24e1c80aac0c3dcdff88c,0,normal
b9976c32b93f43ae8b33f6ad5f0d16e9ad9037c82e0340c88baedf6e54f671de,0,normal
6346ffc6c0734880a0274d15d88d3ba038932faa548e44a78a62139e77d63ad5,0,normal
5b0c0c0b8ead47c4912b496980b0561fa56b7a8bf2b44a71a31332a6090fed3d,0,normal
c5e505132fc34e31895fd2560a24742d4cd6a70ab881482281a7d9d34a8be15e,0,normal
b5d63080810e4ee6b11a3394735cafdd605169e3ea60471cb7d8e96e23588c93,0,normal
fd2328f7a482490bb87878968eabf282cb9ce23e847a41f09fb013e4504832cc,0,normal
dd2d7091953942c0b88866394215d5d62458a82563f3467fb59a4396accfc21f,0,normal
462d397f3b8e4fa38524a0d5431670e76b4766ad86ec4da0bb562464ecfb8b65,0,normal
200bca95d36340318819263f1a485bf0534e641a37ff4e8eb811a5053a1042c5,0,normal
fcc27c82d8474a2da7fedee0e826b12f3a92eac600944e41833a6a07729f0cfe,0,normal
7c6a6348724a4622a2fafc79a05f77200818ebdcc33f4ad1b3e3b67f1c376be1,0,normal
7471fa826df940f390bb1fae01a4e126a2a84518569b47389c9a6be80b77518d,0,normal
06ece6e07a6f443fb96498fb62126ef07175e796f5404907b4154d46125a3a61,0,normal
9de2c8a7ddd34a29b2fa41bd6398aea3f6b3e9569ad6446baeb96750093c1bee,0,normal
e87b7e1f2cc14098bbc8bab491a3f3285a2f5fc4c101422aa1f7412beccfe0e1,0,normal
a0f52920890843cdb8c143d86849ef17ead5b73435e74db4a96be8ea58fdbde0,0,normal
9d18d44a09094ddea5ffac15718f94d64aec494ad2924e5c82c32d5bf61090e0,0,normal
f53e38ba9deb49ae8b6aa146d0d9cd4de3b471c018094fe38bad4c64e7d0b6a3,0,normal
e9dfb6559ffc48f684265527f74233e781df496ca5af4ae5b14865be0b9a41c4,0,normal
0649e189bf5641d0962fcafbbff0152cafedf210ee324d04ba724be85019033a,0,normal
056f84832f5340a09a27c0a719f5bd0b747da316515b4a98ae84a70a4606c438,0,normal
ec647b94d1904eea81a54e2d69dbb3117719aad748d24a7bb0b99b82ba6768f4,0,normal
3aa27003ff214638b882d9d50159998c00168ad9a69d4988baa9c8860009d08b,0,normal
9c1811e511a046d1b9df2292102da2e30b70fa9d421c438999a69316053307a4,0,normal
1f5fe39a8d664c4f8295aea36d53c3ed17aa5984ca09414cb0eb4ada2d4435fa,0,normal
0bda33bcc6254b01a6080ee96defe1264115cc90f3754ae982ca58451b3c4d96,0,normal
830d31cc9e7c4d228c4419c4674e94524876b528d0524a099adc15559052bb94,0,normal
e20549d799a940b388494757baa5b9613af7382afb2c4f0287b7b41aa2b357b0,0,normal
5c4d9e6950ab49deb246490a21fab24cc77bfd77c1534b938c663060248be63b,0,normal
6b889ab121374b67a44c5cf5dba2e2402c518846bcaa4b1891f045677bc2306d,0,normal
90d97ba8e69f47b6b3c5c8a402455a67251a711d1a8345bc9faa14f50695ee05,0,normal
5b3c70ac56f04f33a8d977126b4500bfcf7571765252421babccaa40103797bb,0,normal
c959d4b178d84766b9e11cc62bb623eca756954c113040188a2b31f572c88cc5,0,normal
5634055932234f5e804c6e5f26cbb62e4cd10e66d79c4a0491f891a8c9b0e927,0,normal
18e4e3a28f2240cc94bc6de76d7af5585a67de499a04450b911dc7a4a3d2f765,0,normal
5b829ef49ec44859bec6cefd77da5ed874d25dc7a509462983745367a2d46fbf,0,normal
a783ef3313f24fa5a5220ddc9324c1b155202179a4e34e9086e1a2e209cdd72b,0,normal
5631ea0caf0345b3ac2f0b0d4b9b30763f13e1d23d674dac8900360ded5f62a5,0,normal
fe302f0aceaa4ab1ad924742e8f93713b1403753a2d04d68a73956baba1e07f2,0,normal
51bce10af62c4858b706e29e6a383825d145109de3ae4734883ab5007b8262f3,0,normal
edcaac57382149fe8692d008523f8666dab28b6259714406a8f4496eb2661ff5,0,normal
0d4cc5d7941f48deb7d6d441512286cff6be177f3a2c4508a0fa40335b37008a,0,normal
922040d56fec4465bcfe576feaaf0872ae4c7be832ac43baa3e25c4e9db559f4,0,normal
21de50acb9ea4a15bc70e7e0046ba22825a91611c15b4071a7bebb29501d8f63,0,normal
6b8b361b89fc46da8d19cdbb90f5c35736cfb2c5ba944a188f35d7ab3cf7de34,0,normal
682e57d1387e4947bd213f5120b88d10f5cb873196084acaa154f24796a686ef,0,normal
e2874de5d5574c0a9668a503cf1bed91bd84510381a44a06bc523e1674674fba,0,normal
a982c2c22e9a46b58347f338d0379646fded8d2d97034b27901b6e423cbe91cd,0,normal
a207f5c67e614d20b12872ede1b19ff3c1e1837b99e7449f97c9c5dae9e67c95,0,normal
da79258ba349404194a974d5ba218890598f43cccb1c4d32b1162b06b3111839,0,normal
8787dfee0a2b409e99f0e5c7b5f1f7dd01188d5b2fb14367b4aade62322311fc,0,normal
b9fc7e2b484b495284216c12ce4e95ee180563f234d542a2a73fbe8c00ff3ab1,0,normal
4c3278d7737149328eb8bc7e42936762b416aa2f3b2240debfb15e8b4a90ee62,0,normal
e681f24a60f948c992ff9b39da4a7efccfe1ea6fa97748ad94d66c151d7ea034,0,normal
7314b24141b14228920924306182c7de34d8bf1628434f788264e908bce88df7,0,normal
b387b31137424aec964413d840e259151bd5f3e7c53b4e3fb5f4a875fe808210,0,normal
b420b43d6c78408085ea7c90919fe9ab8f3023b4c6a848709fdd9cd6aa2f50de,0,normal
5d617d90aa854172aa2f913559652e9af89a9085eb6c4491a95326d5a7e45f3e,0,normal
712b25f33b444bd1a581e55b4330aebfb8830dfc197448a0ba6843cd86be7c92,0,normal
18f84e36228d4e73a4d6387743732429b9f4457ad4df48c6ab7273280480fad2,0,normal
06d530ef65634bc0b6126410d661a6a693f40ca15a764bed8822c3cac0af70f5,0,normal
22caf8ebf14c4a10b3de050baf5852667b0ff2822cba49ec9faeae532cc8ea45,0,normal
4833c51e72884df7ac6848b80923bf6499a7568652864d3383bfc07352284abb,0,normal
8717220a9dee436a86ad52442cbec0d8d73d2d99d127470b9f2766bfced50e84,0,normal
c4421f61c7164e92a6832bb99ea14f4734f3d0c705ff4a4ea6a501b311d95e4f,0,normal
6a4ef4f833934b7c99631db623d44129f0fd8f033a29466a9f80cb624841a2e3,0,normal
86f0c96532b045bc85abeed69be81158b651fed0773d40379ac5ad35c686e8d2,0,normal
1f5df67c2a124406a215df68f8a235a2a14921614e8641248ebba78ecd5f00c1,0,normal
1c780d4e6a964a878ecee091a97bc139a9d8e8ed2ed4432a89a22114c94255f1,0,normal
a21427aaafd4454c9bbc6dd281a3ff5e9a3518a077784be292b0626a37258717,0,normal
44af66ee598f4f7f895a1dec997206085c7b242befec4bf5a69916b6055460be,0,normal
4dc9069e2c8d46aaa820c3d971dfad24a9c187099cbb45d996cbeb294ee829b3,0,normal
c4c11733c828457191e9e7f076aec4af4096f0e782904734b2ad48e1ce5ff271,0,normal
b2f8e8d7c4c640ecad61045ef33403ffe0dd9f43e2ad49b7864b87f0b2eaf0ed,0,normal
7010c6921de64b3dba25c519a8c81ec45828e6d208e34b1b8bc79b9e058caf2b,0,normal
230e04131e524b5e8cbd30d7cc8931a33e6143e006ce4a59864d71790918094b,0,normal
b525743cb6cf4d4896fb270ef3f1463df15e7a3383064036bbfb6c177189dbaf,0,normal
a6270e41fa0448d8bea49c308f9527ea4d8311d0cced472ab32bea36299cb91e,0,normal
2e455e16f4604a679072d3f3b09890cf730cde227dee4a33a38fbb57cfda046e,0,normal
774f33c702b74201a08230dc7a3fad8143b5c34685d14e44a9eb544ee392e4c6,0,normal
e1e5e217e0de4792851b7a70c2dc1f60c216377c7d6e40e580e756e207395933,0,normal
287243b24e8647a1ba4ab9475eb568b11935d13e939243d69141de5df87b76c7,0,normal
8e05237169664d9bbe8af7876ed849dc4cb29d6a3c9c4754be3f876718ce5cac,0,normal
a19ed5cbd7804a8e9cfc7de02132ae8c8ac2f745806f4dcda7aca78dc42aa029,0,normal
2ab7817e1ce54968afce5e7276cc23d1cde2d2ecdb8842c0b6c9b6d931dd5f1d,0,normal
3a4bdbd841b14bb8922ada97e607a2b46482b080252946d699387c9c7b4afd0e,0,normal
50472f6a3c8b48c49896def519e9b165dfa4142e069140b79d8ad493ac304b3c,0,normal
1149ea332180442c99fe93fa09290ed7c3995600c2304987a2e69e4317c799ce,0,normal
35d58d96e34243fe8f5ee1a2ad1fd1563e66e06ef1084cf58a0729d07711a667,0,normal
e83b7e9a585e46a0a60317d63a53c5a8b362d66884314e56bce7cf38813ef3f6,0,normal
323808bb4f9d40a6818737a9c04de6679115e19f8a184902bf0842dbd9560548,0,normal
7a8c6f4f9c6849d08c06a177b52bf8e95176c1af6e484f4390d15a87f94289d6,0,normal
56c1b137dfb94544a321337f8a5dbf7ce5dab1212cff46e28358c6fc13102740,0,normal
63f7783efb8a480e801443961e2d30d61a025510ec324f2c86d8496ba36425b0,0,normal
401d156df3f34402b72cd9c069a464a9597b3c0c547d4bbfb9bc2b9ac26ef971,0,normal
2c360f47d05c4c109bf87bd17022a8bcd1cb33f0abf84c029ed609d0047e2efb,0,normal
a7205ccf4d6145c7ba1df5c8b52da318b29712223b8943f1b154a8cb467f79c6,0,normal
d6544234ce4f49699c274ace58dec964d6221fcae2f241aa8ce00fb2997a1bfc,0,normal
779190e61d234889a29faa1ddcbe3821d351d68b7e21442499498ccf7729b420,0,normal
77cc8352896749f7b403ab4badcbe05cd9273f56538b4383bc7987f446057709,0,normal
98eac6809b064752b160b7dd7ec364a5c9179613a19947cba043c44d99e88b35,0,normal
cefbceb4e09e4a77b94b22f7dbb94c7f5fe8c68849184472ba3d13d72dd180bf,0,normal
827c997b82314d15a210dc28861ca5101a22b096b39f4b27804d90567364ef9c,0,normal
3954fb4897c142769d8710e77476d8ac4d7c8efd63ba487692bc296143adde6f,0,normal
c47fc04f5bdb404f9e3199c498fedffc4c9aeb0316054483a7e0cfb651830d6d,0,normal
3218263f8acc45669af07eecc6e8aa5bf5517a660d574217b753d51aa9227c56,0,normal
cfd8e4f30e144bb4a7200bf4c57a32328f0a93c380da441bb145da3e1d475b7f,0,normal
ce0714e00f894c3fa8056469a6e9343e2e8e2c49882c4cda9d18b06e073ea1f0,0,normal
b7a7d36cf7cb4d0d975db035c9fc268c5dae768927e2465c882e7836adbd29be,0,normal
70e5a56ec9d94f7395f4a0435a8de43532e12bcad7794435baacc4eb069bddd1,0,normal
538c113511774b2aae41c16fbf172f5d0e0c1dd5ae0c432e8ef624ddfe8a59d1,0,normal
ba0243edcc4b4d978fc93ad4afbaafedbc7878358d414692bbd6d5d3dabc87da,0,normal
247eada71e664f8d962e3aa7b41c8b54dd554868262a4fbb88d6d3c110eb98ae,0,normal
8460ea27b9234ba898e43e85a427564dfa77cde9d6e748d58acd06d5a7657f60,0,normal
8be63a420d81454d8946ee09f73afa02bbb98f0268e647a585277240fdcec35a,0,normal
d5610595d51442fb81620574094948fde63da0ed93194b87a154ef3ea7911c80,0,normal
53da22b9e8b141c8a61de0001b45f22ddb2919f52b6842b2b959ea082cf8b215,0,normal
be743c7414714a9aaa3a821e8eb36aa1d8d7fd5b42304cc0acd389ace5e18709,0,normal
63d5f0689fa44cdaa34001eb139c9ffdb7755749c2834487a9a914a5c9095b53,0,normal
3aa436cb868149b3aeb8bb61f3d8343883992058435243c3a2839ea7ceb46e4f,0,normal
7d9c167f52714254967dd8ecbb7e956801c242c7a6f143758bddb52c4e57fda5,0,normal
4e41402007374d6eb36b0c4dbd18beba68f7466b3ee7441488e1eeec20d15f1c,0,normal
f650f0264d3645bb8c5d8b40ebb65076af80a0ed2c914dcb806632a2939a1527,0,normal
7f93cb9c4b7245b08e19e175ab9e477301ca6cc54e3349c7b40db75da642517c,0,normal
19fd9f0c3ed3461eb105886f350823df4d5ba245f66f43c19024ff371fe40ae3,0,normal
1dd7b53aec9b4ab98c7f8f0d1889cf3887f21bd0326a4d8db99280d215d9c762,0,normal
5f8096768ce941068cfdceb0cedcaf63a4d9e7a4f3aa477dacc4667af58f26fa,0,normal
92d55421721e474f9d4a87e56c3e3e7cfe565ba0788c4d4ca9398eaa5bb28472,0,normal
8c83283257ae4fa8aa8f23cfec3ea6616ef2dffcce8b4a45a5132876b13c30a6,0,normal
203c9046baed4e7db591cf708c80270658d51ef68e77409bb2e2327209171924,0,normal
4ce2ae04f2c84301b320bece523391d37b8e628afb014db182a87bcbaa1b4550,0,normal
4d289c9834dc45249cbe0e0ba94c7b74132f7faa8b4d49d6a7e03576e9987f7f,0,normal
8cfa600e316242b38ab1e8e6323be10f19b9ba4a54944e6bb1e71723116ff87f,0,normal
3f4690935d7c496a8528102cab1077d75e871b3adbd74af485a57243bdd38936,0,normal
276ccea572e74ca59df288e45f47c007bea50523943a4e46b3d071cf8b8195da,0,normal
47707bdb156b4da6b570b24fedb40c147ff8eda60dbd498b9802f54c91be742a,0,normal
a70bb13561cb48ed95f4d12952c3363e3fd5c22940624d63b16057e2bf5fa812,0,normal
878e342fbbe6421b861d9a5a7a8c8875b7c1e4e8352f4174becadb8f65d82ce8,0,normal
15c9769de74746369c9166b685621a848a247ac1caff46fc95a5def3fbeb3983,0,normal
8e29062f28be4e57ad0d5de4f64dd7f8e157bb100e5f494e801bdb793bbe7ea1,0,normal
c6cfc2c74f984b31a8ae2337b454ed6140ef47c759ad484b9e51bb1fada4197d,0,normal
bf6fe950b524493eab75d7f3d6e7ca51571b7818ba814bcba3fe358817a32a66,0,normal
31435c9ede8d4d4789be8ceb17c8c740138f7e847e91456587da178bd74728c6,0,normal
7b9c34474c4c40b4ac2010bf0c3a06839024c36de4ae420f998b6bd18ec11daa,0,normal
437873e6cbc44eaf9a4ff495ee29cd4958515bfbf4f14eb9a5651be85180e51f,0,normal
43f73bfda3054f4fbf96871238c0586bd278e8d4a9de46f7a9cbdf7ad4199517,0,normal
abb15d83006d46dab2ff8ff81ca9223ca13bd9ec206a4bde937bf6472a7d4041,0,normal
ce2910740c7e4da49da582b0f113e086664e019382604e5facf49b3f10bf44fb,0,normal
4f2ee737bc0b4ba0918cf77379e6a0c39e0466264b744bdcb9de8a919e96bc85,0,normal
f21fa65c4f34404bb9d327b45c005c0ccee189447f9c4a0897d6d860b6564fcf,0,normal
96f89ebacb5d4f9abab5d3a09823a498bae70b0445624c4a9fa9370ccc6f6217,0,normal
041a70bbb89143f2ac77ab3f36bb9990cdc3af828c2e4b79b5fab7887a84f568,0,normal
f157a1dbcf8f4d1c94a651391ee68f33678186f916a44bc7a4705972f587a58c,0,normal
198527e1fead497fac33e74eed0ea81e2e2339eafed04cf2876dd8b283a01985,0,normal
22ac5b9da3574f968bfd5704186b8e0e7405e74402004e88a8763b3a61595752,0,normal
9968680a49fa427f947d468877d6ffbfbdf2367f1f564819ac72be13552cd617,0,normal
d467253d017e4835877d567b7a63001abb3f16dd7ca549cc9342ef51f6e64b8f,0,normal
a12da45c6ab54e04bdf163cd52a4b8ac0a9fb69b27de4a1ca7eeabcb435ce6eb,0,normal
83fbb90332384ff3a993a046892d7d2a5096cfa51c0f47d6b9305df91b9868dc,0,normal
3be8f3253cd842a38e68e0f1fe3326ee757708f2cd0047ebbdbd1c155a931721,0,normal
74932cd128384cf4b45f32135c27d38ade0645850f114c458094555bdb85bf5b,0,normal
1c0884cfc14b46a0bde882d94e20657e50335e23f8394e3f9ea0391114f2d753,0,normal
58ec40f2bcb9418e8ff0e9792c5f951770eb2929de26495bba1901b68ce22fad,0,normal
fea846ad53654efe97c4fc09f99f371b8fc6fb28cffd476891143cf1d3d338fc,0,normal
8c22e13f0a4c434b8b4d0bf0df3a020eec1f1d3a3e48441e9ed462eeead285d3,0,normal
8010f876257e4f67ad109c5707244acf818baec64a8e4c08be5cef56752d22c5,0,normal
a7a8d408869840c3a9d98a4ad2bf56f9416038423ad3469586a7537cb09d9d79,0,normal
dffefc52965f426aa8e863cc6b54fb5ce8e39b597e5b4c93bc486f44f2b01788,0,normal
a71699f380b24b5c98c3f955762747bb9e2745c133ff47e7a1946305121f2ad3,0,normal
78173175f5644a9e816a2e0e80ada07b64aa4024a1d04887918f8c9604ea4bbc,0,normal
f3304c87008248bd88780d84e4e88929b783b5d877214c1b8453040241262bff,0,normal
63024309ee16458b9a72d4df65c912f74e17f51a6d2d41c694de95c0ca9ef910,0,normal
a43953ea0c08448cbe6163cfdfe3c28bb4fdd918bf8d47e597617124cf1478ef,0,normal
79449363147449c9a9908d5d7a8291559ecafbbec3fc41ea8c760c109f964762,0,normal
bd958d65fdd542a1ae884efaaa8b163c22fb5c513fe941f595a8c57dbb8dd9a3,0,normal
163d5fe9b518417b8860083b65ebd02753fa690d2ce84f509ed5bbcb4b6cb332,0,normal
7dfa2ebdab0f49c28081187104a5e9341290897e5fce49c3aa1ff650b849dd95,0,normal
a26399c97e96406bae01718a72d6d636e3e3b4ccd2ae4d2c9d3becdf309415dd,0,normal
eb989412dbf947c686285762948471d1bef8799e8d864eda9e5dbf56675e0784,0,normal
8c040006c73b4d8983d206e1f4ee7a94d9b232988ec44a9f9c7d26bd7ab51731,0,normal
eec59ba69ffd4543a7a7d5b89a6c868b4069f2db80de4b2a83ab47f95bb0a9e1,0,normal
25969e8f20944314b3d5c3ab47073017eb8adb3ff1d842b7a754e8b6f174308e,0,normal
f7df7c9a8a88493390858b83402ede31667fdc5fe458462bb32ead38b7d16016,0,normal
652b3a4a0d6b46a6a7a46dee286710a93b9372ce10c0496a9722e601768708d7,0,normal
43b4f622cc96490ab4df29e624a01892664779974e7a42e49c87654bc884dd5c,0,normal
7adae1193fb34fad9a420d8cc99e49f659dbf87d2e2a40978d2e0c7b0e47b3d6,0,normal
ac41fc1ba822421b9aeb639242d0a16081658193789d4adc8f0818b5d6b20cf7,0,normal
3a805a7ab2f04f47bdd668b9f0db37d3a155ff309456406aaa408f80ce715e37,0,normal
25d2d30e34db40818b9dea351e607b34fc84ab713ba1403c8f6852c50d3b40b3,0,normal
978b902841e044bb8e7f3f926468f7cf033ecc8dcf17497a8462c306dea82abd,0,normal
08d2cd7d864749da8a21a9aadcc4c917103dbc672c474d4e9c46f981de20d5e3,0,normal
7a550a06f2264c2298bf43f015c7dbada7cff3002dc2431d92c6d8e793e93a2b,0,normal
02fad58a004444c9b43168971eaa9140b0119713c2b3412cbeb79032e696a8a1,0,normal
02b49c0a25444f58a979b52d7314b2f4b455f31e136d4f449b8b5c87c008cea0,0,normal
0e8424d124b8436789e5bbeb9923d052e06bf2c2989243e4990cfaff6344e286,0,normal
bbc01401f36e4a52a7766fccb6c340d3cc0af6a32ee142d5a08afa7fabd90296,0,normal
3efd8288541c4505bb166c9ba1b1987af997ecb4d04d497eb8587f1e82cc55c9,0,normal
b5206d5fd90a4b56a798aa74d064f597d745c9d813874d409304413227713796,0,normal
25a33838d8344ac695bd08a85bcc1f4f2165ebfc58c54ba18a68984d043ec508,0,normal
7d9919247ec64d9ca6d09b0f749ec6b1dd54f51c878544f6908e382ea48999e6,0,normal
2d28b68526d44bc1992be5d07c724196589937508ecc4eeca69baac33ac09369,0,normal
805890aac43347b1aebb1ce2682c42d90e4ee0c159c44d30adfb44565bfd2b92,0,normal
37085497929245209aecc80f187a29d15568fb045f17423f8e11f1760d6c96e9,0,normal
f65d7c3d67ed4da6af6602a74a404f2c2d575bcd96ae4e6a82069f0f205ca6bf,0,normal
6822e102bb1e4dc1bc74ace7deceb0629992badd45fa470b94a68949da676016,0,normal
c2e8f1699a774b7a8bb58715ff0872bdd47e119857474cc1b586a755a22d39e1,0,normal
60dc04c7220d498491a20b45fd055a6406b2b2a8810e43dbb04c1a591e26a28e,0,normal
391fd7a9146645e983cf7ddf0a006e7ad0dfa429c8964f26a42c7ab6c777a472,0,normal
d7afc31b4bc44582a4be0f91b65bdc36e993eabe5cb44194b93715eaf3a41f04,0,normal
8a3a9d5f257447afa479bb964d3dcc053446430b828c4cf998cc0af7584dc91f,0,normal
e1122a7ac6bb4aa9b23167fbbaa8a3949e10f569bd3f4eddb9b9e12420fbd123,0,normal
6e0ffa4cbcb74dcb8397c9d7bc966d5cd93e98b1ebc74aca9b3257008bb95bea,0,normal
085e41fff3bd498cb9642ee72c29578837d2b109155f4938a307489966caf633,0,normal
b246800e40274ccab549db8bab950563b7ccec0743f849b1bc884f184da6b2f5,0,normal
47f6f00e225a4d918f254b9237545c83785460fb5ff3447ebaa6ab51e65c8fea,0,normal
59be6569b86a44c58bff26df95c05d0775569bb3bd36450f80a0b073c13dac10,0,normal
10f879606f0647f99581f7650e6375a7797e52dbd3014b82bb3216ae3c29bf57,0,normal
8142e1e9203a4584b921b2e24f8adaa8e0b8bc1f5fd14cc293781d74889eb085,0,normal
8573e51731a04a8182301b8b330ad58e103d7cc19e374637b9da683f13b25c0d,0,normal
9f0d986447334832ba8d8717e2317a798e805b13b8f54558ae73aa7a8aa643be,0,normal
545ce9022eb544a58c8c9ad917d4d2ee4fed0f44250f42748d795e6414d5b428,0,normal
e41ff4988f714ce8a27258356ee538abda87d4cda39b41e1a635d3988d870c35,0,normal
77339f9d7fff42128768fd62c881057eb6978c3e6971411880adb19ecd35588e,0,normal
dcd258d509c44cb689576dc828d41e133e6f4848970b4494a09b081be7b81f7d,0,normal
f4b10035f39249f5a01e88de019e049cd2e201240d0e4a539d44cd2d17d6a4b2,0,normal
4f4f5e63383f463f840c32ff31f6ab5939cd91cd936444a4a8fe6c3c311f028c,0,normal
dcd3ffaa9aee42ddbd903b858ad48cbab3c19aa8571c49ecbe03b45b50cb3a1f,0,normal
8254507f44014d988aa4c9abb08e6d0ebc848476600a4f00a262bad7119b0798,0,normal
26c8ad2b65e54c158a1935629d36e99df6eff73c509f41ceb7604c77f095a01b,0,normal
2e263ae26be84335a190abeb2726ac4237e4b061fc834068a8bafe54043211b7,0,normal
635694e8119e4548a7f8b83fedd8b9da56f93fabfae347a5b083979c454aec4a,0,normal
6958febc896545f684808221f51646bd51980c04d7994858bb2d444174df4338,0,normal
d81511b86bd3445588ec4f112267b08d6bdd8dd91f614474af41c2ef604da165,0,normal
4904dc25c56d476d9579f6e9049aa957d2f802930b2a4668920297ffdc081087,0,normal
bbff254c368340978677344860e3508e259726f3a0bd487187a29864c5d934a6,0,normal
c83630ad8db84b05aeb506d295a783847fb184be92384bafa0c3f662c115242d,0,normal
d88103dd66ef4fe3b80089334b1ee3942e1b90aeb7c545c8a4ba6f3d1b6715d2,0,normal
3dc67b8f2cfd4164930e04052e12e7e024291271531543f7a9c87d1ec95c774a,0,normal
6b3db2bc70864df08bf06d9e800a24f82b8459ed4ce749f99af38a9a6926574b,0,normal
aa68033d971b4c2fa780c5201f81370fb532eb78b1624f6f845ba200b5975be8,0,normal
33db69f1126240b78086d8c272d7d35643099a5f56b6453f87136f93b750a39e,0,normal
5592ac2478704bc1813766f8c0ff2cf966cc3dddda964aba81d8632c0f8fef27,0,normal
648b7383c33e463aaf6b92e9747ab37a9f7e842788ba412d915381e7ca6363bf,0,normal
fb87524c835f435189cf8f214acd469b1fdc3f5a344b4ef79f1a85c7bc4aa64f,0,normal
c21a503c8505460da0e11522656da19c99e3f384e3f24480ade4d8e1ab6d295d,0,normal
eab9c404c6ff45d4b817b2060678f59ffc6eb0b1121543519bd73b0484883bbc,0,normal
a1d09051492446b28bd549d9b719ab6ee97fda96b2c4473bb3aeee605a9495af,0,normal
ed9abc05dd754e28a0736f547f3607a7a480d335d0cf46e88d23a0807fde7229,0,normal
6c8d42ea049644a0844ef993bbd34ac12dec7efb3e2d4c1fbd437bcb90b28852,0,normal
92d543671e1b4e54af5dd35ec7726151a5f26029335945b29f3210f62b757974,0,normal
3bde5f8061d5457c9aa945be4543ac36bc6598a2106c461d9274cf2b468c8633,0,normal
f4ce3fc46ac04e8fb2f304f28527c21dfc4e759d8cfe4944967655b6355e1e4e,0,normal
2a3e6e3db99c4053a0394e5a1707aeeb495c4157b9c74f24ac894eaa1c826026,0,normal
689e46bcc90145478eeab712b47bbd79527166a0c4264910bff648ee2b40de71,0,normal
a0a6488547614c12a035be1b5e097e80b717b6ec2efd4ae2944342398bf4d335,0,normal
20181d72141346859a4e53aebe2bdc2b7e9616c58da94adfa273c8c980cf1610,0,normal
ded87661aef54effa893ddeefcd3eb708bb972d4c4a7419daa0d030bb78f1c9a,0,normal
b536cbddabd34f8695b0bf84293217f60ebb9a29be064a959137076823dade15,0,normal
0e0f35e6853d416bb9573928636927c5918899f10756409d8da87214dd42fd9e,0,normal
34c491f19c434c8ab49ca60b509e15648ce57ee86e0249cabdca5a4c811bf310,0,normal
c3fdddda68c84ffc91f78fb82204c466780bfe778965422db7eee6b877d4fe1a,0,normal
ef84a670d993418da2674aa8d2405ac705be22cae5f449bc94004c92f7165d4d,0,normal
24817b38aa894346b360e3242576817ace01cd5af19e471fa8adedc75819f6b5,0,normal
51ae685c68a14ddb9821160d66ebd423b212e8e0bdd247d0a83f95020148e173,0,normal
bb14e2ce68f54bfa80cabcfb67c9c7ba4964e999d43a46439047eace8d3190d3,0,normal
55d38e8f329e4f03bcb8c60fc8748bf0933f654e8a3c4ab3b7f9b3c83124d8a6,0,normal
eb0c6aeae9054b17a852362b3b78570c91bdf2242c0545ec9910563097111df7,0,normal
6657cdf6c8124b288ddc2cfe14beb5ce930487c80a2a492688eb94530eed5233,0,normal
e20eaa0524cb46ce89fd5c3e2d98f59d36e20780fd854983a7eae29cbbe06f40,0,normal
b8666f27e892427f9a2b56f7a59d0f63ec16877f3312407f9ce1328278c93998,0,normal
06e847e7c3274a23a2fdd2820728873f74204f3496b345a58e37661c174cc8ec,0,normal
569a43f43dd64c22879e1b29f2d243fdaf95305cbc0242f992c16d6081da1ec8,0,normal
08160557a9ff47f7a8c45d0248922133b298833d7857415da875409554a484e7,0,normal
d83b21a594f541a285339976603e263a83ac5a67f29142eaa3c6748046260df5,0,normal
ab96993957084e469e2d89ea938cf0fb608088b36f1643b5b6edfa6be81f8c2e,0,normal
bb7cea5ac5aa4aacb658af1f6ff6b42f5d388390f5dd4c71a8b004d18c3ccfff,0,normal
8df98ee7c64e430b9086647a1d42182d244144bc4d1045ffae4087b41308d33b,0,normal
cbcfcf2e63a04c5dbc58f8675bc421911a359092b29c42f28e80b04af745d0d7,0,normal
b05ff591fdc642449a840ebbb6785bded8e97d006e1342f69ef10efac76a79b7,0,normal
8bca3b6c82fe430ab5d4e3085efc08d5eba784370bae48048101cf25d67b77e6,0,normal
bf3fc7e48fb240498a0b100c42c616ab66520e5db01d4f5fb3c2446fd951eddf,0,normal
b7a45ebfa30c4f7689567a326efbfa0c2b68aedb682045b6b35f7b348a508ca3,0,normal
38160276b0b844f69e2c8fe394cf35d041cfe227aadd4421aa3ef9e12ba64764,0,normal
6a25f2db7d594cbeafb8e4233c3dc3b9d1f8ab6c269240168599f167a4d3f5f0,0,normal
9c19350b5e4c496fb6f80ee5043c0dc915646accc69a4c82b38db29b2d8b15d6,0,normal
1b4ccf62d1c54e8f972c4651a6ec4621d30cf74089df44b3bc7a287f19f7ca64,0,normal
f1016d3299074d7793ef001314e5b7b5d4d73f856c394137ad110584f8c22cae,0,normal
f5e3876e1ee049f3889aecff0e66a227a2ef30693de24a2cb882ab9756f064e6,0,normal
08a3a6ba38eb4aadb123f0676d7a930ec624abcb400946898285598c60c5640f,0,normal
0fe1d52cb08d4846aeb29ed40e7ed54b0a4bc9ef2b2b4948b6d55d9e59e2f6d5,0,normal
60de4df65df84ba0935594a2e6d0998754e2b03d319542708704aa25b804fd16,0,normal
aa19c5c574a9465f9bf1f4dab0e69ea178f8670795fd4aff8b48c9eeade1a1f2,0,normal
be57c5e0e3d64d4eac0f89c5acab436e4d512dce9c2c4efd837f4944a12569aa,0,normal
bc58d9b1e33140df95d6f68c33767d825ca4918cb791405183a6d9adc161fc01,0,normal
1fdf9a95431649ce8fac0f67baba1d9fa05283640bde453b8a61a10ac288e2fe,0,normal
140a8e994e2f4147984ba8e859b969518433be9034e34432a5b1510afde1c7e2,0,normal
f0ed6dbf24fb46b0becb515678face524d6d2966dc1449939726be41cda57126,0,normal
bfd78cf516044e53935dae4ca3dbeb5ac75899092f7842179b9db024bb70c3f3,0,normal
2f807af8a21947e2bd19244c4ac55964acb479c103f9492c8e730bc7e3ec36e9,0,normal
a7029a1e4f344dfea6a24979340fd92c07bf02b8604d4507865b5b01ae25faa3,0,normal
dc772f4411e546f8825fdda73badc2140637f782cc544f679d2c212aa93b39ea,0,normal
db7151e0cb0c491e80f06ad6e40e16a3c2f040a3cd504e0394f67cde4a4ee613,0,normal
0d14dd2b80f2410a85dcdd9be4739692e3a66bede80a421b8f34a6100e1a3730,0,normal
0b402b4c68a14fe38d36522dec1007622188d91bf05647d48c05056ca3b62df3,0,normal
5ecdb103871f4fd9be8c58f5b01139643ffb80b430b3464dbd744f97e7172a54,0,normal
22c2791106974b2ea7e5ae4a38e94890a93cacce7bed47298d0a154d466919a3,0,normal
7b7ff29835144bf08149cfc3126616d16209542efe844c3d97f30ba2bdb46482,0,normal
25cc63523fe84b03957d027e45e08c7f5a036a5511ee438295a9c46a54825995,0,normal
fe6f741f9a784137b01e5e344e6d48b815dcaa3c18ea4fc688392e385764d6a1,0,normal
e40c507cd2f745128161598a99a3613bcaf5894ebf3341168d73ad5545a01eae,0,normal
a6f3c0226eb642089fc1367c55e157a6f52ebdc482584d1db41d3e3d0c6f95e5,0,normal
bb02a303838641d2b7ed31058abcfc94570177fd3b534d39aba752869ad0e42e,0,normal
3ccb016e7aef4a87bff85d61f9aadf67fd736de6a6af48b5885bd32c57189af6,0,normal
9715275d09ec49938e3c6a975df8bed9bd26f061a4984b08abebe06accd356e8,0,normal
69bdf3094b5b472c8f44017b159caea87a2de41fd5164503a1cafcc7ae42c9a0,0,normal
b6f6dccb99204db4a6834fb88987af6df5093d8fcce54367bd77dbada9fe45b6,0,normal
7d5b2c002adc4842a2fecd55f2ddcb6f3cbc1bb45e234e02b1e30becdd83e4d1,0,normal
8669dd4745dc436dbef1d63a85c36941f242bc04203045eba8f279a939012a36,0,normal
62ec1214007a4bfca52e2c9c4ffe5ca37cace74606a74537b279a9c73320fdca,0,normal
a9a718f05af44590b807ac1cd6f769825d5824b09a8c44c7b14bab41ef2613dd,0,normal
9e186fd564ed41b9a8e63988b21c2d50a5bd43015b6c45029d2963fffbae45ba,0,normal
e41ae8c9c9124cfb86e80f6b3b07a87b5f2bbb193bb444f4ae12fde3e96cc25c,0,normal
d9e50146926b49988505c999142d38807b61a1a3bc334202916f4d49a9f4730f,0,normal
848dd1952f064a0aa6db0515454725ae5fd6725a5a8a4092bcacf2a8417c8c68,0,normal
e011899b7cc24c749a7f0c56e80b28dc2c1d4255fda44080968ea54988de7714,0,normal
1319e6760a3140cd9b8ae873eb282acf1a0ef3ed6f9a4274aae6c1c79e9ced66,0,normal
fd4a2c7c17bb4d23b94aefd56356b8cfbed6b03b53be4216b857ddf2891ab322,0,normal
a88494c783ac4ac6a56a43ed666b97f98d0d4d40bc104810a045a0682d198666,0,normal
4c25716140984df59617bf2d28bee74fff55a47b138841bfb924be721709cc8d,0,normal
281b1367b33d4c98a2a573e04f03af1003fcc24978924c6c8401c852ffda35e2,0,normal
f2c397fd2146488ba0a64747437962790a993bb9dff4402e822f131fac812b3d,0,normal
a7978262a36c4ff2bcbe23ace656bdb5953c41bebb204d5483478055c02d81ac,0,normal
eb57fa5f93c5417e8b9ef5f91e710bddaf11c6ff222344fabcf71379fd6f8ba0,0,normal
35cd32ad7b7b45e18e633778a85d535f1d402aa5192d4355a71b733f0826ef37,0,normal
fa959695c20345bd90fab3146bf1b8f9d5ca4d686a7544fe82ff147da85f7f8a,0,normal
89fafa65edb049f0afc0c7b937f710551c2233c996f447ada3dd5ce7c5ee280f,0,normal
5721abac22644c7bac14c75f111f6676b2c6a16433bd4d6e8251fd46e3abc261,0,normal
32791bac183c493d8f573ae2b69b36008f2eef4bf02943acbce39bdde892e395,0,normal
f7ab680a36074eac83bc2ae41e331ac2fa2abe6e57824ad890676abceecb4a11,0,normal
d1b57023f27542dc930e699b75e621e80366a6aed554411e966d650ec1dd520f,0,normal
1fcf607420ed4bbdbd7f56e12b4a120eacd641c88e7a4990a6f248575537527c,0,normal
c80fe88c938c46419fa7f166d0f22a6ce1e79fc4237541e3bd42be93bba909c7,0,normal
1047ebb91b85413ab5ee00553c43cb6fba17d49dc1394c619744dd71047ea706,0,normal
7ac26583f2c846a6954b80d6241b588ba052af40a162432ea0d26c95a56f9ec7,0,normal
aae7c1b8e2984c7a8c993c150ee75fa6af094ababc594e2aaf36146e7a7dc28f,0,normal
64993c82c33d4087a6b37d5f9274c9f5de290ab54b314e7fb72499ef2d4e4f1d,0,normal
54f7d9b87625417d954af56e94a6473855373f9407dc472abd4cd4d190178947,0,normal
6c27ad3e1f2341de8f933ac1c1a23b653c8f9bbe9ca54bd39c0754303264a83b,0,normal
b5ac56a41e494ebdab9a361db9b20b5d4c9f5afea0ff4a0d9f0866be36b20375,0,normal
985e238cbe054fd887d2eb8e1244ebaf6e14429fb2264327b079b09cde006d81,0,normal
bc1d678ec07c42c0ac4383491ddaeafbda6816b26eaa4dadbd770a55e1ee57de,0,normal
c8044a9fcf824cacbf229562d08a1a2ccf9f8c114ab44d65a18a67f77da1c035,0,normal
97dc33226c8f4635acf2c9ab9168db573d13156bb5c042388f3b5621241314b8,0,normal
ed74878bd10d4f9887e5040d2946f044d71bf00f9fbd4d34be246f9e63d41143,0,normal
4e80817f55d44eb583f2d42d93b18bea566efc983b584d17a7403737ccb827ab,0,normal
665a4b2de89b489bad7caa2084b9a358b80f7d6458c64c8a95f771d61e2d785a,0,normal
36bba9fa50ea4cbc947b6f7d5816bd69b677281ccb2a4a8ca2311661316d907d,0,normal
1ad33903441a4e3999a13c0be89af45ae5869762300c4fe4b368745420b43294,0,normal
cff4bbbefe224650b058a2d7d2d10128261ae39fef0a43c5984343153445bf3a,0,normal
27352b0c527842eea40d35e2b341d8142af2edb9ad234cb28bb5871682665249,0,normal
3d0238734c5948b587d60a125518cfc0bb5546b3ccfe42ef90be873dbeef5ec7,0,normal
44ae23cf3ae443a682b8c2907052b61a63db7020709a43ccbefa0d7bb44c2095,0,normal
1be01056a6884a46a65792ca228ad9b6eec7ed9e2b8045f29f1a9df5fb42fd60,0,normal
f021a4d0b69f4913a9617ce280199ddfbc219bd142414d56beecb0729ebdb03f,0,normal
0456ce124e4e44c5b0b0d63e3223178ba595600e9ba049298cc0820f98d26005,0,normal
3af6feb4f2a04cf5b4d320a65496fd331f68d260a1f94f2d97cf14471a9a4ab3,0,normal
175c239098aa4b64aa961301a207d93b00a2f3f50fe54a17b81940762eed57cf,0,normal
0e6f6589819648fe98728bb94905586c6fe3478dac5242adace99fab14055060,0,normal
08b1916737c34cf2bcfde0a5f6c891bc6a443655caaa4896b4f84b3d32d923dd,0,normal
41c8e4867f44441bb2df5b5023ad2e79b6cb99a345a64e929e29f69f34c07a9b,0,normal
997e12f7c7cf4fa6bd9b950f4c8a81bc9b9ae85c6dfb4c9c9e39e27c1697009e,0,normal
aecba94096bb48c78881b1de55ec50c9c17cf8fdf04e4adeb17385c41defc8d0,0,normal
ce1e8b6bfcab45e7aef33eb15c369abec90a7018e7c5404786f2eab9c4312527,0,normal
1d339bafa0b74839b37bea2d505912d9c0325609814140d4a308328ed0fdbf44,0,normal
4ce9b3b5da504d4181d15bc96b425cf22b255f5eab0c45918433fbf4c5e3ecb5,0,normal
0d02e18e344645ce879ba6dbf0fc0e9572cf3450d6b5425692306aaacfd973a3,0,normal
ca170fd9258142d983e91cd285990bd0779ae6df9cec484eae305edb7b20d044,0,normal
a2dc2c3c299a45b6983eb87eba3d60c801bf616789ed4aa98636a08333375fc3,0,normal
e58b7ba13acd4e16a5229bf3014b6eec212e749cee4b431eba5d7bdf0d6a843f,0,normal
bd121333032740679b7a88fa296618224da2834b66a342e48ae4baaad0b6ed6e,0,normal
abb280afe762492889aaa1452865e6eb72955d26cfbc43eeb85b25213cf12e7b,0,normal
dc16398f1985430cb41096fc566400b117497a73af3b423da20b6254b22a6ac3,0,normal
62785024ddd746f3ad67bb97dbb812a4b9c2548a0523414192c22cdbabb4e3b5,0,normal
7a4ab7f74c6b4df596296d6b9a0dfc47d809fb49709c40d392ac528de3660ffc,0,normal
8fc66f4712bf479fb83e4fbd94bf7f22d0c9ea02809e48229303c217f01675c5,0,normal
84505902be914d3eb42bc676f2d84809fc8ac56e275f430cb05780098f5cb21e,0,normal
87f2a8d29d004c03bf561fd546d58bb70202d88d50b442389221394acc50cc02,0,normal
af11146a71b841c2bd48c09e001138e19475eb6db2e64574917d88b352b44366,0,normal
0f10aab40de649ebb766b1665fde6b0d05599130fc8d4997893d2787be1e3bea,0,normal
c16392fb78414a5489bf80ff8468e96a82c038793c424601afa16c9ad84ba335,0,normal
67bf8670f952424a89fc4dba3bd2bc6ced7ff24600574187b33fb5fd8c7159aa,0,normal
7c49af0b1e4f4bcf816647d7bfcaf7364c8634ba4add483c96b6c3bcd74e86be,0,normal
7390c96deef547f896259c549b10dac3b9b3a34bf084478db876db65746d4f2b,0,normal
e15c71c299854caabb0f6684de7ab021b4a44d2038864df496210065b38ed8b8,0,normal
73d1376f316d413bb8b1b15bfaed05310a5333e838be4dcb9adf03b01af1ac42,0,normal
4f4b58c645f94694a5fd381a1b152dad6e7838cbe79c4ae2be485f02041aee17,0,normal
8c5592e35f09451ebe7ed690c48f2070a0534a52a48e4d7eb3fbcdfb84e72002,0,normal
9fe3e8736cd24a4f8ac1f78e74ec75d74d788ce61c8a442cbb321455cde0ec95,0,normal
b57e3b100beb42ce91788e86acb17478a5245c24510b4d71ab2ff891e9664f02,0,normal
d3eaf68f640149af9027fbfe0096980f714ce9ab1b06491e9cbb61304cd6cbe5,0,normal
224df4c3f575473b993e789a6f903c5144ee7bbb5dc145cd9c4f344422c410c3,0,normal
b5b2e9029a0e4604bdbc70a95965247b94196e1444374417863e84ea84becee0,0,normal
bf849da721b84bf19ecff2c497339feb89441c0386d647749b6d25216d20a956,0,normal
82cb3a95874a4370895a9d58bd86ce38cdecbd9bc7464673924168fab4ad8b92,0,normal
a1bdadba58954153bed3af820c169c8ac3f4d7ee69f74f16b4bdb83761d17cc0,0,normal
a53813b64eb04367824f37266d51fe2d1b13f40f31814fc2917755e74ab335c4,0,normal
5dcd47e045eb4cab9538dcdab753c6dd308a3f0bc8de49c4a383eb4b1ad36fb1,0,normal
1aa0619260b9419eabe8aa55007420001e599e8e284e476ca3705e9eacfd7479,0,normal
1cb24932f0d6490289a29c9b0fabf7b8cda3f9d6100644c2a39e118082f90d10,0,normal
5ed3c9b38cb243279785c4a76f04089de586e6d5b7314570baf79574aacd894d,0,normal
9e2f6050e7944db28724deb475dfb8e8eedc3eee67684a7bb1b0da2a8925fa6e,0,normal
ec9318dc2662476aac0d6299957e8ad41e6b24a949d64dc196ffed40de385dac,0,normal
07c10703f18b4135b4fc5d56d3f4812ad53e3b7f44044c59980a7a894e51c186,0,normal
17d2055ff04f48f9b11674a2f6fb636d4b1711a586b848fd8d70a43b76213882,0,normal
00d4573b40f8451ea885fc66f24ff192c711c78664254322bb7ce531e0a84e3b,0,normal
d56de59a24a1458a8881e904e81636d174801daa833745f99135c7668d486007,0,normal
13146dcd77ca4549b9d4808b3355203d2e4d401b982446b4a4b5f97714b75278,0,normal
c78d8c3d03af4865a250be15f3f5392cb4ecc775cfc3445ab826b3d1808002bf,0,normal
6f61bde8399c490b9b34005bb70fa1c688a5e95237e442acaa59bbe50736e262,0,normal
9e5a1b75904d4dc3b86b671065fabe95312d1ea27e6f46f7b54f715dec638703,0,normal
c348d62d40b448f9a80a9c917261ca5a7e786ea8713647228f9965ccaef92354,0,normal
0080d968ee4d440e841d36015696efd0a326e3549b9642b6b1e7e0a74317ba52,0,normal
e6f71496e5cd4cf8b0bc3c20215f35eb6dfe83bd0d3b410e82b9f71a80c0ac35,0,normal
db11c17b3f2c422995997755e2a4ce294f1bade5983644dbad3a2b325c27d06b,0,normal
b14d29c97de14a70ac3970b606667bdb10225da5beaa4889bf5576b0d1d97e72,0,normal
1f701dde4c7f4853b924902d209456878a9902a97eff4b678b339662a34c4358,0,normal
d64581be85714173a9dafe54d5811ac5fefffc49a86d4396b4639b0816a9bb72,0,normal
808ea0cf7f174d8eaa04d5b5979d46fdf5ae86ff3a0e45ac9e89e001b0469f5e,0,normal
9ea0fe6b530440659fdbfdc84321d8e3c5893f72f0894f5992a2fb17782b13e3,0,normal
1d0a09104df049019f755013bd2dbea49ed902753862439c9bcc054894107442,0,normal
ce0975ad1b8d4c93baef1ae9085195adf92215dc3f024806bc9cf4c178cb2780,0,normal
6f209d2edd174eb6835b231ff786eda11b314cb0dcbd4b3a8603b6680f010791,0,normal
bc6cdd6710d244019a6a739bc28623bdca6f901055444a09a6de1c7e812e71d5,0,normal
b248ec22ef004b46ad24a05295242b4733d747d8a9a84d25b8e204db8e03af84,0,normal
eac39955ca94477193d491540de29b388e3696452e114e21b1b6d25cba244121,0,normal
dc5a388d7b60492ba82f00a486a40fad5f9b217ec5a34fc29479d1598511040b,0,normal
e4210334c6ed44519c3a40c89a4d613d454ea1db5e1f48d1b03445281ae363b3,0,normal
a302e945f91a4838906fa6d770462a70e6ad4c384eee498da5af722993f51458,0,normal
859152c98e7b40909a3ddb6a4e0a9373eae06d5d0c1f45cf8c539ea4ca6b706a,0,normal
5a5a9e1d90d04b3b9bba4e1672059ed7b5251f3acab24f12b937d06908f8c067,0,normal
32747b7c102b42e38eb46be99aeb5f5e64f2d1e6921c44d183e4575ad8fa8db8,0,normal
f6674af9170c4abaa298ce5fc2d2e2870c3fd8e996bc4e09b63629965e3f61e0,0,normal
50ffc9b2e94740e3af7d6a272c6b54ef6543751a5bb44f7d8eb07a9745df243e,0,normal
8bf00e8e5d2643f0bd0216356fc43870b449bf18aa3e4dcc968fd29c8ec3abc5,0,normal
888c9d7dad2748af8af7ec495095c6e5f398434e0b314b98a1f932fb41d02d01,0,normal
6947022adf674cdda3a4931cf3bdfd704b242e4b1c464cbeb31c3edda9d130ba,0,normal
0f40944da9cd4441aa8edcae01115338482bdccab7844c49b350f0f0b70bc2bd,0,normal
87d3200af3cd4ad6824ec20bef8ccefa1b1b8e466e9541e984105f35b96e8b92,0,normal
5cf1eb71a8e049399707703dda81170419a752b2f403420eb92131a4a0d9f928,0,normal
ade924b229004718a77e9d05779fe3d69d1182fc3cb0417b8798d0b941a0be41,0,normal
b17076841836469fafa7f875d206f9fe39705a03def04f7a90af48adfed685bc,0,normal
c5a97034aebc4b908cee227291101d05bddc89a514d245fa81235fb41e793cf9,0,normal
57421e73cf8d4a5da5178953160da3159c72271a4e6a4c58b00c4e0dab6ae9d8,0,normal
a52028aee9b54c809c931e0cbdbe0a0783ada3cb93e747d2a2254b0a3af8b7de,0,normal
e831c4097b394031a5ddbccfdfa37981cd4d535ea7c645b099114804f6511466,0,normal
c3882942dc1d4238bb58c427695681c283ad7240335f48db9298d20af50a2916,0,normal
b3c57bc7079d43febcb6502d22ee0c7569eebd9dc42a40bea5491e1edb5c6515,0,normal
598dc8e6ce87403bb37aca6cc9d0ae07b5324a74601d4b918e50b9b26685562d,0,normal
c8cd7ad1bd044498a886f5eb92be4b3b938162844304498b9c22440431f91cf6,0,normal
45cae64dd68343efa93e46ebd93310011b8405a040ea482dbefbecec59961608,0,normal
f466265755e149a28a91dd48336badaf6094c4594177466b834a8be765e64183,0,normal
ebe76150d29d4a858d032d5f34e1c2111b57392089cb43f186d880e8580ffab9,0,normal
265fd7aa873e46c1ab235d9742c51e006821a45fd564457ca8302fb84f2b831a,0,normal
6a9d909cb5bb41cd973dd656c68f9af3d08f60ea1ac4458ca184335a6abeccaa,0,normal
f6e10eb7618d469a8c58cbf31bc767f89c936492ed2d40cbb2950fbf9892a828,0,normal
73802e84b7274aeba1f9e708b3da97226319cb308dd942c3be5f417357707c58,0,normal
967d3afb449a47688d937dbd36132fa3d30982f98df4479c93b36352ce4ad433,0,normal
0b4976489c6d4fb0b9e77edfc52de33f2ec6bdcb80bf4dcca14e8e901a2321aa,0,normal
dede0adc746b4a309f1198bba5a362eda8bb75535eb141d4aa64ab97d89d1258,0,normal
32fadeb417b840c797709adf79e636f06731e34c144c48b283f2bd319254019e,0,normal
22890483244d45e7a03420e9370eb2c80e199047dec24e4dba5bb2a2fccd3bb9,0,normal
497813a3f3d74e29b32319ad791ab0860b12fbfc4f6a4e69b81c0cc6a60e632d,0,normal
1ba4bb2512034c51a6475876ebf6e97832f623d16e0f4fa0b23126cf69db09c2,0,normal
03f2722ebe6f4e9db0fc93c3fb66bb4eb2bb10029e6a438d9daeed97ac404727,0,normal
cd51f23cf6044e0a832f97c4703e166d093e3ea9272c44d280719d9f7b805fa2,0,normal
a885b848619f4524be8efccead6c82d8c198eba5ddb54ce5a6ca0091188140c1,0,normal
5464bd2cd8d44ab6ba782974c31cd16a4eb3339283d14a7eab40fcdb61ecd811,0,normal
d6320f7bf59c42fea2caf27ff6084896ba62e74c9f334c85addbc809b4d88ab3,0,normal
992c836493ec4c2da183c6be150972877de948732e334d2aa100cd0ade419323,0,normal
7f891083655a499896801d9634070e77070cb8aaf3944464865159cde383e44e,0,normal
1711a7c5652441f591b32e8486e31f5b9569269ef5f545c9ab70956f96c1b46e,0,normal
0d4327b298ea4023a8a92ea9849d59d2ce6019de0d144bd18d0c013a3f4572dd,0,normal
033b25ab74ba4baea939f9f5d7223a696a1659c90f9b465bb49d41db3c0d0fe1,0,normal
4474a268c90d47158be2f29b946f1291e136ea990f2e4c0185509dc471599d5e,0,normal
8f9be7e394464380ab72b528c1580face437c1207a5b4a3da218fb0538ef1d63,0,normal
f85533d63e4f46dea4a334bfe8ac53698819397fe3004e57b774f4c5311d3655,0,normal
37e7c836bc884b468d76b973c28382f7904486bb445b41358af3a82c99b25c0f,0,normal
ca63deec022b4543b7b798019b1acb04aa8e59f897dc4c7ea73058e9cde09253,0,normal
76796bb522c44c759ee1f18f0e99f1a4a1f39d4dbe304e0db49154d4aa080cd9,0,normal
faaaf32b00074139902f573921bb70e92ec210f7bcc446be8ce5975cc2c96ad1,0,normal
3b3dad8cc95845a48c1ae780cb299bbbe478710fc71f4d659b84216b7cf73256,0,normal
3ae6f8a37a3a458dafdb85863a17164338cc2ba4efa64acd8f3681d1f0f35d6a,0,normal
8747d9bdd6b44d1d8853cfe244e42fdc3aa8dbb610974312af6f131243441c3a,0,normal
ef90e87696694765b7c63cb6f1052efd1ad88baaa7554e53ba681371a0d1259b,0,normal
1bc59ad27ac64ab798a67179e11b99f3d662c7377aa0447a9f23b21cb4cf382a,0,normal
bb067f8da68c4a1a9ce58f17d339da06a08b4776388f45e5b9a37183e1bc62bf,0,normal
49f792430c914c608903b56ae3ae11f8f79334f135b24c2dafb10cbf792d90fd,0,normal
f9649e7f594f4b879bee789bbac188f7172ed6573a1c4822b052fed4958e2862,0,normal
48f7d6ad2efa460db5c43b9a66ec22478bfbb7889cc7433badf21866876add8b,0,normal
8c3cb2be623044a1bd0fc1ff32b4fe7520cf4c833f394a22a40af31f05c6a43b,0,normal
184a39d6e49b4da6a2f71ec036ef1a4b511034f5cd2840749c59882c16189acd,0,normal
981e77fad2f84cb98ca0f515ad7ec36cbfd5a9246f6a40e391c28152f0bc274a,0,normal
e59e86fa14f64a9b95f256abd53292f6b2b9affbeaac4ac19da5c395a908fa3a,0,normal
d5659acf1a24422a89358dc88d7d85a8b59bee57ee074bafa24bf8623a3240fc,0,normal
f1d5b22a266a4a4ba461c6d7fe28b4fabfaf892f7bf240a593c1bc1932f198ad,0,normal
8f81b810a1bd4eff8f29569cea2141c43366dad919104e418dbe4e8dc27fa4c8,0,normal
0b8783ba70eb4117b24279059b43f8bc4e7bce00bbaf4c23b2ce9476fa5aeb74,0,normal
8f19048da67843b29b4bd901d0261fa0b1b2520b8ec64406811e8763d9c0e3e8,0,normal
e338651c79384038b2d9af58775b74f69557c5cf3fca4e21a389cb6d0ec232e2,0,normal
1a301f2d84264995971e4cf41d09d96c46d0c661337e4add803a43df63b5faf5,0,normal
b435e4df239b41859498a75f0fb6de8d17dfc73e2dc54ccf9791c797534a15f3,0,normal
4f1c590bf69740118b8bdea3f0c1533c6f4f5506400840c1aa5763d9feb7aeb5,0,normal
1c98b50f3a004e83907c541ff83854960a25a4e0b8fa4e1e94576f50250839c7,0,normal
47c458d47f5c4fb0874ac87b4ab3736fc849d9932c084b55b8e89942529cc1ac,0,normal
4a931bd328d44c1490ab904712a8d76f4ac232d8cbf94933bce4f7122b09daf6,0,normal
2050fe79c2354f7a8992084a461cc0457a8cb5f833244e128a5cb56fd5780178,0,normal
29614764ea8e40f681892b66edfc1e1da7c79f7f6e0e4615af31a6433f87a511,0,normal
96f8d36f2a844e4c9925f8af60119ae0e536144e6fc64b5e8b5ddf41b1a1ce2b,0,normal
913b1c8a93374001aef31b6b9d1705c625d20251d5de42888397ba0503576021,0,normal
033c8a1bcf0e4409838b2e614afe25c0b51f967ea9c344ff87c5880e55236f78,0,normal
ffcb30bc16f54d909498f190dfa9200091b590b351e74312bce6aa3b0ca60738,0,normal
67a745f8f3654cdfaf0b1236df80f29dde07234715954fa3a35e900f930604f4,0,normal
f8c54d58827448629b6a885241b189f87c56f609e4154d929effbdceb7448183,0,normal
4a6384616b954af292b03f55d783e1ac7834f02f7d8e4f8882a9976d5f139ac7,0,normal
12c9accd1cf3483e8043839580f74675b0aefdbacf964b38ba27c70e949ad113,0,normal
ca6f0b5fe1c64bd0a054bbebc968a7128d741671ddac41c59436f3b196edd9e1,0,normal
bcee359243494ceba3ce96bca5bcb0b3ac88341c275e4ef0a2dc9c6765c223ea,0,normal
3ff755d3bd964ce9af42d54c0df2f22d8c191405ced3419d82ccfea554be0875,0,normal
05fc801c6e304fe08c3c2126e69334294273811175774b64b59003f4de0b6ce2,0,normal
22aeef61414b44959ed4945ca1ad0cd8f5b43db5944f49eab4d729c14b8c480a,0,normal
44d8f9cf065349348898fea1da006722e59fe637224949c09d7312024fa1fd5c,0,normal
d6f371ccda5f4b2faa33831a499a266a8465595155b94aaa902d083ac01501d4,0,normal
8cbed783510d483a9dd639a027bfd01fb38f4c869dbc473d8eb9a9802f66d200,0,normal
70dd6966ac564d59b28658d3367d93387e78c06eece1402887f0cebb50cf07db,0,normal
7ad0bbc5a58a46d9a6a210117de86cc3309813cf9c0b4ae29f0ad337cc9e2209,0,normal
ddc1ffb759c94f5abfad6f9ec55480fb8216546d4081497fba76a0bf4501b2ff,0,normal
79b9565d15304a8592a8b97118920c397ca404d1af3845aea7bb683ecce110aa,0,normal
2c34208a757d456ea3ec7022fe2e1aa4d4d064cc49c743ec8e80564e14026956,0,normal
a8b15e04d2de4e85a789e343409faa05c8d6ae4359984adf9367396ed82b96a3,0,normal
96551fc8d92c40a88e6f8141f357928d5a6c75d15f5e4c7abb3cf44aba11e955,0,normal
93946c37c7f641d896af2445ca155765d38c786b2da84a39b8ed80bb1906a5cd,0,normal
21acb06e51aa403aa86e3d0e61ef21d811c2a88e58cb4b0e9007f806b69ce461,0,normal
2c8abb20552d4105b3aeebb64e2cf68be5c4f9e78b3c4c6fbb0231cd3170a6ec,0,normal
146e7b52d1a34e66bc41e2140cf1a9f91048d845c73140f59f9c4ad08132c9f0,0,normal
7713a59226c244a788313251d2490ceab6f70e3b3d2c4a188078db99c1a78284,0,normal
a5e42c63e53d4186b75076dbf6b6426743ab163120534ce8b4d992be31a0ec13,0,normal
7e1814ea1a8643feab29b6b4aec396427f915563c33c48569f11973fd1e2d431,0,normal
9e5e8676ac344c34b6ade8cb0442b29662a04c2d4e0045d5be8845167a0987ef,0,normal
e67a15e8da784416a740693e998e3bc5b85452dee898463cba7219d8a5d18781,0,normal
54684df72a7e4f3a8f1598f66850e0b99bdd69cce5ea406d80f0886b82fbb896,0,normal
3e62de1c0ee74ce9a59bcc5c22ddea20959ea76f060f4ade8bb2611692c3981f,0,normal
bde492ecca7f45a3a98c4aeca79f7dbe468114c4fcb94781b567dafcff8a5aec,0,normal
6377ba1076044bffa6bc45265de8b389d1fe50e260c840bca543c05f5c86fd8e,0,normal
c8da51d7e5684879b4b7480d76f009d4087fa34ffd4c4eb0ad5d21ced6c739d4,0,normal
6f7021bd456e4b1d830de68520333a5224f9a7ba69524b28921a6bd6ee9dffda,0,normal
c0163f6c7e3b43c4af62f6aaa8cd579328cc01d1429244b3978e82c2a83ec54f,0,normal
ab427a0a23d346f88bead6804ba0b6711d80fda178d648e7b3bc9e9bad2f8a80,0,normal
913728d1cfce4ec9a59970f03deec3b2eb51234baae144178cdcd8f6c675433b,0,normal
4bc321673b024b71a40cda5b99df5ecc9ef7cb33fc4349c58ec888b37f1ef7b8,0,normal
5623eac82304448bb97a5415fc7f2c3e10df71d881ac4aa9a72776cd93b8bc97,0,normal
3e021b4e3b5f454eb5fe2813059bf15a91e64f0e14f54d39b8cd6ba189d7ee75,0,normal
e7c98802859741eeb9320e7e318211025689ebb3cfed4e1d9c28e29252149134,0,normal
e468189a980740a2af3e913df0dd11742bcb2d8e90964cca83213413b668c9aa,0,normal
9d438d7abccd4d829b02f0237b07e8515e5e3db3e77e49d78bb53e881a5f9732,0,normal
7fa967e3f5664921b57ebb44fd670a301931cc8f4e674b129306ac2c85a20130,0,normal
003a335b9a784494a734c373647d781fe05dae04ff8b4f629e954d0cb5d756e6,0,normal
71bc10d74040418ab684c7b3038bf8500b2399bc21f642d4a1936c366f032984,0,normal
1dbfad96ada6448389e07062edf5a07216aad4c041e54117bd513df44d2813ed,0,normal
033becde549146978ed81ca285887d317549a58efaca487ca5f052214ea470fb,0,normal
a3f50c3a6dea46d591e1e3a7271f681776653e1c5ae144a99060090ffd98ed1a,0,normal
484b753df9c24a50bc5720d94922e039fd52a973e09b407e9e9e3c03a3c88637,0,normal
ded81c1885a34efa802333e7a0091667738d7059ab7e4a149fe6eeef80f95917,0,normal
90b9ba82f6914c3f95763a43cb35fa5f3e7c68383a7d409088fab8444f0968a4,0,normal
c3f1538b803e4b05921098149138c1201dc6bb6a80f44935bf94e8b4448ee292,0,normal
31f4e1afa39141f9889d70f7eef3e7ecf422be9a19514a42899e0fb23c371bab,0,normal
e2465a8cc7f645589ca1c9f4c0d5809bed21e9f8231f4cb4aa18171a57543554,0,normal
fff0cf38d5d34ed39a200a12c211c65ce417fedbf8a140a98789f6be07f8fc7c,0,normal
26e3c7f5d336445db6fe56c9a9d450f6a4eed09bbfa641928501f533e9ce2137,0,normal
f33d81e5381448a2897ea477fd61b4459e190225501a4739a94d0a009bbd39c0,0,normal
167e0e18df3747a58a43af534717f58cefac750bfde0429884706ac04744cdff,0,normal
d59e0a0da8884bbb96747e19c7cf0f63063829101f144bfb8bf74ca000d07f1d,0,normal
feab74649a5a480fbdd94e363e971c74da7748b4ec5d4f488fb0bd7b14d627f4,0,normal
f19a517875ad49e18121c2406a6a7383123d5d747ec3452da4745fc700629480,0,normal
bc6ca7c84f674d58a726c8298973bbe0c9af6c8df0ac47a983489d05d9d43446,0,normal
b1422c4286624efa9319de6ee8b66c15e92395bae86f4ce392f73c8f88ea02d8,0,normal
3df1e4f083344053961f19b9be3e195fb8ce52d23b024fa6a61cb076ab9b2a8a,0,normal
41327cd8a09144c4910058d9dfbb6f3ad4e9d6a0ff8c4597a32619613cec5c06,0,normal
26b5d21897b6481d8127835468a01531af88482a0ef74ed6934516816a8eb206,0,normal
3f497b0d7f96461e88b47fa9f23c43ae4a5593e0404c43b9b9a710b40f74b306,0,normal
95a036b1072c4f6aa16491dd736f63ac6196b1f2dc10486cbefb21d4bd996821,0,normal
77448237f60841f4ac35444a540b84de438e56d705dc40de86d60e16b5015a98,0,normal
b187f2d4f02048319e91753269b2e3c7e08d357a47b1492aa5696c2b6ebf954d,0,normal
84d75f6f73394c5c80ab4bd2047e9d3d9296f50e6c3e416f93f7b0bb950847ae,0,normal
b40aeaa722124ebf916e35a884ec8ac1b214556f676f4297859cd87d2ff2e4b4,0,normal
15cd1fbb1c46495a9820e61382594a3732d119e5566545de98bb9ca7153de99d,0,normal
c3124ccc20524becbbda1277ba9612155e5d51113e9b47a1bdba24fee5643a8b,0,normal
98711c1e41be4dce8cd920a319ff7b6668f68d899186400d937c01a6772a6e9d,0,normal
bc912ebfd4c74049aae4ab12789f700bbfefc7de1e6547e388e519088b343f54,0,normal
ca5d897637224c819a3f22a73e875a1f49ee7800f59f4a568c25fef3efcd2763,0,normal
751a42ce56d3418187249101f12e301cea792b8eb91742df8d0ea1fb726b5e0b,0,normal
c6dfedc522d943ffb42f8a0cf115caf65194bb4bec4f45f29bb721d8f7e841e2,0,normal
8056cebf48174cb4b6c45fed80d3e0326f76c2d4ba7244408095956fcbfd8064,0,normal
1d3afa9a787d4370b851faff0bdbf5ce36e061a532b84190a9a669f3c43c9fa1,0,normal
ce9a4676c692453d8039aeef8196fffd4cd0d24c3f7843849cefc1cbfc05fca6,0,normal
b4dd59ae7356421a8b1dd10c2c20070016293d0dba1441d6a401e5ea9340bfea,0,normal
893eb05ac8b9405c98c488a7679d130b4346f914810c4bc2a13b572627a56c7e,0,normal
ae593d305de44f50a09539cf42fc8262a366f707868c47cd91834c91d4d2f5ad,0,normal
83ff60c82d6d4f81b0ee69c3da89db1b489d097fcbde4147be1b04a466b14226,0,normal
ebb2b52f51f64a379ea2eb0cd5010ce0d83e79706c9441fc8334d219fe86dcb5,0,normal
d939c869c32b49e6a22e65a9be82692f91117559bfc94a25891dd5b3282abe8d,0,normal
703fe24c4e024e67b66ecb02f331f4cfe68b9502fa27473092b65402a64734ce,0,normal
c14604a2bab04543a061a61752ecc8f31d3c799b19214093a681c8f0a3be0509,0,normal
06eb436fb2c141dca3ce2e5c5f0e7e727bbd38058ffe449486b5d4d02acbe7b9,0,normal
dd81e227f17c4dd190828c79b5a46504c6899d7dda8d48ef9fdcbd2d5533154f,0,normal
bc4e261a2736497faade488ec93eebcc59dda07922b84a80a3a31a2ba9fbee14,0,normal
779ec43ea2e245a19be0bb0a219b9f690edffcaf9d6947c6ac539c6cebcd1783,0,normal
cc972a56ecdc45bcb34a4511fe3a31f4ae19c5c5f0e04115aeb0051a3441b128,0,normal
38b1638d92b14ccabd0d11e5329795c31c02e0ba94994e2188be95e4fcee45b7,0,normal
363b56ef814e4d0599cbb9b2854716536945fdb8c7384f6fae2fa16cd5dc01a8,0,normal
62b706cabd8a4ed7a9b189417561922d6938f9e2576045b3878332fbd92dcb5c,0,normal
0defd987e7be40db960a55e57811f037462787ef4e734f9d8721e7ac5e5b9084,0,normal
042cfcc21d7b4cb7be22837df546fdcac1fa6d0069d04c30b7327803bb382718,0,normal
f6e38db5530c4cdda6fb614900bd138b0ed96300b83c4250bff656c163d582a1,0,normal
150f394427c542a8b023e673d1e2eccbd7c8bfcd3dc84899b8dbe4674ee89aaf,0,normal
e5ab31e3f29f4b42806a66029deae45c0f5833c84ed7403c8bd3f24aa97d8145,0,normal
76b637c513174e9184fc77b34c601fb4c04f4cb2dba44554b9aee1c57204a54a,0,normal
d07024643e1642ecb06d43149a01c3e7c7ad119fbcc14b4dbe8ccdc46b39e9f6,0,normal
c7033b077ba24e5b8fa4157515009a9d5ba63b067d174ea8a085004872d1739e,0,normal
d62b9b87ebb343a4bea8ad9f9596fa604dc36b7a7535434e9488c4a373a58b90,0,normal
38739f6496c648f4acab1ec6c8cdafeb780c170e5f5c4a969a55cecadc8ac063,0,normal
21653015dd6a47d49e3767326caea55db1c8ded77fd14cad8d63e06f6fb4be26,0,normal
0abce2bcda0f4662903c04f79c82d3bfc52d91f38f3e42dd926babda65aa7597,0,normal
10038654d0b0459f97c60cd04bba23d1cd9b993332c84391ae439113e67bb7ca,0,normal
1ee7c648a12e4e9a95eab8e75c067005122ff428347f490c96fd95bf933f08e2,0,normal
814c4793752f48cea49b68c69e52ecafcf31b472c145404dac34139a655ac8f2,0,normal
5bf17b1c76814fd0bc3f891864837d0f16d0718ce3864a3e82ca5aeeb54c14e8,0,normal
d0bf3dc009264ff9ac44841762deabdbc0e7d4fdcf1c441dbe8164826a5e0de5,0,normal
c169ed32bcf04680bdae00950c2d0e3a223abc8c412a468ab6e60d0b986ac228,0,normal
474b6015c15c4238ad375a5de26574d6261b1652a2954991a60cd0ca7740e52a,0,normal
b76a346b56084a0abda11b995556d2afc6162428acc84c9fb782e85c848bdeb2,0,normal
2bc1b8f055904542b8c4f6907ac46de5657f455881394201a14aac63a5ad1b76,0,normal
c257de348a99499395f78d4d1504b59ecad2429838624cbcab281bade2405110,0,normal
9038ce949a4a4769bf4f69fc5d661dae2e3253c39c574e32976aeb44de63b04b,0,normal
ba05029128ad4e92bb75054f6e28edcea121c91d96644a33b9b15d7c829bca92,0,normal
170c3e76201a462dad657edccc5067fe2d5610894a8f4103a45974f96ded49d0,0,normal
4e1d2d86484e4788aca3dd7b7614ec689c2bb822ca714be5b34bc2c29450cc3c,0,normal
4b622c01a2d9431d8d0420715b8bc49f750bfc11f51a4ed485bf33575a1de58e,0,normal
2a748201034740a08d620d64b9df1eadc1d6aec2676140a684a51f4b06c286ea,0,normal
2089a6dbb69b489ebe246ef95f8e48b21bbd079f9fcf442bb41eb1485ee4063f,0,normal
0c9be46036f845a2a08b70667d7c0106ee70e4d10379401aa832229e0f2d50aa,0,normal
4f1ef8ad75a847529394db63fa779ecb732b6692906f4cf0b70d21c9b6ff36ea,0,normal
9c0712e17d6042faa19fab6a1a8e86cbc0abdbf0f7cd4fdfb365cbf75f219b0b,0,normal
166838657c5e45f6991af8f83406cdbb4cd51febcc76429c823e6b03c6e1f54e,0,normal
f59fd6766aef46ad9beb32a6519dbe329c6323ba3391471aa32e6580e1b5f596,0,normal
882623af0fdd46c696f111287d7f1a1f22ea3bac052146e99a57cce25effba7d,0,normal
1d0081bbcf024109a4b6e9afe06692f6c4f4bf115b5a4fb399ef3dd7a87143aa,0,normal
a9c532cb416a44e39b46847bd16d013f6f242757d2d947158aad1bb6201f08e7,0,normal
d8356d9bf6f9437290bd742648320412e7582a86144d418f9cbd169260ba8633,0,normal
78757ffbe386489ab3cdc5690320c180ce6d906dacc44f998b09d519f6aafde4,0,normal
6096da104edb4e8cb916a84ed0a803b19cf1facf16a54c52b7657b1e284c2156,0,normal
a1873b8dd83a49389675916fb4e996429f5080d43b764d8e87b1a946ea29053a,0,normal
7f6b00a2a2f54f11bf2e689420fc42c761f120d304294d939fc2ef64259ab8a9,0,normal
eacd49aac583417e8e04b51b0ea02829305706127f4b472dbb257f552fc54733,0,normal
19f31d4e592745f7a3224e44113c13e638b758ea7d2242dc832b35c84511b0f6,0,normal
1e6fbd687d82466d94640ffabce544dcf404f00affb246aebe951861ecc6f031,0,normal
c4dd466fa8514914b182cdb1b5c83ef5b3cda2e7933f4335ae6ad83381c0390d,0,normal
35a78f35c5f64c80bc60c9741316535c62163572aaf943fcbe6deadabc233640,0,normal
7fe807a5b1604e4696de0dbb814a6f0023f091f8574941b2a210aca6bbf8a515,0,normal
e2250f56ea29473b968cdfc75ffaceb32238782deb754b528fc5f2a4551db498,0,normal
aad0359f479a406f91e1fe884646feb439011ae044b0476dac028d5a5aabbad0,0,normal
55203ee7ce3d446aa011887d4334894fa0db443608a841ddb0cf2db9a70e2dbc,0,normal
e7461f5e01884405a14d5b3365f222ba6f0103d8dd6746c19b9dfe687d948be2,0,normal
36630e793d9744928cddf036521115878ce96a4311364a9ba9f6ed093b96ec7c,0,normal
24dce35352b74ea982a63f7d962b42066c757421533044d4a3023881b2ff50c1,0,normal
952d36cbd5524da6b1170b52a7fc7180e9798bcd00f749958ac4ba2fececbf11,0,normal
88e9a72cd7a249f9bea40ee33ccb19dcdb899ece78284520b197f1568431e20a,0,normal
1ca5391780f94d638831293f6864caad13daaae4b7bb4869ac8a9bbc154c91b4,0,normal
c06a54bf792a4a61af48ced8b85a7734070b17e066f54d34ab45fa049be29689,0,normal
db067569a65d4901a5683cf4eff75a1133724b5acc034bdc9f0250acf90056c3,0,normal
fc37f34f145047dfa1bb36baf134533b510a3d288e924470bcbdaff03df2b3e3,0,normal
6372b79509f44fb0aab3a5a2006d1d8d7c98fd859a084a9191600d6d8b84c65d,0,normal
54f5df2bddd9430497265cca607409b05ae6d99ea0634303bb32ce934fd1fd14,0,normal
3b48411e5bb54907af1d433ff536368a600251076d944ecfba3d1e288066d4ac,0,normal
e7847413fd454b279e2ddb5af73538ffc6a53a9534bf4e669c7d1f7a9bc1db41,0,normal
8b292080e0424d8db977124723ebf54b4018bb4a81c44deaae00b035f4f6e099,0,normal
350178ede6204b1db31b58439342df358ca717ab03ab48718d136c6bd235d192,0,normal
3e31a13c132343f6bb92f6cf6200c8be978ddc5de23346d3809e5cc639d13e22,0,normal
92b81f9529ed459ab03bdd0e65e79973115fc5ad2a9f46c2bde3fdf55971275d,0,normal
a764128af2264639ac3cbf224f8d4e84256f65f447394fc4b03812a1709dd1cb,0,normal
9ecc12312f024d88ab6b9b179285fbf21296edf683654eeb97d4e83c27253fcd,0,normal
bff99a327e3d4c70bbe160eac4455e295cab07952ed147638584c5b00363f567,0,normal
34031c239dfc4365b024c3e9e8a948881895850d5df6457dacc1776443956003,0,normal
2d9f954a851b47d69db23c641237f2b2dc81633b9e054bf3bf16fe69f4d04e4f,0,normal
f7f250652a354e3395205cd3b0fa4821f566912f15a64b1498069a8bb0de7fb8,0,normal
10223d59efcf43848425a497ab88d3d16dbfcabccf424e9e88eafdb69292d729,0,normal
7f0e1eca5adf4e3dadbae2a20513323337318ded8a3c4ed1bfbb61ed6e324686,0,normal
14ff90ed2c334edc9af6d9ea655fec861965772ceb694d458b5a7d33c676224d,0,normal
ec5d8295b0c348cb946a5efd8402ce96aa3ab9dd72ce48db9c4ee9c060debd6d,0,normal
1224af4a94ed4ddb95b1fde3fd4e3acabb5e5dd950ce4078ae9ee254ed0000fb,0,normal
9d9455c49b6547e8bc472083006687739b710676c8f7435a8ef5e4abc0f63cf7,0,normal
16fc04fd6df040c597c1818aa1645f7bdf33e5e65272482086cee705af084caa,0,normal
c41f5c23255143f589e9973002c4b28a2923465db7914089b7ab677a2f9b4ed8,0,normal
f8d13c1bae3c4d46bd2929dc76976293c5aa5dd3c3a74ceba8f0854966a22afc,0,normal
7843d2fa685e437787999a4d58fd07341afecbe316b74764b740bcaf57b1a544,0,normal
2bcf37c48fea4db19d08610830881cda2de7a823c5a7415d9a4e315149c82129,0,normal
3e7241b078b9459b907bb02a52eaea43459e240e1ee64af996ee99f04152c9c3,0,normal
60bd2331bc394039917516aca52951ed85be89e24cc044aa93589a6abef10158,0,normal
b5828f029e7647299f7eaa10ba9ddf08c460d1996a1f496eb79b10ac3b696b90,0,normal
3a72a9baf7e14605a5b155002001c4289ecde8a7b24948e78ed234c8a5da71d5,0,normal
61c642769bc84fada01943b73900d2bde2291ed6cea247348c2aaa228088a6d1,0,normal
9c737d34e45542b6afb19b9cd17fc4fcb7518c7f62e14a7c86ce9da6b2b99745,0,normal
abca350435af4250a09ba0ad5babf5ded74100381bd4437da3269f402f5a31e5,0,normal
344c662181884486be40ca5fed0c6f5ca99f30df799a43a7a46baca2abf149b2,0,normal
640ef5505f8442e980f1f3c485d1aa95db22ad3136ca4692a5e96a09df6fa5d2,0,normal
9f022fe3f6e44510b955098f6b4e6553ce7d98ae1e5f4d098580afee2a2b3cdd,0,normal
a92443770a7244a39267114e13472d618f3fb0d31b114ac5a9bdc4982ef9f7d7,0,normal
32985cb0a3ba43859f4779863139ac793753dd0dacd34edda0a672f16bfa5bc4,0,normal
d6f365c665ca48eaabcc933a50b57963d83c4a2b5bbf4318b7704d1927e68cbe,0,normal
8a0eefe1f6674fa7afc5718cfc47be0ca13c7b3b7d4441ec962a022dfc62afbb,0,normal
e962ec8e5c0844c48b1b959745dcb795c978852f92d84ed7bc38419756235414,0,normal
8283fb1c4c1e4709a1404dbb203c9a41a7d944aaa2924b7fa39e661ebe13f58a,0,normal
b98579bb82b848b5aa82c6c2fb6b4ee95d85a4564fb24fc9a8eb2b941b5fea42,0,normal
052c6235b3ee47e1931fb2e4a9bcf2903ede6b657da5433ab49fee2d64f52c94,0,normal
4ffed2df70554aa4858d843f8e123abdede8937d620c49689d25145b81155989,0,normal
9e58f989b3ef46718e1181f805c5fbc8068c4d04768c443b84a8a7da4974127a,0,normal
575783764a614bdd92ea3b0e2f4fdd2d3ac4321b6cc64f65be753e4fb1d07d91,0,normal
c03e589c2f52430b8d3558d7e1e620bb0b8edf2dbf2747a78f21b4bd43996eec,0,normal
5bb7f344faf14a8cb51086a01048c534cdb705aa966a42189fd98c3d94ad9636,0,normal
0a8d84665093458197454ed9d990c6fde9e869a142094b16ac2e1d7bb0118ab3,0,normal
479ddb18998f424da93efe9599f445f1e5eaa476d06d4633bc534bd65d981a24,0,normal
fac9fd47db2d4962b0a2ae65dbcbef34d37a9ffcc2a342f99557d416e5338c5e,0,normal
89af2e376e9d4ab196452b1f3a69bc9a7759b13645f948889402b0acb9305772,0,normal
820761d68dec492babb218407e3c7d767b62ebc0c546449587d53c9d3a418c1f,0,normal
a918cffbc23442b5bf5066cda6c71598c016c8215fa746fd92d69deddf2d802a,0,normal
2775b6d2385a45a6a62109dbdd29762369d655f38118411bb889fd4e789cb9d7,0,normal
a70081b693644304a423ac2211736de96eb51349daef4deca76950053183b812,0,normal
da2567e29c704fe28711babdc25fb460012a638298454f1dae59dbb4990f5e28,0,normal
e959570cdb7b4946a4438ecd8f4db21bc36ff57cb4fa4d14b73eba2d1fc8daa6,0,normal
5ff4bbf3d5b74c51860aa76d5f74c56b80276a3f6bec49fa8a8640ea59d42a7c,0,normal
638b7085cb7e434386ae32c7c98a3868226e3515a46f4266bf1b7920d9f9b227,0,normal
07a4fca1f5b84475aa6c4a2a6e0aa7eff215a0ae9bcd4ac2962bcc21cd315bdb,0,normal
3de8d30cc63e478d8185eb19de6d833537fc408553374782bb5814442b081960,0,normal
4eda13096ffa4dfb9afad4f0a03cbd649dde6e814fa140e1acb3233234b73f64,0,normal
23f39fa544e84a06a129ad11c790bf5c36cd74a4b4f24f4bb2cebe7c4c99d661,0,normal
2eac888a0d7848b9a2260a486d2ff60fc8a865ab3b1d4c448274bfcb2feccecb,0,normal
7d7a8b17159f44c798f08ae84251c097c9257264a69146b4917c61403c6e1c65,0,normal
39b9a299b3f64dcbb4d674428040f98e6939bd4436cc4ad39554b809566a8659,0,normal
df2b3b9ece2d4c92840e4ebb7f05351137fd0fe3d66e4df18f335199e577b6fb,0,normal
2ce01ac1dac047a5b93e0ad7f8e7f929c5ef5f8643674252a27031d6dac4af9f,0,normal
4a40d89a587e4a848cc6bcc843cf38a1c3f4e72f9efd43799099e24212f7a82b,0,normal
8e36ab3411404c799bf2cbfc04cb03c40cfbad0438424d63a9248616b73b6696,0,normal
a328d8bb11774305a3867fa73bc8e0564629a55bf15b4ca4b2c0703a4e7910f5,0,normal
7f99e5b0fb47458f9a3fd7b8707c3b4b7f20ddeba84b4b8a85019d1a4e01d1f8,0,normal
624df72209e44c93baefb4b1b2ec2054f153bcb889aa43eab44438ba454b6092,0,normal
8b9df4d6312f4cd2b24cb90a48f75170ec6d69c1153a45afa2083eb66cca48dd,0,normal
681c927940bc46e79c2704b5f020316cbbb1d83608914e57ab568271d4b678f7,0,normal
94666336b5fe47578045d5c41633ca206dd712e7dfca46e5bd6466a0b6e68a34,0,normal
61e11b7e3bea48918f58296b951ef4f138e456d66baa4962b5dac4cc7339cced,0,normal
f89cec78ce3347baa308c6450c0e4c53446b2acbd4864ef297a3995b02b1215e,0,normal
a592a7fe7d1545788f621bc66192d366824cefb35e8844808dd3560270869f8f,0,normal
b8961152f7c14ebfb39d81e4be5069307eb0afec44444f00a1fdf3937d3497c0,0,normal
48625fb3f6b4427e99973bad731da7fb7c85c32b22a347729cb6d3725f43ae40,0,normal
7651a877092b4237934a747e734abd81bbd43087d1f44b57b0a2f8e79950ba3c,0,normal
cc72fc10350740ec975a2da914998ff47c4b2225bd294c8b829c6623191a7bac,0,normal
c1f67ac9ed0c4eaf93469e4a22b8911e317be5f7427e415fa5b2d5856ca6ae2d,0,normal
afe19f5a612a407c80689f3367b9141158059b94d1f54f3296f521c801d426f7,0,normal
236889366b9c4659a9f4546ffc489db7f2cab4f0fc70481ca3b7354ad737c967,0,normal
3b567eebb0794b62ac37092a14cfad4ce48739eb752343ada9e11ade44711f78,0,normal
42559445d3964200a48c04b825bfad2025537832220b49f5bb715e52bcc409f7,0,normal
827cdecaa4554a92901fa308ccb46110a01103be05594c5e8055f1ae67eb128f,0,normal
0274ba647457442a9d947c6ee5ab91c43dfba0cb862c4ba398c5bfd1a0f10e95,0,normal
b76c7106fb354dceb1faba86a9aa9d1bb7c999feea7a4f45a75e1d3a9af30241,0,normal
82e3e725453c4e068a2692c9ea65c74d6cb8d0da50c14ee99880afdb763b02ce,0,normal
6d5aacb194f04a84aca3b30a373cd65f184a1986620c4d2ab3f3db963e2400a9,0,normal
6d717a70104a426b9369c546deade5897c5a4763a33a4e579f0490aacfc00277,0,normal
657736ece3f14687ad95f89a757e3201e479f7517e994c99b40bc6ac163c1a90,0,normal
ec1b2c38adf44c2ea2ebe1bb72e97edc45d7bf81a9f745828c3d174b04e19a0e,0,normal
7b2cb3bf9f9c4bb78603bf038ef5619552ecbbb26ecb42ca9126245009483f27,0,normal
2dcdcd11b5d64130ba542be237109674f3660c0a89254d8882469cba8b680982,0,normal
0486a1cd5a7644d09619a7b810dbfda9c7909c85956d410a806934a369f445e7,0,normal
d1c364f5db464e539def83614b66eb8437932d124aaf41ee83ddb17a127dd49c,0,normal
5e39de44c52b474997fcf5ba5a10c73dbd23869811f94eb395aa2ff2f0cbf9b0,0,normal
7218b46e9de642fdb7d13208734290082bd55ead416c4675a61b2fe983693559,0,normal
76d23c824f3f49a19306555cba5e108435c23d55ebff4acdaf4d81e673c6ef1e,0,normal
3d912822987c4d5b940b0e092c2c44fb1ebc5077542c4bc4a6f813d66b9f8db7,0,normal
b11025dcee7945c89a7e8fd879a9918f024218fcad4641ab8b9dc83927a6e687,0,normal
3f885787f404458bb6d436e2b0e759df5f2fbc208d764c63b60732e730676214,0,normal
8f6bbe64f43148a4a364859032b13de9c24cf43202f940728b854c2e4bd65b11,0,normal
ef62d7bb0c624a959ee99f89654de75c73b71a0944df4a3cb01e5464c321e839,0,normal
b81ef97bd02240dc888af54b4c52807ee489e8da9f0f406fbf75cf923c0777f8,0,normal
dfa1a8735ba14dec96f55c3dc622f2ada861dd5db2834d3bbae7a44d756fd863,0,normal
53141ff5d6084bacab35d29c3f397e1c57f1c87f3ae94703a9c25e88c295b168,0,normal
dbd9b4acfdc649aba41cf8308e5ad947e258d5c083b6403aa9d08b02a36c126c,0,normal
38e5fb8bf6d74e3da2cbfd43bdb7db8b5e0160ca42a54620b9bd99102e67cb3e,0,normal
8f61f3a117db407798e37bf1a4759dc04de781218fc24cf09725d78300201688,0,normal
ecc1b4d228f74c46acceb1689fb07cf6219a722127eb43caa3987b5ce9cd9993,0,normal
3954fecb13be4aad9e9bbf969be92cae24e63d00469d451ea0073a7c528817f1,0,normal
4314e04257814d9eadfafd6c2dfa4d4a6d14a9a303a449a78e93355200a23d13,0,normal
50a9272e823449c1b95e0047ab86cb7c222fed88fb804f7d9a0ef794e98b8deb,0,normal
0162327f179340d59d8736d29a6afb1af4f71227270c476ba04255bb9f0684fb,0,normal
3fb1be001a6e4f4ba4febf33d9d3baee74df21d9d03e4639aaf6f17f650de863,0,normal
945f89df8c004131bcf0af3e6bb8174b4c236d4508b343e895a3d01392748d45,0,normal
e813237cc3c348868fd8e4106f6ee99dca1b46f8672541d5bb181e0dc71407e9,0,normal
3d5951dad71c4c90b277b20c04d1105622ebb0ee2a894756aeb874d49db6ad78,0,normal
9d2a645a2ddd421ba93ae310263e9d182586932c9332422895f7dbf5b2eb8e37,0,normal
042c187dfe2349649930e59ba56ea4c6d19ed35e995c42c7a975db678073f4c1,0,normal
b3687710043a4e97ba6a43a9be9668c20dbb138663ed4278a814e54bd7372559,0,normal
74ce7c45538e43d4863decc3a03b02ec825bbe5f1bfd4b7d812ceb3b6f61ffd0,0,normal
5e3ae9db97534458b60caf154e8bfc865ac9a49d491446928d50f1f61b3b16cc,0,normal
c390f823f62047c7894659738a0962afc67b862c5c3343b8b2d8b9c301c19fe7,0,normal
41b782e5d69943cf9992d2a8c4b46f0c8d0676da773f444e84276f799ac60a15,0,normal
7311abfba76d4bc9a25d4499953b0fc904e1307eb11b48cd83b1f731c5167caf,0,normal
9e40a4f2e84c4eeb8189a3f72cdda594b343cd63abf248ae8db117c3d3faf7e5,0,normal
13cd76e644ee41ceb6b82149fbc3a7e5724f4fac6438421580d03aae03b13f3c,0,normal
2dd7de4797be4694b474b30bcb929e27d146e246198146ef9ab13842a688cea3,0,normal
e5268de499254a389f08bcde57a7ee816cc0963e6ab043a395f0ed02e8c06d6a,0,normal
4852ca3df6f14206ad2c0435b921f5f4e9b06015a027429ba3cf7c43d803c05d,0,normal
ba594b5852044d5fb8249e63cbe755de49ab1660aa7a4240b96a0ff9bd234ea7,0,normal
7d459b1bab0e4d41847bed1ea3610bdc5f5b398960b346659a74cabbe0548fe5,0,normal
2a3c37d34cd6410d853cdf6bd2a20d1f6d1f2c32e49a461da1c33565f4d271b7,0,normal
5f199346b1834b249228e2a7e3eba8172c5cf26f2dd6469faf2263b01856dfae,0,normal
fa33e3c487204c1e88f5d997fabf474bba938f3703ac4c0db72dbdb29704d4c0,0,normal
e65223b37f8944bd96f1b7a24f10448e932c67b4b5ac4f78b3cc6479d897a0ea,0,normal
660eaf6c03d54aaf80a4905c273e0201eb3c3cc98f324f75a39422379f5dafe9,0,normal
85df55e889464016b9350b33ef63abfeb697a7097cf4404e8a53570d9309700e,0,normal
49b87bd919e146159c38c119f3becdcb9902f69c7fce4692993b67ac9fe9f65e,0,normal
ec3cc063d2964858bf2b57a2590b9f97f1950c23f59d4ded95d0c5f06c6c2310,0,normal
d7da5f3ce30747d1aa0ba9db70f057a73ce31a8eea9e4cca801ecaf4055b677a,0,normal
a9c8db862c06402998fa1c8bb2284d6dd029e157f8514fe6aa616f9dc9282482,0,normal
fb8ba147e02a4d13abbbaf686f902a9a480a59c7fb2f44aca95d96fe69d31d98,0,normal
bd30b32ae9a94895ac46c33d557126351eccc0943fb142af85022149d0880eae,0,normal
4a49892bd48c4e1c854b1f0d8841efbe9bd8de14185643f09c340df0cf92abb1,0,normal
e28a98f7777c4c78babb18a1be20037e676096c0374348b3af0d2e79f7d81370,0,normal
76903eb24e1d4dd5b468ec3d76dba1b9dfa7bb1892ea4befbb0c6d99d7d6db11,0,normal
89e989934deb4937a455c0c1894147d393117c217cb64bb29d4481f756a138c8,0,normal
102876e96e1e4b5a88fdd72c473982911cf732e6684145c3bed897a0e099ffbe,0,normal
28daf84a756b4f3693534eebe74221969ab1d9ccc8d544869cf3c5c43c8225f7,0,normal
a8a26483c87a45f385be7233a6a3ef3de7dbb173c0cc498cb61e111ff7c4c786,0,normal
1a838aba3997495ba239c11e568a39a1ee92940c3750478ab6f06af03786bc89,0,normal
e6b7f24127ae4759a5379738bb279097f9e2ed5d554d4c56868a2ff0f9fcd538,0,normal
0998d691c6d743ce901cec0618b1de74a0cbdf93a17c41fd8f82ba5d3e8d40fc,0,normal
7ee1c4c1a2794082829db5942bd1dcecc0800c9dde9c468a85381a8948af019d,0,normal
79cb13ace0724c5489ab8aaa30eb874d62b4eb55d23d4d8ca149647d1f68242d,0,normal
f8f5b34cd3434194863ae00b77d1da065f857c59aa514e269cdf3e6e791a67f3,0,normal
6f9f0a06ca674c23b6c6a33f6fa3becdd80c004c68a847ea9304cb7039f79ba6,0,normal
8b442899db354c4cb1f5a7bfa6abb291cf428931c39a4bcfb62937c5ed750dcf,0,normal
0fc56a93dfd2404dad002008d386eea3da30df71d23d4d8181199a64c58d786b,0,normal
aaea5390bc9d4d16894579886c797d58dcc1ba27ac2a4a9f85dcf545f0d9054e,0,normal
b2044c40014b41289ccde97712e4454e2c9b4284a2ef4a73841b0afd8624cd6d,0,normal
891458a3c47b496395ecfcd44bb1f8384e7bca67190c4551940447a1a3f8e3ca,0,normal
286be00c004740e8999f605ec55d41df5c4df97f69384c11bfe89c7c659b28dc,0,normal
6abf6cbd29014b769b0d2b4338f36739114d59f80abf429a97782f2b1b3a5b0c,0,normal
79225e0657574c0585d53db41d603ffa39098404a9134db8abd08530d6116a45,0,normal
fbbcf2fbd32944eb9ee88d8f2611160f2e8584def9b94451a2c74c63fd48be79,0,normal
70dd93c7ec5d4f9ebb2f0f1905c99c3ca706f355cce3441aa1f5cab84a60cf32,0,normal
9734309893a3455084556583539c4bef798c884009984d4f856c9492f6a8d9cc,0,normal
1712ebf0d5c14430a6712bdf61a24fea73cc52dbb73c46ffaa1088189188558b,0,normal
9b4e0bb8216c4f23bdfcaef1c86915a836e3f663d280465bbd6e838ce9ba0b2b,0,normal
0ef42174f2f94f58a74f868d9f1aa2507b593b6cf33a43e79441781efdb67a20,0,normal
502356e6d2a8471d94f29c5158ac7ae495e1f4a8d13d415ab400e6c7415cae19,0,normal
ca58dfc6b5b149479ef2a8fddb65cc8a3171b3ece7d24a19a3e8ca2e2f639397,0,normal
3a624c57222640b0a1f1685089a06713009190d6190143fba718e1bf417ff1ff,0,normal
bb360dbd478e432a84cd7399ea1b4b8528d2d3c022784d478ab3f9116fa5c814,0,normal
f5e63fdedbb949629c8e7ae56fb7ce4998ec236284cd4a098a9a95e461587e7a,0,normal
3ed65ef0e14b4c6fa3ea01c67379960e880246f1b17f46499000f6371b5419f3,0,normal
db435cac4edc4d54a4349de87e87f0129e611607c062498f94272f56edf7decb,0,normal
50994abb8f71408284cc616904b1f3861e213d4846db4ee8aa3153a0aea22fd1,0,normal
92f6d512b58f4f16b9d266f51dbeb8f7e45bc8fd79c547fa9f134f9a1f0e44c5,0,normal
770d419a7b0b4ae285d95fe4ffee165f09d9c8f88d264560a716295705743fa9,0,normal
784ed417348649b7b891f568fd13fafdd2a4804946b8471faa5e612fc7aa1b46,0,normal
b6b7d44649f842bdbde3cfaa15f2059f6ec8381e3f8d4844afd2bcaae0524669,0,normal
876f2665e42d4efab12cc079f817e69dbb43086bfa2c418b8b779ced3ff8aa94,0,normal
8b90234e46a54e75a7ada4d7f161eb22a71f5cae0d6147ecbf95ad8d286b96be,0,normal
a19ada0b0ae242dfae42cc3e5baeaed0b6112aca60a64f6ba4dde8cd64aa50d2,0,normal
bb1d537b0f0541bba4d77d8e1653fbc738b80ad2073c44b4aaf902d0fa44846f,0,normal
c240778ea10c487e82f7d66b74c8e8953ede457945cb4e26860eea6332080a56,0,normal
e65f3b980fdf46ba9ea7a7d0fda496b16b2d8f9388cf4c41b6d973475e5dfb3c,0,normal
084be8a82fd64c20a93162078404f0123dba1f5119b746f1a70be4cd60526d5b,0,normal
b222774099f44a34af5f922ed68e5dc98bf1455df6fb4736b034bd3bb8ce7742,0,normal
ea9b937f41864c5fa5541595f5f8775c8440b48fb7c549c9a0ea041b1d9f6ff2,0,normal
6160d1bd5f794851a470b391d948407747e6a35be15e46768d5babd135977e7b,0,normal
d664ab1605984ab9bc7e2c29cedc48157d3c6866d52e470a8912915bc17417ca,0,normal
3fa7c9d71c63412583f127bc9a05d9e22e702ea084e04db5ac2adeb2981bae5d,0,normal
875c4940445149059c2b885eb8acea03e90e2a1e3f074efb8521bec043546849,0,normal
4a9c789ea27049e09280b940a0ebda13a91cf9ad734a469685f81c7b1d1292e2,0,normal
8db5bc6de4fa4736929450f8917056237b48082f6afd4b40bdf8aa71eb35d368,0,normal
16e7edc98e684c2cb5d5e4b13f477d0e0770669272894d91a5ccd4d7ce4c54b0,0,normal
af1825ae5b564ff4b0eeca7b75b5903a8abfb2db1a034a029ce88e26b6d616f1,0,normal
4c62759c6ab1441fb34d355ea3056abed1d179c8dcc54214a3770c70688f06ce,0,normal
fdcf40c5a8a241229c9f695d0b75eb3cff48728ad4384cada46790e9ad4278ef,0,normal
491cd2ce4560459895578503f12c932e7a462b9ae947402384c058b5e50d89fd,0,normal
24b6605c1c0543b7b5d5ada73b55df6de44064f55bfe4464a4d3ce95aa7f1382,0,normal
c35ad4e24dc74eaf8999e564d66a13aa3195b7312cb74976997e03bdbddda785,0,normal
71841580985846e18170b3cba6185e90c0f19c126a5d418c99061f8fae781e15,0,normal
025efabbe2174368b171703283a6b94e89a10ec435764367bc90656f886ea394,0,normal
7bfa0b6da4ed4bc5b7cad53f4198d7c145d11cda022144f8967af9bbc3a41c9e,0,normal
afe4a8ab61fa46efbb22ba873195307a81df9c356aca4feea74ed6cc7dcd1e7a,0,normal
cdf92635151941979273416ef097cecc033997cd8f8b497291810a9ec9ef2355,0,normal
95f5b0cdeb2d4fba999b26c6ec8cfb6120bbb1c99a5d469fae78643a64c4c064,0,normal
bb1971c3e26c44f6a1e30bc3d2675bd6fc9aae17d2fd4343b1cad3cce9b55f74,0,normal
fe2bf1a24e3541f1a1c4809f469e53ff48bf1f8d710645a4bd2626f6e974ca43,0,normal
a4a8c9ed34a6467487e56c969cde9af5f7ebde73ede54e658a333f75b98d689e,0,normal
b74bfd308507458e978f1606d3758c6b3e9f32b3a8f34e2a8c95a456a8307feb,0,normal
4bf60b3a1d96406bac066c3fe00cb979b65af60015db439d856c8044dacc33a0,0,normal
78967e1fef834d7a87ffe3075d33f6433a00176202db4550a9fe64b8e524d9bd,0,normal
ede831ed659d4a2a95604ef1301eb8879007a0531fb148c9a4bf2b9476c7a29f,0,normal
b672ca07034245b3901f5ef4e38922fb1c50a41812fa45979b6cc125d8a66b3f,0,normal
4109fdf7cf7544c18b219655bf31fb68e2db9b30ac41458bb2abdd8d0e2f2dad,0,normal
deb2d24c701d4a6c808a0b929bd659c7ea1dfcae3b0f4b7d8e020c9ad3b802d0,0,normal
9cda9c3b258545188f8d96f2e12af06df79b7dd2c9e5417eba1c3d8c598e3f73,0,normal
82583886b46d488ca37388c11b7c51c9d33998b402144f9e8ea48c17f6c26c3c,0,normal
bf489203af84466ebc67cc5955562c01b31d9bd403a3405c9b62292e98eef6f8,0,normal
716ab845f58f4643b8e3222b7c3337a08133a4d77c8540f9802606a7f866727d,0,normal
526aa3766cc84d1bb9d491520f465914030a5b998fb445ef840b1e272964b951,0,normal
e1bdf32d19664538a19b7d0bc4938db0e92a2719b2774661b74911cd50877c9e,0,normal
656b35037d7e457abd512e6570d72da19307624e3bb0413598945b34985a65bd,0,normal
b629245edb3240b4829e1f52a45cd0c0cb7bc228866943668929cd8af4e5e27e,0,normal
bb7d22ef91be48dabfc363d8c3a35f839b3f56ea93084bc58c0018e4c60f03d1,0,normal
57590bcadea74efc89b4cf6e09254db97288c49828384a07b52c09288ccff747,0,normal
6d6202f5f491419786e62954da97fdc25f36d27917584ea1b833aac9c0442759,0,normal
36d4ce2edf27400991109f64ba116318bbf0ca22099b46f88a24eb5d22592a94,0,normal
dfe8214081324d18b77ee319de8e281e0d5503693a6245d3bc32557d2d002555,0,normal
48dec5a874e44b91988e9330e0096078387022b668194c39874cf01264699365,0,normal
e8d810b52cde457ca179d78d917f2692bc2dba4d1f5f433cabc4d4f22cc01db3,0,normal
e19b8fccf6a0458b9b88fa010a30f6a9c6fbab3deeef49c18808e61c23c2c27c,0,normal
0db149312f944cad88a79f0f8fbb3acec95aeef79d1048e782c838a8364e5033,0,normal
4c98d35b13c441baa03825a2eb3f26d305506121affc43f29cc27d1875c61ece,0,normal
2012d56c9add4d3db7cbde6d1ed184d250efdfc7857b499fa3df65ab259518e4,0,normal
ba446cc0522d4bb29ed3ef69d482c8195809c18ea0c441b2893d3a95de0d855f,0,normal
1ecfd7d2ddc148d880bb32c41baad1cc93e12ffbe22b40018aa078d97af04cd0,0,normal
c093ae47666c4e899d7e033a1ef6b41ff7e6305a64894e9ea6a8fce01c2f7215,0,normal
e2122d9b6bd348bb9f6c403f95aecdcc9031a6b3372140f6a394a90583df6f1b,0,normal
dffe1e3ab96f4acf91bbae066f2fbe4a489955f8485443b3babf64b0e66263bd,0,normal
fcf637aa6c5a4de78f318018c48f768843ce4fc248a44df2938941731087f29b,0,normal
4bebc7b15549474cb32fbd18337695329b068a628fae47bdb1ad8d36b1c4964e,0,normal
abe9b703f9a547728064a6b2afdcc12ea57e4917ce2c40b5b870b3e7282d3ec1,0,normal
b763a402dbb44cf8b5ec50bc61badefeebfac067e6df4d09a94b168ba75fbe1c,0,normal
70fb53f859fd42c78bd79d255ec8bfdd82007ca9878345348ed2c788c252f67e,0,normal
4b3709d8964a488eac17b5fbb7bd496672cee1dcbc99426b91b4c0b35e31e2a2,0,normal
51f7c43ebd3242c2891b7481d2ee1244714e165252a74bb6acbcd6f352204d93,0,normal
ff1368c3a86d470aaf3ca14d022751231a143b87f1a04315a2e94bffd0aa1ee8,0,normal
ca054df381e84b8186c7b364ad713c2be309a44504574600b8221e63eef1db6e,0,normal
d610bbfe6ee745a6a08fc537fd69820156b301e7a0284c62a2799ef53738bf66,0,normal
7d25c6d4241f4a66a79cfbe5113ceb7c1f71cc8e8a494f7cada3776d1998237e,0,normal
aa31ad26fd1d4e2b9206eea859e562248ff7ddcf4f0c4d48b223c0e941ddc64d,0,normal
25bb3dd87100403d82cd2ef2d299a336c7f1a9721c2241f380bf222af9f28b3a,0,normal
a84f7b04bf0a4c368a433a7f073a3ad806162c6461a7478b857584d96b79472d,0,normal
08c981f4b1204bdb987799163d9576c78e5999972acb48ffa9dcf6cb9fbd3f02,0,normal
606bd46e1dd9493b8496d9567459d52955cd69e38ea443df8d3c94eb986c51c3,0,normal
c3ffef82836740b29bc3c0c9ca18127ca45513dee97646dcb771975e1a8c7adb,0,normal
58ef6ef5415d40ac93f9a36f3589f969c314bb92c9de406d9969b0396206d32c,0,normal
775ce04bda3f42f084a89ea4d53974222b658510640744d4850e5133e2b8fba0,0,normal
51784184ee814588aca6dc314d84b460a2c7f96a7c914797af36d16e10aee866,0,normal
6bb7014db63c42799e3ba096af983d4c8dc80fbf5264402595abb91a08b292d2,0,normal
b72b780f80a3499098c09af2bd25ffd147cb51498f9f423c9529d272c36979bd,0,normal
40450322c0934dc3b655678232e9d7edd83ee22b20374bb6a56205274afb620a,0,normal
5cfdd1001002451c9aa864f7054b9c9083979edd90124bf3bb81b9c47bc1b35e,0,normal
d6d508afd9164aa9b72771f4c4436e78fc9baff3aa4247859bf452d3b313ce2f,0,normal
16d1748fb2604536912eee93aed46f8f3f7f21ebb2e0409b8a823bbb66d9ecdb,0,normal
5e5270b5366f4e9b904a7bbcaa42b06f640a158b377141fdaa1afc516234ab51,0,normal
7be097fa38a44b91ba3791f661efe9f236a90a8fa9c048529133928feea75854,0,normal
9ae371e900f2459aa7d9ae75af181dc263097431f96d4dff9062ce5ad03c9c0c,0,normal
9cc1a61c75fb40dd820efbc12d6993dbb76954c7726444639e0379b5967987c7,0,normal
2ba7eef889424931864236bd49d5f99e66deb24335ac4657a6bfe9d2f221b971,0,normal
60d1788ddbf34a7ca1172a411a5da074b825a232f10240fbbeddb818454901d5,0,normal
62856bd640354f71834a361a3c293e7337199700cbd543169566d0375487a1f8,0,normal
8465886ef39142b08388aca765965ddd852f25f4484e44b68ffd0fdea0d3b508,0,normal
662057dca79a48299de520a06a365bd5a65d1e95867740bbad021165952a8423,0,normal
a36a67ae1eb04469839f5775e498cb76b480b04ac43c41e894d3a6ad9b8a75cd,0,normal
2d02eabbf71f4c65bf2b1e4c7b5635b85ffd2599c81844efa9f222d8023c444f,0,normal
180d948740f142a5bf1e361b54880aabae6e7879caf041c4adeaba007c5f211a,0,normal
b613fe06151d4c9393daf8a96fc3d3b00350a75014ff4406aa98e183847f6b11,0,normal
300cecae6ae1441294d3e2fc550887b181a63ecb97594e4dbaf156e3d666e914,0,normal
57f8fb0463aa4fde9179793acbbdfd619f223ec17adc4a32aa247705790deabe,0,normal
28f4f48a4b4c4e98a4840cd364538860da600c3e19a349228edd86fecb28aeb5,0,normal
b959161ed3854475a425c0d5dd020d6013b32fd7ccf44ccca16f4e945bcb11f4,0,normal
a97429d59ecc4f86bb46fc873e23cf1da1e44deec2b04d449392bd1fafcee337,0,normal
c9d1ccb56f1d43c39e8e9ab7194c9891afb7434dc45c4cc4b7e54ecb886a90d9,0,normal
80b4ec476a814dbc87aef8ab63ac4719e24b51c5426b4bd9866bea0a14656314,0,normal
acddf79980cd4367b6e478b1aa0b0b1ae4dafe457ae947c1b46682c2f42b24c0,0,normal
8ddbf4824ba64cf5af245a13ca76db99da9b83bf604d4b319b1dc024f895795b,0,normal
7b87d959beb54cf3b8811dc7877d072d02d53ccc23494f4482521630ff0f3a4d,0,normal
8581c95648f34aa5b1604da013d26affc9978fbd18f1477c8b30a9ced37fb0e4,0,normal
5401dde973834ea9971ddcccee0575bcf0a6f9980ce94ff5a16ae0b78369e51b,0,normal
4ff8e931df1b4385824469decbc830de9d73dadb92584938aa1751d3d468c795,0,normal
e725ed5faf494392b8265ffed2a2ec64c419f444a5b7423598d445fe7ca85992,0,normal
a4155fee6fb44064bb7ba01a422b51c948c8031b125e43f99798e4e7ea91cd9f,0,normal
b0c7a921d418435c982d2e465916da26c5862878a8f345a39508d6a564ef31c9,0,normal
0778eafbe226454da9409288c497244613ab8b11554e4b5caa7750caca0e241c,0,normal
5fc9aadeafc34443ab2ae988a109bd091dc28e9550d7468d8c6fdc557a22e994,0,normal
9a0834c261fb43fbac9705aecdd8685a443deb22fe3c4356be907c65cc52c183,0,normal
970ec52d581247a38f0b134f113e0ec7538dc0bacc1b46eb9759676402cb787e,0,normal
27d01bbd8f8342e5a80509aa099a0da36e598cb08c73478ead9dd17fc31f25bf,0,normal
050332c3a36e4bddb84176b1a54db3dad379c96d3b0d4cdf9a08536cf92685d2,0,normal
ae9b6d6607f04c268f215c0fa4834080bc83fc85b0ac48bc85a7c37eff305c31,0,normal
4e8b423f1a234afba1e1d4c0bd86703a0bdbd7045663411d84f6f48015f296ae,0,normal
292b76697c5347fd9799cd113a3a13b94e80751475d1407b8225603355cf9719,0,normal
3719131621474960a81d313a5d8c8195e2464d347f9c4b21b2f3bedf0ac7f90a,0,normal
a3e6d46f82c9463f9e6f9c811696503b27a9c7d8cfc440229b4f1f8e9a50c8b5,0,normal
268ccbf493b84a8caad953172195a0d8561c85e7c4864b5983e3c1ead1b6dfee,0,normal
9d4188a705d943aeb6e8d6c738854f28d392a00928b14a7a8db0ad598b9c67f8,0,normal
395df55550cf4ce29761ffc1bee973721629b68004324fa8b9009991d45a768c,0,normal
b56a6a87c8bb477e939d39c7ba1e7c34339651c751dc418db51162234f3c7bea,0,normal
70bd654c56e54179b21d52069d63db378fd0ef376bda4ad28a27e36fad5ce196,0,normal
629b975df388468bbabaf21e44dd474f2cac3fe267b54020bbb46feae9b13d74,0,normal
746bbabefcd7467196a3f3cee2c1b99a682b8f9856d44ff983ba70c9b67e3b66,0,normal
b9fcaec194b848f3a24ecebb97655cd241bc81e1918646719c5fab9bf50969e0,0,normal
38bcd796cb2b4d65bcc82a94c10ad9be4c3ba3266239461aad9cebb37b2257b0,0,normal
55404382dc92477e9151995dbada6e229b15287b37d4451c9519cd9fdaab2b93,0,normal
9a0efc7b6633497387d0e1d6162101908c31cb757c4241b4ba7f77cc097abae3,0,normal
09b33cf88ab54837bf2de69f24913e9811e79654520d4b3aadf68e2c5cfa4d17,0,normal
1929c803c6904896bb980cbc5cf9f1898f8c598b39c349bbb615b0dd8e0c3535,0,normal
8ec3fea6351243b593f5721580a8baa1e9f9d7af99044d44b8f7372686ecdabf,0,normal
554059483e2845eab80608485d24bd731c1fcd55466749a994d66a89107c545f,0,normal
8ddab46e23a64b249712ce3fe32098e7104a8eae999f4f3e983b160da62fb4b3,0,normal
483d1dd1d02743af8598ed877ce991bd53172d3f5a93453d98c60aeaff585f14,0,normal
3dcd4b3cfd7f465999c61b636ee68d7aad111c6b89374021831d79b72c310697,0,normal
ef8e5b3ed6c945f4b10af4ac77a1b737aeafbffb781f44e481b8b4866df9e324,0,normal
33ad1eaa89e141038f9fd8f167e34f7d3f18521cbfaf44ad84af6f75ee936792,0,normal
eca9cb48ab5240bab1db9d5f292af424d2ed21a68271487aac968b00f4ec002e,0,normal
47656aa94a7a407c998fbaeaa199231659acc1d983a94cf09f33594982d70454,0,normal
6b94ddd16f344ff1a7014c93db394d95cb0160594811475aa35d03c62238447f,0,normal
b32b932bf5584c1f840845e93c9a04595012f7f665e24e6fa32035efa7fbc310,0,normal
95ac5b194a6e4e6fbf0eb351bbf986825d97f60f1ebc4d51a02b3144cda89da7,0,normal
6c9ca555955e428287d7d4aec5d07f7cffa8fb37d16c4191b36c3a0f57345ff1,0,normal
6cdd073251d24a4c88328df56a710f8d4d5507c93d7344299b3060c7928f4bad,0,normal
54ba2aa1adf845709673226b3fe7e6b4b357559c767a4e1b8cc4a7041d01d3c8,0,normal
eb3f874684564bbdb7a456842fbc4af0ef7ad3e8cc4a48d3a91de2d571098208,0,normal
15b94a0a83e34a6e90b725ae820306d7d951c01fc5fd4a56ac2bd1f864fb99ac,0,normal
2b1ee3c7bd6643809fb7c78e93125ade24f8fb177f3b4cbda71b9b58c322e67b,0,normal
fc24d6077fbc48e799075b0e728dc6df53c687e36ae14e50997085dcc40a0bf0,0,normal
85191c91b0ed4183bf1d21deda8fea6d35bd047a97494b079dc7036c6f5d48c2,0,normal
6c0a2ab5782947be8379c243a4dd92dc9b6c5077e0ca49adb68470f9adf32934,0,normal
cff2f3d2711c44eebc838dc075afb677a6641700d31c452d8cd87997f1835c4e,0,normal
556e4035ebba4303934b1b8141b119d9158c8dd54b284a34b342fcc114099b6e,0,normal
1c8515c13e2542d3ae7feb2f2ab2668a8a7f9eba163d49149fd82fcbab1d9122,0,normal
27a1cb6d60e344068e2ced80ffc8d1fd8183ce6195ef49e09bfef1ada8b80bd2,0,normal
487d5a1671794b49aedfd346ccc47a4836f2b74034e14bcfaef09f4fe6875c1b,0,normal
2f50ad83419c48f68b8237ef9e3c80142891e7bf9a2e41d4aae16311f32c9dcb,0,normal
8098fa17fd5a4679b021abb3a8053081756bb447895a44b8a3f0d84be9526b25,0,normal
1a4cb979662f430ea3100f06288ab5b662f04352a7e947aa9dfb81cb1f001569,0,normal
d49303c71c1840449ff8a8c63b58519f90da6220330c4feca3fb3a11ca5466b8,0,normal
8eb2357e729d4a58a4f76930cd204f41581afb55470f47028a246d7f79bf9f69,0,normal
5369fdf507594b2ca05f72cde5cc2cd2a7fdf2aed3bc40c281dd36ed98adc303,0,normal
40555791626944e1865ccc6f7b0b10627682e984e1fe4937b7d318ace6716257,0,normal
e5fdcf08ac574577a068a483fbd8a9691c4d2e1791014e37b0b4fd492385bf09,0,normal
1889f07ec29743d983da3400f444205b745169f55d9f4457a4c9538310e1bc35,0,normal
72cc1b823f0f4f52afb2d0d8d00823ab07185d07d9b44acd96a5057add86a791,0,normal
8b5c7f7d918847abba81b6a501b9ab6d933bcdc4f5d24df0bbe7f8a95cb1e9a8,0,normal
b65c3bfcb95445648e28ced92d21bd1c5e407cede55548df94f9a9c661933e9c,0,normal
fde620e22e174a408395445fc84f6eaa0477e5df0b7f48979b60247f3e5720c1,0,normal
bee2d0e459c44c2cad4c35b444c0fdf49c12fb0361074cdead9f00f66c4be1c6,0,normal
03c8f7336f9049e9b1e152a05647c8bad38a12d0e4694e21aa537c45ba80d80b,0,normal
5d61b08617bb4d61914e61398a5d9fa6e3e0af35e923451da06d29f93d527530,0,normal
c081e1bedb2249c2bfd3b5d991e6bf415c46c048b0684932b574027f1106d063,0,normal
77d687b4d48e4a0c9c1a8f26d37d65a744955cbbe7364bbc8b7c77b740a8f5a8,0,normal
7baab9290ee44f87a7ad2fdc183d3ac8f6c7daeef1e64439b597f454ba545d2e,0,normal
dbd5b0299d974c43bbc690b0550c1ba6dcb62da9811e48d9a833648e4a583521,0,normal
57e9172070894da1b9b7126778483c119dd95e672d7e4d4284d054ac9bca03b5,0,normal
9080ce649de14b5b8212cf42bf0abc96ff492e5efec14f74a6f4a0ca426ed5d3,0,normal
5795dd38c43c486fa76701ece303458a2b84f87888b74254af4055939d569064,0,normal
9b48e954f5b846a8a18b8ac76de90193af1b6739f4c3480980009c8f447f1ae1,0,normal
9df8ff067df14a5bab79daf30d01ca9bfe65c02d8fd8487a92cfc7b5dc23eeb9,0,normal
4efdc22240a64691b4a7c2db5b1d718a33ccc80a22b24d7b924e4279973665e5,0,normal
de98ad5c7887449cabdc11e481733fe1dd47713a4f104f41806b0ec4e3cfafe2,0,normal
b5209ea06aad409cae7442f73f4fa4da4627f9522d794358a04c5793ea1d9176,0,normal
1068bb24731445ddbe439163a7a6db3d59d55f76bca54c49917731022218a72c,0,normal
e38ad6aa09c4402cb7960943aaa05aebcb1f553c6d1744dc9a9f443c88289167,0,normal
73f959fc42b946cf962ae34a371eb90d84f5eab271ce46c9bbe8ee9722caa1c8,0,normal
5b1892f6a5b14c95bd9851c01ee55a9eeb1c1ae639c2474b96e908d41f565461,0,normal
91bca2189ee24309b3d58d557c9e7db884d5ca827f274d39a5d135715f5d6297,0,normal
c6187a9beea1417eb23d9cdf0784e7b28224816cd93d4d5192933d74b872162b,0,normal
b2636585d1d34615a05297402588bcb8837c2a9258c84ad9ba9730e54dc6ddd2,0,normal
344058eb6eb24f04ade8217dfbe32a2f7f27894080284be59c374eb481079788,0,normal
3f0b9c71124241bfacb829fe2db54a94d16f256b5dd54729ba53ea864dca84c8,0,normal
2bf1f7111eda4015977f1e38717a0489228dbb88ede54ae388e8ac1b4a60945f,0,normal
dbaa993a56124aa48cffff9bc2f779daf7e4d45664904281b209e2b4d9342933,0,normal
78923891f62a4d1dbb37e073223f52d74d5ea855f0024b9688c9fa64ac937277,0,normal
3ad05ea7a50f4d22b97597814025c043a2237d4aafd649a595eb6e957d96dde3,0,normal
4080e4c4034c49018c16b6af4c143b32a2b85fbd7ae44977af14ae19234743f5,0,normal
b55ce5130bcd47f39647331984db3c4a83f05cecd75a4bc184664e7de484ed0b,0,normal
cbf179ea056940ea9615920c5b40044d317ca5e08c4b467c88a6612784f8bd5e,0,normal
1942088565d143c19fccb588f4c42dedcb0aa919b0154fef915eb16863162550,0,normal
a0f87846b21c4aac98e8bb6e368ad0483cb2fc343ff540de9968600ff358f6ae,0,normal
8254094e767847ad8975d8df7151d45b5901e2234a3f4410aee4f74d1610efc7,0,normal
d3ab3a896698494f9f9c560de57dd86b48669b69f85949f2bdcc3a8f345c6d4d,0,normal
a086579cb01846e88523db1db61d5c24bed14409c0db4b50aa11d0a47051a743,0,normal
aa4e1c037af34a6eb9af3a5cef288ca312c9277af75f4dedabd3df4d6fa7238b,0,normal
02dc2b4f71a14440857555f9e84e29ba5c48cefe08f54e03ae3d894bdf6bc482,0,normal
7605dfd0e27441b0a2178373587a11ea32d62bfb2edf48c3b018fab06cf74087,0,normal
5fdc2624d169432794f8121c14579cd1ec87eecdd19e4767aaa86b5901ad32a6,0,normal
48349bcf80c347fc96df135a795fe4aea0d15cadad3c4a818bd858fc7e076f63,0,normal
a6cdd92ac4f143f1aa2d9f02f2fd4c55d159323322b941668f9e62545961e60e,0,normal
4d704035e90142c585dfd019f5fe3e9a30caafe85d2b47809694880921b0b87e,0,normal
f54c0b315d1149d4b9200572a7e885531d8642eb057b468db915aa40d1667af1,0,normal
1649ce50bb8544de94274b418150b56d53f75376dfc14ba582aa2611d016e40d,0,normal
245bd9e0b9684bceaab20d6eab68f7860336a2793862464d9da709f7029d7462,0,normal
eda78e57ce0746f3a810a1e79674aaf22db6a5164691482aaa1bf1eb662aa3a8,0,normal
99e3fc6734d34d149cd557ba0ee2027add64176de8c34d929aa759863e25ba0a,0,normal
0c95adfc231a4a5b9ca7897d769e35b5a55ad20f508f48dc914b4e749e2d82c2,0,normal
50424f20af9741ed87950322565802978297661de7194ba1901312842ee506cd,0,normal
cfb9ac25d8a9421ab95a7ce873e9e0bed665d1d4c6ee463189d1ace3dd580ec1,0,normal
43b917b00d7b44d892ddeca519051710968e620fbd1c456386db3bb66101d53d,0,normal
39b9252b7e41453387b481cdbed765a76e5b82f0c4b943a5945f78e8db639ee6,0,normal
5fe209c38b7543e396c9821ddeb91105bb938af02e0c4fc7b9e1543e1a540b0f,0,normal
50c646225d6f49a499e27d099c6a3179c84a8f4bf7564dcaa92d90b7ec2d177a,0,normal
56d15c45be5640edb8ad5219020cdd59482691f144c04296bceae37d8e3a9192,0,normal
4c1e79f67655426db63e6c99861b21ecd1ba4ea523f94052b201f557b078788d,0,normal
01776e7874944e47869f5debe8f99d264c0a692381b3421b82aa87564813c38b,0,normal
78fdf4113a0742d8b50adf47ab2332941c0a7250fd0d498e866dba5d408d7977,0,normal
271d1f1d09bc495fbc8357f9a864925fccec7bb85ac34374977543ec714b538c,0,normal
6cb57334e5324310a3df485db64a1e739af052eb355749baa613e7ec7497a4be,0,normal
01006a4d20d0426b97821931bfa2fd05dcf4606aea3e4452a37c8cfb3fd45a58,0,normal
fe2aa642b1c3423e9fa94be0633fa790110933f3eb784ad287e6f97e2dd91855,0,normal
43d227746a524818bf49137cfc3e2111579618a8cf074efea71394f2aaccf3a7,0,normal
aeec7a26471b4504bb5f46c35d70c7dd51a965fe9ceb4fa19f256c4f4360477b,0,normal
64627c3ae46f4a72ac768a16f23757ec1869470d854747d1819d28a42544257d,0,normal
649ddee3ae634338a5c2224bd864796479588ad0eb27400899771db225bd4119,0,normal
8dcab4d547574e8b913fb8265d643b03971081522e9140a3b49471f4f5f75157,0,normal
bc64f30cbee943d79d9123a5e6fa4e5fb8d8a261a26543289e6f0f8436cc7246,0,normal
2f9ec46b06e5411283c53978c0c8d79c6da6cab79e5f4fb9a36023413b7b83f9,0,normal
432d60bb72ef451593540e9d3969ee6507e446a7591845239876d91a5dd1b994,0,normal
c3a8d1584ec54c698852129ea74062729ab594da41954bea853fd7a0ade4e188,0,normal
a151f23afdd442c69e8d2459fbeaaa348c0a011035b64bcba93870b2e8cd6d3d,0,normal
3655cf4e57494e56a0fc85e187249e9211cc6519406e41b381ad964ddc21bc17,0,normal
15c43aec478a417ba4f78722511273cefa47c015bd714b1ebd29f481e3d5b170,0,normal
699abf7443434ac980b1b7675b4da3350fdbfa6e70af4425b6c44b7085c759d9,0,normal
17e39ed9452c4ad186f2fef40cc0047b01fff531e56d47c3a257fad220792412,0,normal
c9ef5370edae4433a12a079c0aa69b8d43048e9daeb742b98675865e12086e4d,0,normal
5b7ec6bdd27a4dfc8096f6e9c40db55a80cdb72417f54766bfc034c1f83767b3,0,normal
12a0ba542dbb4030841eb7bdfd50ebd63932495273134047b9bf88da69e0f28b,0,normal
82d39ee61dc34ebe8cb5773baf21d453c4dac89afe6648478b98015359984432,0,normal
5e2825bd79ca4f3880bdc2415add9a43f85cf2146e59428e91c754f22b23ff36,0,normal
902d728df87d4a98b5f0bfeca31b63c0d07036ac81a54abba79dc749744c1792,0,normal
3273f730dc95472c99c5f4ceab238b5cfb6b433f00424d34b22fcc88b54b3f88,0,normal
68f89ef534ff44d69817f78823c9488c05383245e50d47d39b689030f89e6647,0,normal
20a8e7795cb1432eab10b5b12836881ce684eb0fc22d4b66bd23f33ad47c68c6,0,normal
624c6eb499a04609a96c4fbfab56dd23c46d79f39ebd4002843610e0b517ab06,0,normal
4026b9a472a24e2d8226af2ba6b24a0d6120ca3e4a584552a8be2c79425ffa6b,0,normal
071907eb1583458985f1596ceb5d5d5baa1f1d0c89aa4f6d87fc280568853724,0,normal
3061eafd1c874a329717650cc3f0435e5c9d90589c3e4a3684ae29105193c944,0,normal
7a591fa1a1c34ca79527251daa23ac67e1dd59ba851044be90f5ce7b98f8ba17,0,normal
9617bd90027d4d348c527f6c3442eb66e7d85fb3e311438cba932eb510310d9b,0,normal
b20154f9597f4628b2e826a5f1b3f6a8d52a19f68f9e42da9471e50fb5afa90c,0,normal
6813d3b54bc44c07b9b58b135bb59242e3f0ab9d438e47bc87584045f28a4951,0,normal
42f2d87e8cf74baeb14f0f5013b2bfdec1408406735c49e492b3291c2b04583f,0,normal
9c4cda7e85c44afbba6f7a732b6ffa25275e09215d5146948621fe9a5f8238ca,0,normal
d77eb5bf5aa4420ab5e0ed1545df61e0ccf634f007284055ab5db7f1d21a2294,0,normal
f88df5a3a1534541ac6c35452dbe068274243732b8014aecb3917ab2cbbf2241,0,normal
9ae778da0b4d4204be8681a9d528263756f67cb019dd40b8b1410be6acf14e59,0,normal
9bf3f46988e5436aa4649cd9ea906f6bd0af1d26b8fe4615811f7a64f60a464e,0,normal
ca2420024b1b46bab380e2c61e595740f7f7d2d6b75d41b982d0ea26e9da644e,0,normal
b74337cd02dc44db9ba5f95bc5f02581089cc66f9958423fb531821f330a32a6,0,normal
6fa8469f043047a6ba919a17a58e96568305014448f7438fb6f9ea42c2da6c58,0,normal
503595832f074820b97149874d1997d919eb526f65ab4d9fba8956a012e956c9,0,normal
9d65e298432a47e3bf0e323c86918858956fa70c72e14326a58ae64623cded70,0,normal
3e1ac902da4f49aebf11c34cfd9cb0eabeb4883fa9384c728f95e7b61736ce5c,0,normal
8af49d72e69b4ef0886e8fc3c21b686e976de4718c4d4da89fa3a1dc3245d2a4,0,normal
3cd681352fec4ac3af4dca4c17f23ea040d7b89ca268441e83559a9ea78f41ae,0,normal
472f655d7746409b83f4b501400361723dfedf30c0de4f73b24c453f81667962,0,normal
91cc6c01371040759224e5b64a4cf8de64b370521a16458b8a12d84dd06dddf5,0,normal
e7aaa327d01b4ef78eb394a5064fdf707637124811174dec8e2a28ceb8e6ed37,0,normal
4ece49f635a14c289f58bf29714df632ec64a8bdcb86405db7e274a5a6526519,0,normal
569fa94e577c4999ab987abdd06fbfd00900832bae27419fa172eb2fba279617,0,normal
20b22bb74fd147cf9da5ab1159e543d82dc67d038a144a908fbdc8a2237cf35c,0,normal
42aedace1b9d48a198b2bd1ac65a77363204dffb90c44a9daee8493b8443625c,0,normal
94515059d30245d184e2d95f64dd0c7f63471700912f47c4b94591c6bfc84db6,0,normal
3fb753e30f3e44ac8152f847f962f84cb58a6ad5b41a43a7aa60538c73a74a0a,0,normal
da4281912d214f32922908c88fa07e472d3330d31af14d04a59b93d134ee7401,0,normal
72794469eed94a34a2588c3be04c75d038c22c23f4774065bbc126f2ba25bbc2,0,normal
b853729ed1c444409016adb0ece1e6bc6c62f368a3ac4b17a30356f011368afc,0,normal
429901ea1ed34d8a90fa741e0cea909fe10202fab0384f9b89c0bbad2feaacc4,0,normal
962ed249310f4665a903fe74274ad0725e18372374bd4c608118d4a1dcabecf5,0,normal
56de7788674242ee8b31c5c973fda6f9e6c46633658445a99f46440dca798ab8,0,normal
d8a04d1074304c6bbd64730aa57921b435bdfe003cf841a9a4b45c4bbfaa9f24,0,normal
e0251342bde14e77a37929a723fdaf783abd8022ce0d4c06b568d47fc4527551,0,normal
0555ff1b26124e43b292891573fe577d7bfe6756464f4e8a94470e54535727d5,0,normal
beaa1ad885d64be7b99ec09b1faae215c087a5357ddd45778c421b98f409a23d,0,normal
964f6ce54be8446491425ed3b78a2d5f0d6b291bb5994f8193e5f66c2a924442,0,normal
bca05b81034047f5be1790738c05aa0a3d018a9f77b14dc791a1b889019bfb7a,0,normal
fdc6d3a510b343adbb55b2c393419555536dc005b7734334bb27dd89ce5f33d9,0,normal
21767df8a7d94f3e80df96f160ea77ae16fbdfdbf6c94ce7b70411486681ecda,0,normal
b0ba13cc80384fafb481e168c9c23d4b57f4406672664e0785cc7e42f8ec69e6,0,normal
1888157716834b5d8fee46e9e0ab1a68938e379020b1463eada04a36594c49bd,0,normal
779b92d32c7f41eb95df0e69c75e61fca04a7f24b5ce4e179757561d5e8343f4,0,normal
60e9f0dcf40348efbd6fc6855728a918714bd4d5567e48c5bd696eb4338d8b74,0,normal
353e1bdccd6a4c09bda3a40befeb983e7baa5aece55f4676b23a1f8ab088ace5,0,normal
4c1b742700c04a37b08f95f64863327d7e6decc700224e48b2d973f51da6fb2c,0,normal
5ab3e24d54934252b01f0765bbd33089f75de9c64b1a40dc9d6888ae9f028c32,0,normal
07c1cad0a6dc468dbb210b24f5e8f66f7dda7a30ff9c45fe8451af1acd27058d,0,normal
2a08f09432bf492784392d63a9cf8264333c3ded48924f27b25c4c5a25a41dbf,0,normal
eaecefaceb1a4b8a841cb688fc944bf2fbab45e25b2648f893f554561c217075,0,normal
df17869b14474beda7455c876a68cc577670d4a0c7014b5cb31f3051f711655b,0,normal
b8232d84ea634c249bc64f9d0195090090f5b84f129d48eb8f7d157165e8101c,0,normal
6ab15ef9b97045519541bee5de6860242bee820659c74159a1b2e0c7edb96a3c,0,normal
a3ab010df3af40358862a3197336fb1a83187f87947a455e827911963b5df632,0,normal
cf3894ea026e450cbc7530f657133f68b487bfc0770248c9aec267f5fb589ba8,0,normal
3bab67e094f34a8ab437d35f4771ee0ad9aad4325a6c46bc969e530794eec249,0,normal
857c625636d046c08999253a3fac95a185964edcefe348a3b53fe3927693757f,0,normal
fd1e5f16b59944d1b73bab05fb86208318c7a93a004e41b09bf4dfee9fb6d0a7,0,normal
6b497e6af7a84a2e9a8bb85ffb17f6e7e74fee3266c34f16957d3343191643b6,0,normal
35fca9f38d994261923c51556383aa32ec479c89fb544bc99f9b2e447a882547,0,normal
8404304d959d4253b226d005c2af73dc2e691e2769c44366be25e2cfffef29d4,0,normal
41808fae81474f4c80049e080c45fc0b7f1f5940b87347dfa611ad886cc8408c,0,normal
93420db2384844b68ead932b2828c508d4484706529b49c39773cb4220e13d22,0,normal
4399f9e7fec44cf38b2c904cb25532bb5929bbbe51a846009f2f62ce8414c6f0,0,normal
794599fb14614fc398f8eccd65527117a5025345d29b4ea2827ee37335e99531,0,normal
aeed1ed893674137a76f022f4607342a66bb6453bc2343bda9e2b81cb242f105,0,normal
c052e7a8c73445b2ae102c34adaac761c81f55e7048448938dfd174e33049ae4,0,normal
78a7d6fb600b45e8a0b88c49b0a5bf01bac3dacce46c4b9bb615c07e9fc384a8,0,normal
f2e2ab81ffb7493cb3b19a93c68c51a01350743e600b4940b864f1faa5f951f4,0,normal
4c736a1ce9d545f395a428189e867d76b35cf88b4a324075b8a383ff3659266a,0,normal
7587e5fdc26a498fb2192e45f46784868e775755e4ff4593baf14cd73def15e7,0,normal
30847ae8032a4c389ed6bf272f8d884e9c2af0ff35274bfdb6023855da4e0091,0,normal
f11afbcde52a4b5eaeb3676a20540af9dfe086827bc7455eba0d87879a45f9a5,0,normal
1d17828ac6154f739feabb11058550065ee3cec1bdce44948953890222f066c9,0,normal
f2542699448b4f3a81f8c269cbd46ab332fdd0a11fd2494ab80ac007d54d034d,0,normal
777fca2631214492bdcfdd69d54466112e8b68cf671243aa92624a3a7004d847,0,normal
baf7555f292e43ac9e918e60a3bbe2aa48bc2947eb064df08feb50898530784b,0,normal
25493dd0b4ff490cb10844619e9fb74809b2b7f9df35414cb51548d4de83df6d,0,normal
43a2be07b3254ec0bbe6a74f09acccae235db670528645ecabef458baba45c95,0,normal
944fdf296b834ec7b5638668a619f4a9f87a70a2600c4d38865d09f0a16f25df,0,normal
3ef52318749a49bf8a92f3a00d80ce83277e59f6397645d0966398c5029ef533,0,normal
41c939b3ae8b42c7aaeb4b6b284825a7e8d27f85e5114eef9584b11ca51bfc74,0,normal
039714da364f4528a972f447faaa3a4c7bacd5eecd1f48108399ad57d8a99847,0,normal
95a430d68d9148d99055d93cbaf3f33b0be82ad15da04c84bcc1207eab7f00df,0,normal
bde6d6a5ddfe4885b09a19959b67373bc444b42d8d324711a5a597621b92f059,0,normal
6a418790bd114f6981983bfe5901458c9b964a6b8c524aef9d67670444456a8e,0,normal
45c7e485d5e8438291eab9da3c461cd2b6b247c24be74cc68b0dde3d49c1d91a,0,normal
8bea10620686490da76c7a01985f028d4ea7e31b9d50438c81ab13c81044c623,0,normal
8d57be745e5747fc8d7508c91f5b698f1f74a78de5e642028d03deb14db25d56,0,normal
5a6eb3f2b6cb4abf8676e21c9fe52c5a823821e90f854964bd644c48758f4064,0,normal
0f356cabe1f6410e82805a71738c6c24fa0a25522e3c40429a3a5a7d5e0556ae,0,normal
a9e38b074701435b8335fa2c14505ec9e1c9e3d14edc43c3940d2cbd039aab97,0,normal
b4724e208ba14500ab5eecb8136c89788748e7c380444b809441c6d2e286c121,0,normal
6c5bab11f45e47eeb8c9be98903646dd606e8cdfca9242c8b104cb8d364a037a,0,normal
dce12dfb570c439198a620c5369ee08ba60d3724fa304c77917b3ea45029c84c,0,normal
8071b15c1d5d4d86a5c3c7cf387aaead431688852e064dd99a565fef328230e7,0,normal
73bb2f3c7a63448e80938b09add431141590e15cfeb742a19d99402c4e5379fb,0,normal
3c8df08356d34f7aaca2a5ff2f8c297e273a58066765487f9696abfbd35492cb,0,normal
1e6daa5f6e144ba6af1182d5d08c1daf8d5409afe5814ca78b786034418cffe4,0,normal
9437915b96324926bbbed0b1b7d77f8659d3895927b94812a3c7aebf3f146164,0,normal
18902a65cfe541e0936d867a293e16fc458db0b4561145288b48a78208081eac,0,normal
047b43d65e63424fbfef2c71e7512d849cc4a55685ef4381bc38ebf3e385df7d,0,normal
4aa09bdef47f4aa68ca81612de3182c3f40e9270b18646c38f5ee95bb855fc56,0,normal
c2e9441b12e24f3baf148963fd17e1198ba73d576b9b4cbc889147e68227583a,0,normal
bd19983b90ee43ca831f1dba993d7561cbeba184d183431eaf83662b1e452713,0,normal
0d19aae0b7494c5fb43ff4759e63e6c546435487525b47c9a35aaf5293d1234f,0,normal
2042ee46a51b450c84d5cd0d93d75c2facb847ed5c3141dda3f498535aab4661,0,normal
27888938ccbe42b489ab098e3c0e0a2cec6a28b6256946b291daaa6a24dd6af3,0,normal
4317673edcf94ae780f17887793e95df479057c9036543aba266391a316cddb9,0,normal
8d04f83a5e914fb6872cea5e59faac7483a16e762570455b9113c64b33d5c8cd,0,normal
0038baf9daf04c15b120a83cd0ca5836860082203bd54576aa16ef7d7ca6fd87,0,normal
c0c23222ecdb43a9be1da3afe9012cb4221e6eb357a249e1b100231aa4baaaf1,0,normal
5cc5d6b05b8c47f996b7b28696d45e125a3c8320ef6e4c219b47919715051efe,0,normal
ea49b4266d824dee9d18f783316fad494b88f6b55557419d8f47a379dc4ab5f5,0,normal
3c97af136a6b4d0c851988c8101b343465482bd0321e4d8cb5a7f6d3e328f05a,0,normal
7c0badfc28524518a941fc83cb6ab63340177d80293a4600a34c57dcc52453e1,0,normal
4858066b1f104e86a6efc5df11bfeff9b924626a4b5344709c97052a9f3de7f3,0,normal
943cca3bdd694da0befbec5aadbc989dae6548244c8d424e93aca7fb59ca1780,0,normal
e127cae6584343f9b31800a28bb1fba63666e684be30415c99051ed4174c069a,0,normal
4546803b0750448e8942bab6db16fe4dc4e6d2af460d4957be777199c73ef591,0,normal
8860180ab4114026ab034fe24ca3448087e6c1750bbd4502bcbf2e56097641c3,0,normal
83ab0875e9dd4da38802b1aebc508efefe2ee4802241460d96b3076d2b536829,0,normal
5488b2ca89e34a22ac36bbafad2d4e623eff898b2f234ef38700f9434f117b64,0,normal
c26fdf062e7f455eacddb4571d890936c163e3c484684d6199a29de9664b9bee,0,normal
2257fbf8322049e58d4beb0a4a4dcc94960da6625075444cbf2bdabcfa867dc9,0,normal
d93be7055b424d20bd37ee83188b66de3a56ed6b20ba4459beae98f69898b414,0,normal
6bf1562794aa439d8c23927767070897a8d6b8281be542c68d7f5219d0679e10,0,normal
1d7b62a9d8084d8abc259cb6c2ce900dc7b55140d1414e08a8041a4bd74c1afa,0,normal
042701ff64434ffda7ea270766b6d2489ee915cfeb6f48258f1b17ee3d6f8686,0,normal
72ee56e4f56f477687b00d60573dc9f374e2b80ece3e4f178f26d3fed88ec54f,0,normal
3380a892d40f4c019dff30a8970bc2f1fd942dff3f1444d292a1ea214af5a110,0,normal
982f5ebbebcf42bdb3d773e8635d2ab3f4293885468142119dcda5ebe222a902,0,normal
2e2c835247164b8aae3f9edb320e7c18645ca4c3034d4527b5ce904aef4e7f69,0,normal
57bd108eb16b41bfa9ae19fbac895597d1d190b2dac641f1a9f54ff75343aa70,0,normal
d46e6dfec8b4446689ed638db7792b9737fb2b3177f8491d96747cdd90395cea,0,normal
054483a0153845108e2fd33fbaffa0ea46fd96d6b53d459d9cd44a8daa9e5a2a,0,normal
fe915dbfbf704bb688a1ecfa3eae4082aec61d4496fc4d219be5cda0e8fa68de,0,normal
bcf21251fa254a29aac87eb6ef2d58d73bfb9294fd014efcadc07c68ca5cb488,0,normal
379aa55fb4b4470f91d28d94f9909225914aa64ce6a84beea58a06d79aeb5a54,0,normal
f6332c21b2fc48e6a89dbfc514792949618f295eb43c44ae990751397bad4ac0,0,normal
172fcf99a66f4d97853738bab77ab32ab3578654437e49aba30df217e88fb645,0,normal
44e9557e037e4dfb861ddd059dfd0e94297aac49ed944eb8b1bd68607419e329,0,normal
7600e2da58e649a19db4380a69ffba8300ad1423ecf149958af263c43205f3d0,0,normal
6efc257af6564eb78f4e804fd0cd702508030fef46604c17b782a41cf4b35dca,0,normal
e46e590f29e34a6cb0041dd381ee74e0175c2a9fa2ba437a9ecaf04004c74e56,0,normal
728ec82c7fdf41098460126ce2867023fd6e5013315346328439f1d1536cc7f7,0,normal
2ee531b823fa467dbf7896876a715079703ec0efabf9403a9c14dd69ed404df2,0,normal
d1d7065c5dff4f16af7c3baef177318f427eff48dc09442097bfc0ffe3413807,0,normal
ceffc19601ca420fbe7111737a8d24b706bbd2ff9b0d434a98f8e5a9dafe84c3,0,normal
97cd1b4ea755429b8d67873d61d73e7f5823042c67d442b3a152c3f254bc4db0,0,normal
0138c59b19b1492996e585e6197c231862ae8dd90ff44c50abb49d8858c774ad,0,normal
55676ff37d8145d1b36a2e3d76297e81b67ac052b37c45259fe610d9b2048377,0,normal
db5361f6909b46659f7946db0277b40924e9642e45954223905ede0a1f3c0610,0,normal
3a03bbfd16a34efa8e1490beb905968fd5f57bec790b434ca5265b0a1eb674d4,0,normal
07f12ab1326b4aad9b66fd1ef8e6a6f35a455da5ecba418b95e4b99c6ef923e2,0,normal
65405517c7de4282b1e8d1b627e861fd2260e3a5827e4b2b90619c6429c9a979,0,normal
f7241549e44b49d8bdc2f862d1df8dd64d38a48f13b743b489db72d685a4ffad,0,normal
682ed785254d442fb045f36aaf934cc1ce163461c2204f979a895defba222388,0,normal
e086bb98ac094b7e9e38921a7e764c5c9e29784ef6df456e9044410565040029,0,normal
fc48230f61114850b9e1a8deeda2d1bcae0f7c68a1e5451a97fd7b99e9c5641d,0,normal
184ab47ec2ae4e51b66530fa7d0dd0a20d0d7eaa1b304cca86e7672b32bb3d45,0,normal
04739fff826848dbb21c4eb2f917363605e96d1e8ff14b28b74ac22f890fbbee,0,normal
e716ce170fd44e96b0fb93bc1331b28e92daa78c1a6d478a8511ee01ff8a94e5,0,normal
19bfa5f73bf94420b5993bc014b27a48221d2909b92341a38a3fe7c08ce4b81f,0,normal
0559bd0b2c0c447bbaacaa426639e27c0a5d104d5fb34e3b89680d934d196404,0,normal
e77cdc35af274b7eb0369f93d2e9017fa0a12dfdebd3412e96909597069b5330,0,normal
b139a9f76dba4e06ac539c2144bfd4fc98861f2256a8488a95c120a1b26cc68c,0,normal
4fbed668b67e423298b89534c08fe9ac26c7e92a28f143a1ab4cf1b1c6d243b8,0,normal
3621817aedb3415a822237c56f168c72a1d569f2591d4960a067d42fdee2b6b5,0,normal
a484ac2dca3046fc9a3feb6c26e7b4a989315f65de3c4fe4919f13a73f57c078,0,normal
11993be57009433fbd5cf622c06991b8541694e6a23e411aa364efe21e16c4b0,0,normal
bfa82364447d4131a49e39e24df0b6b8d9b153fc254d4d3dae9836c0da2a7485,0,normal
1c3d763e41a941e49088eced3ec5d8ac51564c435c024198a29330811c80f5fc,0,normal
ad1c9ca9075f42888823d4c909f6d0a9a933c9e150c14bc3a36e0b33d2b312af,0,normal
2db9f8a2be5c482aac4ed2d0496c0082df47afc1db13421395715b74c5b08c65,0,normal
63a3f47e4ec74ff89105ed391e386c4c832d2a4bc3fb41bab8c225fbe45cc7f9,0,normal
fcd3531bd2a040b0886a432cdec335a5d211f778269a4af59715576fec0d468c,0,normal
5f8d8711d5474e01baf1fea298e223d3d80591cbe10a4f008cd754db96dfd2c5,0,normal
841d92c8a78749218c449b950abf42c08d581010a39c4a5dbfb10ab8f6f16ad9,0,normal
2073d3b54dd94e42988b5c2b3cecf2414efd60f7295c46e38659669c113d6f50,0,normal
dc90b9955f264a08a60c49d59872cf252a0f8d6a44b74d4a8139b264e9ec666f,0,normal
e2da6f744ed04336b6824f188ad142547d1efdf9f0894227b9c89d87b16160b8,0,normal
469aee42074a4f00a62d7ee6b85a8f01bf48ce51ba714bfa8e44d8cecb2403e1,0,normal
a5b79340619a47489866237bb41451a94256a40aba714dc29a022ec209b53c58,0,normal
81535dddd847470eb71ef94f0b22d49ca57555b1ea2f4208b6bbb8824b6c6c52,0,normal
8eef4567b8cc48dc9ddd890937e568bdd133ff109e6a4e289bad3c68b9bb5803,0,normal
237b5f9e81624961b4bce9f485e7cd674bd83e8e76934a9597386a3753f9f64a,0,normal
5bca455668544f768746bfac56eed00257802e1d58954a3cacb99517ed7d363f,0,normal
6c33dfdfb31845cc94c1e012b2f2eb358064ad98106d4871ac0f4c8818993667,0,normal
193ab5768ad54cb1a3cf8e26ef9812e791f66b1988c041129d33efdc7f71c676,0,normal
932b26e49bea49c787a407921436b2eb576ee4466af54e4583756d2e406ff137,0,normal
ea07661ceff24cf39c3696a75260198de3c84741b33245a68a1367bacf3c7f2d,0,normal
7ba14e2a465a4389a0594915fa410b69d0a694b20e45472d96aa46e9f315935a,0,normal
1a9b2989acdf43d298abacbd2d7dd6e9fec3e762ad3741c08b550fa1325bb8f2,0,normal
cbabf35ffbdc40cebfa32adb2e6437b659f9516218ec4b708bfd369d5b62d8d3,0,normal
5fba960ba9064807a3ceb433d193319c20b9d944266140159b0b7fc666fa4052,0,normal
20412217bec642e8b82e2d1c1b9252d817efb3a379dc4729ba5f002ee900ba4a,0,normal
fcc98b4a20e14fe6870d1b03bfcb7d602ac32bdb9c3940859d39d71473ef9252,0,normal
bc2c4372802c45e49f26fa2933f4b082a6d7b0cfb97d4e23b5415996bff50ed3,0,normal
51a17372b74647a0ac38eb28aa76e5b530a42191db9e48dc844758c35d6de073,0,normal
b49e5060f0fc4f3abde7a16b7a8506ee1b6018a860d741eea4ce651b503f1030,0,normal
448317c64f274296afc0f48c0b47fdb7c58dc5acd5ca43478405b8388775c01f,0,normal
c3dec3644745488d8c791335b3b33c714cb71273b95d4a66a665363943c0500b,0,normal
65f395a0ffa244c6be5820b1f474f4675cbeb945dbce4d4d9e3fe0b6426babb5,0,normal
c0f1c0a8c21e4b5585d280a9e45cf72fad0f1d37fa8d4811bb775264d4b9dd14,0,normal
a86e4f2cecd043b984b897b9bfb3081b07eac6965a694c39971c8c2ae5980e5a,0,normal
f6d0286b80cb4acd9708d227f7206c0674a63c0db52749879e637bfc0b4bdd09,0,normal
bbae741a08d54d49a8502d8e4b1bf2c054fb655521b442ceb48fa033600ce9a6,0,normal
bd45291beff9451b81de2cf3451e069abd4ef87bdee049ecb7cc34d4f649a600,0,normal
7ca269914240487d97d4d7a2e065b52d65f02363709a4c40bff86f7dbe6b46ce,0,normal
26c904c744054a74a41388a6187d94540a17adef27454b18b9c51934aada4f4b,0,normal
7e58de7f827a405aa4c1fd44d8867e1a9fa74508b30a4baebd579d4539ac8e23,0,normal
988a8634f6394f2fb72d4409e3f74c29fe0d8a6f9f2748cea695cb65e3a3597a,0,normal
3f67ae9e73dc446dad75784b071cdc852657c549901d4048bd6a49b2c7f5e20b,0,normal
9b56212ab46a442f804432eed1de765788f9f66dd34e4818a48806320f700dcd,0,normal
4535314680c141d6b57013f5783ab740026e2d83b91f46e69bd59b881a765035,0,normal
4a512dbf12de4086a22dc852e4485e37cdef917f4f174a989ddfd168056b80a8,0,normal
de8e2bdb932948ce94b6b68fd049a5c611a4fdf7ac1b422db1a1c00c790a89ea,0,normal
1ae0925b223740cdbbcea730f6d7bdfdd4aacda2bad349298837c9693ae2f199,0,normal
ef02dc67094d44c99f55bb26b9e8da2550ddcef1fe0348f08b8ff0a86f244767,0,normal
b9c49bf7f7ec424d951fcd307eecd39f215bc972ff1741788837f27d9a9d98e5,0,normal
c799a2b4a79844cbb4c4155b50c31a704e3220e4db164aa0a7670fd9e7a1a215,0,normal
b5b88372b372464084211150e4e9f1215281e1a212eb4eb69ccdd62c89a1a8fc,0,normal
dd548590ba1742ceb7042b90b832ffc5bfdd9054b4594c01a0b22865d9318049,0,normal
b3592b506ce14151bd9b7211f4ee68b3912ad253ba97436d8a491488dc8d6343,0,normal
58c745685ce249e6a46e7adc34dd892f5820dace2d1a48d9a30cd74c5d0c4856,0,normal
628b572ec7b84f3db9de5fd4a4a166241a26cbc278d04488b712d8b1e9faab1d,0,normal
8984ab7e648044828b8be501c20a649add6bc23508e4465b9d685b140d6ac764,0,normal
7e87cbe87578412380b5f833d3a230924e1d797aa6fa4284967bd6357125a896,0,normal
12a7d41baec649bc95ea6c3b767217196e8e1313d25746e8927dfa53c7a25012,0,normal
a0e96d70e2794cd085cd4d9a1553351761fdf514bda949f898863b9210f5a546,0,normal
e7cc589c60d34276acf0ac9add315daa10784798778641d3b87c9522391e811a,0,normal
b8fda9f2e6754331b174b35c3ed827014642afc24766424a863b9859c04428d1,0,normal
3582d25afcc84401bcacfb8a5dd1c0bd34ff5ed533bb41f8a6da9a008686ff5b,0,normal
06ff0098971d45168bb820b35c6ba139370ed2635e7b42718dbae7e3c4ddb3fb,0,normal
c5f115d1fc9b4caeb6250ec68ba05a2169351a41f037433fa98b2fec025d823d,0,normal
8d42aebec7e64488973300774fb31ae65feab1ebc5db43d1b11f22d3b8174132,0,normal
aad09bcad66944d290989357856e4041d90aaeb4ea384d20b7505844e3fe9c67,0,normal
01b5aa8f9d414b2db8a23c1c2d68b78c63d9ed7c735c4705851a06ad5bf0fa01,0,normal
0da56fa30a834c06a504ab9dbf40acbbf588ec47db53462282695beffe6b891b,0,normal
d3ca571d460e4eef8c8d34e76bcc5f0bce743f5728584711b0244f4fa1ef0639,0,normal
6220c696ab5a437aa84dfe8a9b7ec779660c3d96d2cb4971b8df5a2796d5cb80,0,normal
511741c8582f406582bb5b66c87afd7338beed1589eb498abab1251ef53eaf6e,0,normal
996ca47e24d0403ca6fecf3f630b8909ce4598ed704a433ab9250a7c2082c69d,0,normal
c46961a59df04cabb2caceb41a2d23436c755e9e5aaa45949cccd19f5798482b,0,normal
fbaa77a254b648c19413832f571e51c25c6a1b99cb534940b0f318a54a627286,0,normal
d4a66444dd014fd4b7696910909e84c84aa7910ff88545c5922f43423c150b18,0,normal
1147cdd548f94e648f6db36d27a96c5fcc769e60c3c14075a589aa8b88190143,0,normal
3a0eff54328c4805aed23dcc1d431eb1e5bee757ee984a489c12d325ee047dbc,0,normal
cfc3facc930b43fca80e72767cac15e9c9344f9b99eb4396a6a583d4ae393d5b,0,normal
116392ffeead48d1ba3f37b6faa66e12af0d5af0046d4d0b96edda3093fdbeed,0,normal
ad560828559e40ef97214fe3b33e93153c2cdea00cc648738ce8039830638acb,0,normal
8ef1c7f7437e412796bdecd73e4f08c07f1dbc776df0414b9a4db2b2a6c56009,0,normal
f7f4b4419b0c4a3b81830c12df6f04fed41c611a5fbd4523ad0cddceb528a274,0,normal
fe90ea8a25074bd89a309a6bf9256aea966cbbf7ab884a6fa66e96309bccb556,0,normal
699b82b0478b46fb9452080f52e2b0e6cbc429661f1c484a97d2c1eafb3863ab,0,normal
88df4cfa9761476a9a86279e26f07e92105d0db005404fa1b69e11c481e4f4db,0,normal
427d80fa370545c8a9a69948a746a9ddc2ea05300138447283409fc29917a10c,0,normal
1dd84eecbf45429d9276021bebc0759cdc2625275fbf405eae6d14a76226d9b5,0,normal
0662ab6b62ba43fa872c40cc7a7c7ac722a25ae93842494b976e652d533021f0,0,normal
68913f0ac1734ab59ed7f612c36869185d956d333d914776a00bf800d691e04f,0,normal
c0798f133613416292474728a27261c9fda6bdb1c1874b30b2e3147b96b0149e,0,normal
260025650a5e48e3b8884ce48119ba6fb620f011ab684cb782d664014cebaa9c,0,normal
06ae2a8ec57b45319222827ff6a90c76f9ab6c1ccaa44d44a49f143b8d18cd92,0,normal
ed179f038f3c40309c4d40eb0575839c94544b8b247d4df1941d0016cdec51ad,0,normal
6cb1da54791b4c7f89927bc8ed997d7c28f909cdc7784ed68d4e53d6db4fda1a,0,normal
ee1445d2ca344d5da029d706728fd593feb478272c544b71b3034137b3274a1f,0,normal
61e1977dac434fe5be5b6492a6c401739ce71d5325c343d1ac20f93320e02b4d,0,normal
82523df62ded4cc49f9cf3fc1f97ce1c06fa2f68764441a69eb9776cd670cf19,0,normal
23a619ce688246a79b623110f9c26d669447f91f46cc4048b1acba61988f0529,0,normal
3a7670d90eff4b038a98c9429bf11e177c7dc087199a42369d21fd107c24a4af,0,normal
f6125e1a77f849c98406845b76b3161861a7e5a524384a0085ad7c9e76409baa,0,normal
3119cff26dab4322a6331360ea5e67e380bedbc6277a437e8ddbe6abc23afddc,0,normal
fd02c500531042bdbecc3fabf0b5bd17566dfbc5e4e846de80e88ab3cd0fdb5e,0,normal
bd94c08c1c5d4e0688004fa592da051f3683aa82f20649b1abbec2689c503506,0,normal
58fb8753f0ad4ba4a433a8aa1a8a0840859878e5e6c945bb9e8575076c8a3dd2,0,normal
4ed213c19a8249afa15cf8c1e2b6a4ff49a857ef8f5143f382786e5ad5f103b1,0,normal
ac402173f8e147188a38cffdb523b0598cf807be1224496e822271624b8ac6d5,0,normal
46042c3f6210443dbfc28c39edc614de255397cd41bd44238005e6b4b438a2ce,0,normal
a82df32e6a554fe8837cb2952cc293808b6d33fc99804618b9b4b5cea18cdc85,0,normal
12bd19eefe3b48edb63a10f00836536b6ca7faf8015f4cbc919d6ab6ac39dab7,0,normal
5b7a9914174847d6b4571638cfa2a8679103e9c0042d4f7a83e2af31078eb38e,0,normal
c525ca9e8c2848ef87584c8fa9af7b5f1477f5765e8b48ed90730374dad89bf1,0,normal
974ef60fb53f4e51b8408bb3988d692531213f1a7d4646cb844b9dfe2b05d5fe,0,normal
068fb022b42247f289e02a3f9888314c0c7d77f1b65e4cdd820b2c2c9408e82a,0,normal
bb0353753e40468597a9cedabc6882edb37713c65c324341b63d7fb705fcd50b,0,normal
8438f65b02144ac8b1262d6f4da2c8fb725213265a4b49eda252e642e84d6a23,0,normal
dc1493f7995e42c7b5939ccc5defae69ec0295043c3f4a9a9b2a540cf821143e,0,normal
0bef1fd9b7704a50a1b4033465f8131b2e23ef3377e5464cb22703f058b8c03e,0,normal
515b619df711425f9b1daa06fb80c0ffcffae6114cba48efade602776ffa528a,0,normal
7b8350a33f264972ae6977c37f2c4bcc91dbda0f0cf44d239c1f9dfed8bca9b3,0,normal
b4865e225f8a4affacc25ea995d8d8a3b58cbdec0865464380531d7213411559,0,normal
64faa16d187449faa2ce8d6d72739784838597230b254b43b3cf872e32626097,0,normal
6bf212e014a841489e50a2b597ffb7df96889f58f54e4edebe7e055580359cd2,0,normal
273017287793439289fcd44ae8dfba26bd7aba7a803d4e8e8d46385989de39ee,0,normal
02f7f9885b0749ce8398201e39a820a7c3fad41da133485688bd9939128bf039,0,normal
0667556dbb49405a91caeea6fe90dfb42852a42e2ee34f38be29d96d0cda8031,0,normal
c041f4b2427a48218feb87c2eb399b421e64f84a80134713b4d40033cdfd7468,0,normal
f7f3804ac1424b94839c7c71b2039afdc789e0bd6a684df79f5700b96f574c91,0,normal
180e2d5f911b465f8551e1bef8be1116b1b041b0c554410a98c4fb2adecb7c25,0,normal
b0a6d6b4cafa49b9b2ea1c9ca253f96c83f35450308a45eba9b5d952c57cd670,0,normal
c23716cb05984b7aa3de65d4743141b330fc6f7b57864a6cba492dd13de26d6b,0,normal
02e44aed6e1a43c5964b9a46417dde21638540f0123341e8a14b67ecfad56484,0,normal
fd2c00f8a5d1440b97a1763b1611a98fcd6da0a9d77e4c69a9bb0556f4f68e0a,0,normal
05f981af243842bc9d045a0eb21e612ae984c927297048e2905e7d022f5baf8c,0,normal
7a994555b4a94eb4b3b0e21606e17b2bc31f38c6024b4ea6acfb9d35dded587a,0,normal
745bafcb0ec740109662024ede8eace2d2bc5ecd1c9045c3ad021231462c1a82,0,normal
841ad9a5a696456dacede86346f0aacbd0c0a81a64c04bf3a70e733b16cb4fce,0,normal
9e286c0d843044f3aebdc77f8baa22597c06ee11b0de433d88f3ae48b912eaba,0,normal
e99ca55e61f24dad9ec0e86ac966cf848a6d7827aa18471db8aeadbe6fa48f7f,0,normal
666bcb1540024115a18c3c4b89bf6d8095a879e700914fb68378308e5a188ca3,0,normal
ebfc2523ef944989aa4bfca70f6774f1e70f3ef5182449d38647cd813e3d3976,0,normal
d7cfdaeff85542c7a32c4f4c496bd53cf017183b66bf4bfdba8338b17da8c8f2,0,normal
d59efd9a88ca49fbbe8b3da67263325fd2b2c6f4d0be4823b8f11bdff7ff97f2,0,normal
219e53c1f3824a34bf92874773f4f1497ba8b119d6544339b1d7f966a791cd3d,0,normal
265ef590c2d94db19dd3abcf0f98b26a1ebd133e01024e7ab4e21d38033c9660,0,normal
56b8d873ad424b60a0d2432b5537c08a4773819a554b4157a4753592384dfbfd,0,normal
fec3bc8b7c504067bc481af07c5767fb6c8c24e0a5b9464abd9e3f9664080be2,0,normal
6e9a235808874b299c0a1617dafc049ba8a9ca37db844f57ae55388eb333aaec,0,normal
c83c78cdd73741aa852a287cfbfd43ae9c329de7b027493ea6ec82aee69e4bba,0,normal
81ef184ca35a438cb58169605a35a919bcb84245476843f6bb13bd2b8788cd45,0,normal
8ba1559bb22f42c6b9aa2c7e1c86eac852a8a2e1c0f24a009f3e619d20c44797,0,normal
487fd4b89deb426ebe2d0fb8aafefb7729cafb932de74ed7aec05869299f4386,0,normal
65198984952445468c29637efea3e1b9c00bbff7670d44568fcdab8e8feacdb4,0,normal
68dcfbc9514e41bdbc7973dae9054c9bfeb291d2132e41a68a0969a7e3c16d2c,0,normal
0932749f06374129a6bb0736ca268e965a9e3c451e9743d8a038374dec0fc8cb,0,normal
767ed32c67c9486d9cef8cd48d5dcca83b9a97cb191f40d59d5fe63682fe71cc,0,normal
5e0ee888021d43ceb88c6cc9f51b28f1ff0e5ab8859e4f89b3f9d731b9419a71,0,normal
5d9102a16b8f4ed0abddf46926b1815e721e169e6b5d4160bc5d8ba82aacdafb,0,normal
97dcdaa8467e4eaf8cf88a0971fd1ab9ae4ae61ca78c4ffc9e6d281ac4fb35b5,0,normal
412300cfdacc453499b8e764cb03ad4483456cafe77d4030a5109d14a5908e09,0,normal
5ab2eeaf799940bf8de890d94418acea8acac6b7cb0348b1b91f28549ef353c1,0,normal
37ad7f4a60fa438f96ccf9d35f6214a66f996c8e32f8430198352f673e5195af,0,normal
f1c86819ad74435ab281a52885a02c00ea23283145464372b7aa63d484ef2502,0,normal
422a0a2bc2344d0ba87bca355f0667d14b93705e40e1438d98a3e1bdcd0da9ad,0,normal
c8f5a416d8d34a01ac726d94e4b5ff81d0d5c7cd0dfe4e0ba02f3b16459bb0f7,0,normal
fb1aa39e06604883ad8ea27a9b12e979909dfae2ce3a4c629af25cdb6652f393,0,normal
1ca70edd0eea43269ab97876e53e4b098056f45e5cf1470480d2cd8f5f1d72cc,0,normal
1016e001d20a4fe4810d697a71e319d53f7da67f066f457ca3dbeeb1573bdc72,0,normal
35892c94b6e646cbb658d22408fb450df25cc64182ff4bd58387930b0cd3a139,0,normal
05c59290cd2948539d6998fb47d1cc45ed1de54d2e0c41d4b4c851428a5f0383,0,normal
48e93b8e54ab483290bdb0b82172ce44b73df62ccf7f4150ad7b9510ca226c4f,0,normal
ad323ecc54044f239979a667cc0e526064da74667ae644cc8ee7f7c25732ff64,0,normal
d54a3ae69650421da574ce59396183f74a797140bff74f66be36372f40125a5a,0,normal
57434a03c7d44168843325e6f1a22dc00e09fcb52269434fb896a6e31bc2508d,0,normal
e6ab3ea7bb22417494ef2cbde4beeb394d80c16072144751acbb51a628eca8ae,0,normal
a53cafb4881c45c3b9a40935a8ba448daf014d2806284a549d168b52f6ad8418,0,normal
322e649cf38d4b2aa43a9f400d55b43f8654583b3b464f0b94c66a017351a933,0,normal
1711f9abd53448db9402c3a58ca10f54a4b832c9a1434232be479e67f5f9ed4d,0,normal
d46f0f797a2042bead2f77de668aa835a49e66d0bfb54b0880f1554ba9aa2767,0,normal
02389ed764bd4157a3b854ca26a9b2d56b65c34dc38c4c53b97c029cc4fe345c,0,normal
5b365ae9894040368be911ff7ba045d8e46652b3a04a42dfb7e0bb9eadf0d4a2,0,normal
f92a99c9ce6843e7827f3d96fff70c1f7a1c900fcca840d0b71c438ed789b360,0,normal
7b1b785dd6564bdfa95f2a44666ac228013969d7c42844a5a9118906f75d5c81,0,normal
979a86555ca74088bc0a6d449a4b181af45b67a040174927b0b1ae6efd4538b7,0,normal
6e742790624b416d8c0581cc0f7c398572afc5f5c4114d73b81d16ba63eddd79,0,normal
6f0bdf5bbb3e4021a99ec416b19f793605a8dd9d85d6482fadc635d68d97a934,0,normal
0b60e689db264278ae25e15a545fe962d382087ee8c240f6b0ebfeda4c6c370d,0,normal
28fea1c4f8d84cb5b7ea533862743b827cb21e7e33614f37a519433c0d2a55bc,0,normal
c8aa271f6a70476586826a8f6b6b98e7d80d7ee1d8584d53bb064c2bc9b4199a,0,normal
37e9ed5c9cc54dc6a7b0508bc5733b2dbbffb62ff85a4ef5b024a465954267d4,0,normal
1392036c6acf4d91ae5931e5408d34fbf4d7b06abafb445e86178be0566c1c45,0,normal
54d2b1af9f90459890a5c986a02668aa11c77c29f58d47eb86346a8a1cf83032,0,normal
1617230d81834eca9199d0444187dee629dd561215e840a8aacfa2ce71c540f8,0,normal
844a8e24417e42e78cca66475b015f1e031aedf620be4d9a87330c61c4f21163,0,normal
6187f6410a8f4f1fb073fac066ef6c21ee18904460a146239e403f5b615fcd93,0,normal
e861f4fdfd474e03a79f9b34424a4a6f61362ebaca414527bfe04c07926bfd74,0,normal
017eaef593b3410fa579019b97ba1543aaa56dd939944883b4ec9cdb866b2c75,0,normal
dc435930d599448b99f624211a8c8a6f1240db99faba485da4f44c16563905e3,0,normal
70329d06761f4ecdb0b87e37c954b48592e819cf849943d7b1453e285d8bc471,0,normal
8560d96b90c848429465e93b7e2831610338055ab2694b50bd64337b91297b37,0,normal
697a883fbeb4465a9ec11ee32ec3538e15d386d16a2244b6b10953cb43fbc907,0,normal
0c660a61a39d4538b709023e810521d824a025c53bcc45c49a35287067418968,0,normal
befec7e2f02a45a885a7a48a2e9ae5761208514d56624b0785b4a526ac963d04,0,normal
53dcc06e1a304dd7b0787408f7560f31137013605fda4bd993a6eaed35b6aa01,0,normal
f291065366f942f18fbbdd599f316b3145a1968746cd48bbb8e0d1a06f74565c,0,normal
3d5356c9afbf460f8d8288d2c88ec589cb34f6df1d7843f78b822d76aed177df,0,normal
4fe3c2eb0b624b9da599618d31f00a90255837fadb5f4971bd1ce1f91ee4f64c,0,normal
2bd03b482eda44aaba0af44202d488fd520b386101ba4099a69b8b6f06826986,0,normal
c84f20c3515a420d9fad20a959cf23100568347438334d94b135d9f9b8d28049,0,normal
895f114071244d94bec25ccab18aa6a4c92a589feb40416cb2f52a9738c1ccec,0,normal
2e923ac613b6428e8ae341734970cb9069d89577dd0945dcb496ec66e55cecdd,0,normal
109df9b5ab364441b2ef85cbe7f04fab30efe83efe074187ae53368201aa7a96,0,normal
744f8e706e4f4499b413105f242b8e19a9bfebe9522443b59be12fad6b5cda3c,0,normal
be694941eb0b4a8d942883db6fa6c8dd744feaef0fcb4786b8e6fd1e745e9bf0,0,normal
6dd9e3ae7a06409aa09ecd98d8298c99d4a0dc63dcf84250bb2a5a75350acfd3,0,normal
656208ccd95748028b2fcaf0f5891894cc144eeb74f74e62b8ff92884a642b72,0,normal
4f75fd82a415476d84d03ee07d4bbcc6688378b6c2164d048bb969a7a2387ab6,0,normal
af5dd51506674ecca03a7aed115d1eb04ae7f61a3c9042689eee578017249b56,0,normal
1451a7fc0faf4c9898c1d9bf3df9d51647f6067312574b8db62302304b29a702,0,normal
f9f66e09198b4083808d1e7e2ececf10b2606a4ecab145788ffe615478a51980,0,normal
6a64d4720e5f4067a7fa215dc28946c6c2ed8197ec1f4a1f96136113be3e5b17,0,normal
1a01316026314dfc87886e57c2570732385ee224a60545cea79d9af7a82e3d38,0,normal
d335117044924d53a6acbb3919fd43dfb0f397f0c707408ea3578b2590416ac6,0,normal
5dc3414dbb8747afa9159c7e848c6e2bcd79a876f5164cb6be130b2096920208,0,normal
537bde1272a146ca98b724bd832fb178213d0f488891469ab11d755c5b5d919a,0,normal
39b4b6581c914460876c4deb01c14f0d5ad8cced17284e9685808e7639a2ca10,0,normal
8f0e0269eb254c4fa8f95f3091f0915bff0083f59ba34e35a0a390bb2bb9d41d,0,normal
7c73ca6a31ee4cb4b1fb4812f1601efcb4ded7bb2f75481d806b7482243a29cb,0,normal
b035b254e851482182bd8c49182ac8fe9ab79016fe944621ab94293a66944a17,0,normal
bb69cb9bd85445188cbcb32f15be71ce454c197f6570468f8c85f1a48514f86b,0,normal
20d19a2fff6d42fda3cb3cf0c4c7a0ab34373199b0a3442395e40eb5081170e3,0,normal
890f21e32d454a5a9d7da4412fecd3e12632b4349b8845bea92c731742fb9502,0,normal
482b9c68063645e9a4549a99cea9391c88054cefbb434f90ade16708793ac328,0,normal
12ec9013865d4931b8db6428f673e1d6691b421f863841038cff59af5b003e18,0,normal
4e05fa4c3181413db2fd7519fe10db40e28fe1a1899b4b82b5153a577a18f790,0,normal
fcb619cc64e040dfb49ac0474dbce994ee058a6dfe564b2eb29513f7de081908,0,normal
9bcd7d558e3048d4a6ad2a0ef70ea0986d7f1c385d55463fbadef05ed8c4e22c,0,normal
04d5e4317d6c4511beb6676c5ba44ad62f2f42253dc24d2dbc1bbf8537f3ae9a,0,normal
ea13cc2852604f18b8bbd1fcc8f8ffda05eb945438d74bf98fea910f4ac4e1d6,0,normal
976c082823e148ce9136e6aa69f995f72dba0e3b30e7456484c722afe67297ee,0,normal
63627182a3584364bc935211e0e067cb5797a9b124854fafb312ce7591b16a9e,0,normal
f2effe9bd9f2423a93fc97b46110dd0c622dac3799bb42188b25c92d54f41472,0,normal
2b89de25816346b0acfa42e98f8c78606373c724559943aea547d9e541c7fe24,0,normal
79dca2ea00cd439fb9f36fba590d45cc72101706b6d4408d8f0ffd4a41d14d4a,0,normal
1ee73411bb3c4b8993e83728f871f78f7fb623a0abc5401bb8d2fb95a4ae19d2,0,normal
2a18fb76eb0b4f5596c343cf2f13681ef311c15e15444a3c861144c019f6b0b9,0,normal
1f69fbfc82e64a89a7f26eb7e95bb9bda8265886046c4738a64fa90cfa081a5f,0,normal
c95b67e3bb1c47b4bd1b4f6a47bcdac85fb52f2a21aa42df909225e0e9fc7014,0,normal
fab10da04b3b44d8a9bcbab8f600a327f3f29fd6bdea4ee8bf910516119f7d5c,0,normal
848ab397c5cd47f99d52f61d69d93a41958aae0b22c84492beeeec4b8270b11d,0,normal
9437c6724bbd4617b3e18c0484d6427cee7a6c2f1a5b4aa09d2bd47cbe1cdadd,0,normal
307409dfdf4849fb862f38c9c1a90ea6a334e39dee0b4c8b88526effe34f16cd,0,normal
4949013965f04a8581aca1248897a2585bc9d0d4e68f4201a9f5e5a30714872c,0,normal
22d1a52ac80c414b80c3a0bfc2f6cf6312120768989643ccad48ed7ac8dc39d7,0,normal
f6140677f3914238870eae882400306476e0b19b47244fdaa48f3b533bb1a4dd,0,normal
a569d046048a446a8ffae41580f4340af6e7769ad0814f658fa82b7e076b51e7,0,normal
c74371945e3847468bbd37770c5d3dae154413fa112e47b5b58d6c7767093c5a,0,normal
6fa6e0365149419cb8aeebf57e35afe0ec9aa2f8cad043fc864adf18f7d6a98b,0,normal
2dbddf6f417b44b98f6c3355680f300f6b489c96414f4b47b8ec784d164af013,0,normal
c72b8a4026414d279ea95535bc77e272c5f392ef5c3d4f44b55cb71457b8cb33,0,normal
32b7ce3b58954a8db89df1edde9035a4871a7b10dce447c4b3589be90459564f,0,normal
73dbf1c35449420fb9aebcdfbf71b80ba757733888e64323a9dae5f0f6389f51,0,normal
8326df988236491ca6743dc54e528d54d1038586a5e0413988197783261d4484,0,normal
c103ee31767c4b009ed2f9dfc2dbbda9d09a14a9d5d3426499b4ff3d1649a49c,0,normal
01829e877c2547a0b876582deb2b31fd992cc39d01ba4169bbd5d229a4345d58,0,normal
6035749a11ea43569024f1516bfec0f9859ef6cfdd7c4d0e856a249ee195b568,0,normal
0e345d11fb5e41e6adcffbc707a03b4f3b46de88f40a40f5b9d063b7183b72ed,0,normal
9b42556906eb4540a19273d13ddf1b298a3cfd729fd94f5abf7b3f34830af67a,0,normal
1f036b8acca541e8af2b32005ed102c54ad7f67d03344e6090d221d480f1f782,0,normal
22d27c53ed36460b9bdfa8591747732a7b1ebdd6631d48f9803ccf25490fbb6b,0,normal
67dc4f7c61ce40788826ad4b436ffa9b9136b58ebcd445248bb51fa0593e155a,0,normal
1b1ec8bb867d446d84a4cb6d1b551b3e75d65ce23fbf4df4a478b520ec266738,0,normal
418ce20f6fe74e979de0455eb120f71784505df7ba054e91b452a4c6670677c2,0,normal
9307d5539aa249a798a63cc54b4837c103bff0f49f2245e78d894ce628830526,0,normal
ceb74125d3d04ba0bb602d6108f741444109ed48e6c546ddb1ea8fecbf4bacdc,0,normal
7419707dd7524e30a71ffa4f9902ba24cbd3f27fc766407993983fcf262e1c2d,0,normal
0e36cdc579244f4e9ae68e1216b123e53c1f1368d7bb47c7973497f1bece70b6,0,normal
5c5dbd3ba5d64d8dbb06e57d90a69d05f287eda3084545449268d6b597c5cf6b,0,normal
e46dc25e0e3141cebdffadc64e9c3eed4ec837cbf0064996b1bf9e3e3e680eba,0,normal
cca5eb6aeb2a42f099658c75cb41020703902f5fc43c4ed3821363f6923c634b,0,normal
fa5b213511454e8e944d82943c8188701e3bb9529708401aa0ee803dd9607cec,0,normal
f970aa1b976c406f898c1aeedd908867e1fe87e37e41424694aeacf880648c4b,0,normal
83abc9a2d50f43498c07f0e199bdc3d332992d8c5dac4c84ab9e9252a61caf57,0,normal
f7f547f41ae647c49a2c3440dd6df83e0490b1e699cd4387a4aca736350e28ce,0,normal
03e7f5bd2dfa43d1912cfc1000cf593fffdddf3f45b24b19ada5aca65c7e73c1,0,normal
1086904159e846c0b96cdfaa85c0d79c0225ee750b0e48d1806e99d6b7aed848,0,normal
fcff354db4554557b0146926489c819d3f71e85d2b0a4f788536e6fba728f6d8,0,normal
81313469ab304c84b0326614c8ce7766e0dea3d4a02a4c2b8499ddd1d4ec120e,0,normal
72c86e2043454b65860ca59a98a67c1f6420100cd28945f798577cbb0d7b817f,0,normal
10619bf35b824879ad876a9de8a1a337d312cd4dfaf54e999560dbe5857b3141,0,normal
dd202252a6044e248b7af0eec993a1cb28f48676de5a48349dd4be4def76730c,0,normal
266ba96d7bc34a91a498e21687b0bc5c7fc951fa34cb40d8b9b16f9cc871abf5,0,normal
8dc6d4efdccc410f945d738f179e0dac56138cdc588842b29fff74c1a71af014,0,normal
8172240415eb4dbcbd27ae2f6baca86d900c9b7074724f7bb9a7ca07d8087711,0,normal
eb97fff95f644095a316de98fc556dfa0ad3d687203b4e50a2ed5ae489c2ee00,0,normal
30596fc12b72426a8476592b61f81c07bd560abdd00946858f968c413ca4bf62,0,normal
61286e9340374bba9345936b9288c539ac6b12ccdd4c44c4bca7720f98b8d799,0,normal
03aa7a36c50946998b024ea6c35616bcde10dc7898aa4fc0b1770f11e489ea91,0,normal
38086f964c2948c8a287a0d8c63837758cc94a7982a94efbbc0b6fe1b8b2f26e,0,normal
34b27aa56fc149609fdfc6229fd3c784f0a228de8bac4353b6193e44f1e5448b,0,normal
5a0039f9458a44b5aa9b9c355a8b73217f8654fbcdbb4daf81b2b08168cfe789,0,normal
ac402bbf5c7f45968361536e6a24f2fbd2741735bb75455781a8ffd4812dbfc2,0,normal
7e3a00b7668246288509f315bdf57a741e95eeb6625d44ab982f712f9e91eacb,0,normal
c299bc5dd5dd4e4989f4fa22f646042a959f19c03a834beab5f37d6f92b206dd,0,normal
9237315b5f4b4f0c9766f71afd0a35a3bd1525a7d5bf4f5c94ab8e0798f69f05,0,normal
85d551999ae24a68ad7384dffcdb5f94cc47dd22864546a5ab0c34264912e17c,0,normal
800e2c25c2104a0a87de9f013e33b8bd2bc5f929def44f7e9a189cfc01210f0d,0,normal
aeb1fdbb489a43339ce7972ce00ba9395ffb17fc24364e668ff0b7562f1b4de0,0,normal
ae041f671b70432b995dd72dd455b305f28c71e04bb54da9804a6b0863474ab2,0,normal
830f5019c58e47abb0282ec09055ab3ff25bb2be45e74242ad75d2b8db64a7aa,0,normal
d38e3c7fcc884022ade3f0d61d9151dc3dcc96c3095d4498a085bbc914ad9294,0,normal
2ee5a24946bf4f06a7d36d286ae0c3259ae0572a771b459d8cfd90052199b9e9,0,normal
6b7386079b894f11ae4e2a19d034d9944de6fd81e4c6438f832d2336af20e203,0,normal
2b1dd214d1dd423989d1cb92b2802ec4c0892a2cef2e429b9cab60bb956a081b,0,normal
479236766547403685e7132b2b50af3625c01c4ee413438cb47e9ea70c6519f3,0,normal
f30c5f175e7b4d108fe4526c2427fa6f55189412b0284fc6b2242952729e1ff9,0,normal
d591dd0062e54f3cb726d344650ec05d4d379340010248af8cf1ce8da9d70d41,0,normal
4a1cb819dcb340c295c237f57fb16e9bf402773bcf2e4ad9a36397ac910e8e4b,0,normal
25b72b412dd04efca000d14e74435acf0a7e02a9b06f4940bf2a560d0a928bb0,0,normal
d7466008639f440aad65522447a2b900eb04ccc8fd3c4d42bb845e99ddcc338b,0,normal
3c0fe572ac03411ea593aebe124784f55546ef22dae5419e933b40f89fab995b,0,normal
b744c5331f0f411293a3127ef5bf7d3578b721e2fe4d45f98adcfaf38ab21692,0,normal
2201782194b4413a9ce166375a3cc74ee477c4234029493abb4b3c22ba7cd92d,0,normal
226f7cdee10c4e8baea04d0a9f6795a1c1a4aac3100f422b997716d252cc18da,0,normal
86e6ead461db46bfa9c07f617646d35c4438ff9143b246cea8387d0cff518913,0,normal
601d1967c52a4d1db99abaa7fa91ad3ad1e69f73fff44602b4d748c281261676,0,normal
bd27661832cc418a97f54b03cd1dde9a4faf7db66af74a6382923eb57eafc803,0,normal
fb52a0fae32b42b4b2470079abff58d87c1c57f930ac418dbd1a563d14524e74,0,normal
ae3eb1ab0ec343ad9848dd43bc709c6a41b79f4e751d48a986f19ee3964fdba8,0,normal
23bc83e50f824214af9d9e0c689011e6137a81b056b84a648b5744b00ca082fe,0,normal
bfef8be6dad248aa865756303280e0849d92f19871e34a2a8f4cf5337c152c2b,0,normal
e9c0864c61344d2e9fd71148d903290ffeb6980918904d4f823a5e62b264dc78,0,normal
1e853ab8a01b4f5aa46deb25c7753219e3dfcbf69e444f8da897a7fb1d833838,0,normal
e0b69c6309b64664b5513c6216c95277b5bdab1663df49eca822cbc3a438207f,0,normal
071780d6e4b24f3683fa83630cf95b7438e18e8c795b4d53a4cf8a01cd651663,0,normal
f6862ab0d16043d381b863a7d51a912f58ea3e93e4fa40cfbdda067625657f42,0,normal
f218f0af4b174ef8bf6828c7201239ed95b46412a7894f9fbd0f826c1b8e7ff8,0,normal
b8bdcda2727842679d79e27c3ced0156767ca8cd2a834c3e9c10d0f2c16a0266,0,normal
26d9c4a1516c4a189e9e389383f97c6d3c57c2b06d184065a1759f185f3f1b88,0,normal
9e4face392a84c658bfa53dcc9eb0d12e32c72b70fa6403f9243848a017c1cc3,0,normal
6c91646cf9304902bc1b41428e6aa26b17d3303f121b4e679f671e25685a672e,0,normal
ee5535fd1e8c4ff5962ada8b2bf0099b69092b4a1ab146bb825eb8e3a95bb3bd,0,normal
f4dd8eae5acb46c9b3146992ed13c2abb7444f59590945cd920064a5653c2e79,0,normal
cef79179a6b9498ebaf07a2c9536c39023f0792883b346099fc8e972c2a3f4b5,0,normal
7f628c2e6a8745d88df56dc06ae5ca1e4a31d933afdc4adc885518194c4b880d,0,normal
c5128739c8b5413bb8bbcbbd433173c618f1744b46fe4291aa1f16327f46995b,0,normal
ca8e7415e7324e7cbc0f5d2a81a3a2910eb830c926c04222bb5e58e26be77fc3,0,normal
13314bf2e29040d29da469508d5b3b9fdb68aab8c1c9410bb6a753e29b0187cd,0,normal
6d6e5537ab56475ab22e776ecbc4a3171c108fc73f1d42168112d35733534895,0,normal
be69e178e29b4963b6f3e8c2fabf3bbea4e1412363564c82b138fa3e3d3c43aa,0,normal
607e2636a2894b08a12ba17e1c1e7103af848d2e0b7d4b48b831032644a730a5,0,normal
9da48c0d0780470483f667872f11ac34e2bcbc7314c74b198757d75756eaca07,0,normal
d7d6819efa3d4bd3b80182aa4312b6ca301720d5762044daaec6eb6109adba42,0,normal
9989ee68042d4d068297f671535033d84fba8a7337174594816db0ee9e090457,0,normal
71a504bcc9d74b7a85aeb072dc80229640debb7a80e44f6db0c7558e5d4f62e5,0,normal
f40788f9a1fb4b4fa1073018c846e4811ad9669d4c5f45c2a7171aecf1e2b0e7,0,normal
d4485aa2ee1e48248105f346ac1467709025324ecb87472b9d4272a7f5d02ff0,0,normal
15d0a9cfb4b546e9b2d4e8a80a09bd29aec6019147be4421ac3f4c4099c39625,0,normal
f65d49eaa9df4376a785313c60ce25cc21de9a66f7fd4647bbca4b70aa73ce1d,0,normal
b8e88a699d59473c878a75e6e6047602a7131432249e4c638bac136b53d3cbd9,0,normal
2020306cd08247b994af9e02d219a800eb385651c62b473cb1f0fe74a94eccc2,0,normal
0f94eb09558c430ea684b252029c2756e567783e54f3409db5c65e3e53771bd8,0,normal
0e0ad49704844d4cb9d40ac356dbfa1d2ff626a1d1f947e1a4699103a157e49a,0,normal
610a3bc788484015b70a7b58bdb06c4749946d0a72534021a9ac125952cb5772,0,normal
8c32befe7bd04e05b876bbb501d8fbf6882342e2c4534848b67383fe60deb9dd,0,normal
72d87d090cf640369b7e7d34bbc46f98a71d67afaeb349ae82b3b3761e16a3d2,0,normal
bf67c527e0004aa19be998f885a78cc2d622d7be3256488eab924e48de29a183,0,normal
3c4a422f878e494b8a7ba0f6528633d405cf8cad59da42549b82088cd118f42f,0,normal
884d41f414114dd4823af4b9f8d66536945beeb6696d431687214541fc86f5f7,0,normal
824c40d4c5114f6f9d30e6d66c9628cddd6d0c57d18942fd986d3280fff6207b,0,normal
ea2764601a044007ab9ffcb4e9a879b1e9283c5bcab6470d9051460424f62de7,0,normal
dc8c30f3ba9f4f4fa5aac60b5e5880cab743336432054177ad9e0c39544ca41e,0,normal
9e85f30c4f144fae9e489a87542ec56dc4baa462522845bfbb34a2fddbe78ab3,0,normal
42e2643156ce44dfbb359735b02afbd09f3f96cfc63f4dc19247580161c51e35,0,normal
9ca64559fd1046a39bc0677f95da748e3a6e442183de464eb4c33aad02c781c4,0,normal
3b094c4bf4b34f33a17f3f700c6a5e0151c00a639b8145fead878b3a720c02d5,0,normal
c92c8d6c5b3a4e8f96f3565f25d575704be48e09e6834ffcb10f1d3e9b523d09,0,normal
8a0214e122b6410089d60029125e1580860f641f8aad4234b4033d22e363a46c,0,normal
3e168cbb2d3348e98375b363fb238e29b7d1921eb6fb439daadc5dfd83ff87e8,0,normal
6bde287141f646d9a08415d4346c16d32ba3d6b8f65c4feab92c9a236d4b2b9b,0,normal
d6383f4dec6746a6a473b71f45129e3ad01d2f4b6a514d81acc0994baad55c41,0,normal
82b5e8e36c9b461990783cd9aca797cabae0676540804abc97b1c1a33eee6b41,0,normal
81ce77e8ce574d5ba9bbcf3477a3c4b0fd0be4a8b6a14636b741f96c8c1fa80f,0,normal
fd3c4e308e1b4a08b02fcc6f9d5185a2b6b23258bfe442489ebc9f72943cf813,0,normal
6b0f92279a1e462cb8cfa8a5c36796705e1cce1f8bca44faa2e1f7e386f9a6bc,0,normal
3b1fd2dd72b548c99d29f54af875ffd6358267f7e2f94e38ad709e2fb875b2ac,0,normal
5d4915b270e74f7f9f1da61677f95a1c947f2d609c444e51993273c03d3f2da3,0,normal
6b4d10f666794233962b7445c0eeef87a5d55e42c36546e89b14c82bccdf73e5,0,normal
d061a594167c4bdd94529dd5c1b64bd7305e53bcb15b4fe2867e1e17c71118cc,0,normal
39e25c502d284824bf85220416e75ba7afaeacca778e4a65a2b98db75f4675b8,0,normal
2215d5b6f1e84922914992c087c784c931ac922df4464e1682996627fa92ae83,0,normal
d285f000b004434ca20bc64468beb1b80f2dfc0ebdae4c218a0e27d862db666d,0,normal
bfc248c3b0254a8992f38e8c483e801c7eefbfb829494560aeb007a118911032,0,normal
bc6ca99782d64203bfb28329870444fa8f9cf7e767b74d75b631d8074b74844c,0,normal
dfbaec3f96c5451eb475409ed38c632ec4bb68a0ea4e4e6780821ef27bdcd020,0,normal
f9939ddb6d12432799d9a33c8e0fa625c619b21c489d454183e0f42bf8685bae,0,normal
7272f0ca2ba94906829612bd9387885d106d7e59c7d842839a39a6c6d0245fbb,0,normal
a9f8d9cea5444245a19e45b0eb89753ed77784a3f7854089b25315d0275cc32c,0,normal
8157756e08504999b9ce9504445cdab0d5389923aeaa46e191565e7e3fe43aa5,0,normal
1bd4aaab65634e84815e1d63a22165539556f4ee6e824cffae456fe383e377cd,0,normal
1032300c847a4e88918b110d122a2dd7bcdfa2b5df2544d08706299ef1f1b260,0,normal
99e3b9bfa4ae40eda6b2791eea94c93f6da909a590074afea70480f9c8bfc12c,0,normal
674e38d49d9a46e1b8a88d67d9af7964b63fc2bee82645b6bd5eac2cbd6a60ea,0,normal
f4fe1a4578a84cb3ac23548512dabd6e28760060c0834a5184eb1fe54fde5ae7,0,normal
525eda64f17b45b391eedca18a93b3a7d6305fb55ab344e6a604f30f503c21a2,0,normal
0eafc6f01f6c4040a8d8f0b0f354c6af5e60049da0cc46f59534cd7760e30ae7,0,normal
568397e8fa30479a9f5485f6b19b3db3d7547d4b33904cc38c5dc54835890237,0,normal
44061710a7f84e8a87ac7593ce45db5ef83d6bb62aed40ae8b569da33af4dc42,0,normal
1b2a7ebc92f44196b5c84e7616e3d6114c74ee16e4e74998b6742c9cbe89b085,0,normal
c19b52ec491e4aa9b3a8512c5133fc5386ababc80af84f7282541decaaa138cb,0,normal
c6e38ce8835445969e2ba8c57fbb079016e3dccb7f35461daa5f559f3474d38b,0,normal
dc1a2bf0047e46e8b9635b83f22456b640438b27ce2d458caf266caca24ec34b,0,normal
83824f925fcd48aebc43ef6ae6482324843d8ab4c7294949acb3ff595c00a5af,0,normal
47af212a30bb4e79b2ee26d9907bf6565d34cc997f7544a6b6e0e8d09b47566d,0,normal
a166a4ac258a4cf190251461f4a619ef3d22b4d9e1894d96ac8dd45fbaa5ad92,0,normal
c76d078e975c48b89c1ad5cfeab5d471f7e00c4f2458453f9c2c1e982f69d844,0,normal
5648b099bce64300bb27f3bdb30e2aba368686ac104e424c98fdae5121ab7ed1,0,normal
439195ad9e14446ba964a3c0827d3210f39eef0bf45e4f36b03546f722d390dc,0,normal
f1fbbe69fdbe4acea66b9c53757613b97d43e431644940ffb016b062b112df51,0,normal
8d5088dca65348c79628905278b846def6fca2bd3a3c4f2da9fb5302107bafd2,0,normal
afcc8e31c66447e8bbeaafbe4dff16ed306c90dbeb0e4ef2803b3f6bb419acb8,0,normal
64f10647c016479b958178422424c627320c2e2fd5704623bc6508e5445fe624,0,normal
5b36e752a90a44e3875052fa4260bbc1369f897cd0c546d89e3c6bb05a43aa51,0,normal
41c2b9dac0c2411c822ae3514c3f0ccb1207f9f6372f4e63892b40dbeec227b5,0,normal
966c2ced665c48f7a546d4d6d9c0110649b9ba9dfb0b4301a7cdcb3402d72f03,0,normal
715fce124631482b901588383b1c54e6488b1ad2046d47c8b6e1d388ddfc96cc,0,normal
44f3d0fff60b40d692504c48cc589c34887547a4cbe44084a7417eab6fcc7bd3,0,normal
9c8a378ffe5f486ab69b09a58e2902ca3d4d7e0deaf64e24ab855609e0e9ac25,0,normal
24f067d0ed194b21ac82d006b040191d2fb46191b95a439bbf3b6689db550b8a,0,normal
ec799843606447e89661440390dd7fa3b7780065c2b8464d8ea6fa266e9e2ca8,0,normal
2a9c82d53dcb4482986ce50fde341f71f682c3168b70478492ec526dd1b995fe,0,normal
f1db6c9d25af4f9c9a8d36f02225db1f446302a07b964ebaa332fa8325199303,0,normal
7a14dcb586394a34bc2c44fc8f0bf011dd903f28cc5148d5a26851a5e8b9e658,0,normal
1d200605f95744f9bfa11decd4846114325b1d4b655342edb8455ed63571954b,0,normal
ef212be24ce845ea832799bcd3b6d700fc22a877337d46698c245f0f0bfd7a7b,0,normal
5857cf9143bf4213aba9b69a2064e8b9602a29e031774fdfa29d3cc58d115e4b,0,normal
debbc5981db6440786ea7144020acfb1c667389f83114309a876a15bd9ec133d,0,normal
2989bdbd8b2e470dba69c4ed28d6012ef53cd4740cc448998e4789c051dda993,0,normal
87b44812cdcf459982253c84e839e29671eff556a9b243f0b5eb67b44c574ef9,0,normal
2e1fb23c410d43fc90628a35a03e3cba2f0109acc0324b39a30763ea1ce7142b,0,normal
3bd91d2b1e8644bbb605c9e79d48924fb3aedf6e2a1940a08e4a06d41cd6eb8b,0,normal
ff8342b3135a484eb774efaf441d5df0d1d655272e0843a987ddd32972de07b9,0,normal
754056d935d14b6fa4cb1b6cf973ef5882df354fd80f4f43bbe3986c95b8dc47,0,normal
9da78d607234427eba4abf133f33f14006c39614ddd8466996f7307a6b0852f9,0,normal
d8011062da9f4263af3b16ec17c670ad1b7be464c1da45d78f56910bcaf20205,0,normal
6e8f6cbb04bb4046bcf47d4b68aa225a1bf42fb060ed449ca34c76ff6c6038df,0,normal
12829c533eb34a01bd9e40433e2c01b2f23be1f53d3c4e65bb3721eee10eaa99,0,normal
92b96eab530944a6b092015e903ff98cbd2c9c9eddb64666b493ee3ccf7be7ac,0,normal
d868702f1f1d4703af386a015e5e18fc03a725260f9d465baf5c6d89f879a4e1,0,normal
575e952509d54ad2afcd9959e015292923f6dd9670e44d43bb3ec0bec1aa8340,0,normal
7ff0843b9b8f45f38cc3b88e05b58984ca7a79e5afbb44cab23c587af2686b4e,0,normal
83d976cab32a4dfca8854b847139215b67b3195a6aef47ad8ceec52cbe55c95a,0,normal
26a89568e19b43dcb46e937d0fcb772029e5107e449b4a88b33e887c437f260f,0,normal
4cbf68e839474a269a36b55b2ecb648324ce06f3864d48cf805d948249baf8ef,0,normal
df6fc5629a1f4b0cb1f0a4f63c70d59100a7c20b62434daf946af2119cbd3b32,0,normal
d3af659756604ec5ba14e20361025045c325a9e9a2a34455a486de20c110f82d,0,normal
60bf976e7b7042f1a4d4280bad5e9b649a5aa0a565434d389bb67cc90e7174e7,0,normal
08ce7c10a93c4cc6931c888ef95485342ddb2da7610d4189a464c5c0b99d9a57,0,normal
b6836d10de674e88a57db5cfbf2a0c9bd766395899004a86b352541f68e4af06,0,normal
77e3429e01ec4f83a86c5cdf10fcc4a697ffd45cb1fe4e6196b824f5a555763b,0,normal
d9862fda59124ca2bb892a080b74f4bd48bae9f4ab294ceaa4b03a5fa5c015f9,0,normal
0733d155aafd4b8ab64e704526f39eef09f4b6ac3eb645e1b27f6e343f9054ac,0,normal
4ab235cc34574c25a7e4f9a014e75b18992c3fe34ba44d9593e166d1a3fca69e,0,normal
83b24442e3bf4c849de9bae5e1a333d69cf5d5b8068d49ae9e0becb88083e025,0,normal
c671d3fa4d7f401a9b1609ddf043440f4b580aa69d60422294fbc481f8a4b361,0,normal
6280a13d2bb045238b91059426f7b6b5ab5bedaa0c5046008ff279715c7fdf7e,0,normal
ee2bf76d1614411bb674a900014293b89394b1bb41ff4c29b080e27a345ea966,0,normal
a7399c97bfbf4ee484dc30f23717cfecaa221fd553344336bac6bb1e351b0917,0,normal
15dab1e4b07a49c4b9680d44ef7261770125adbc3baf4c709c84595cb39b0793,0,normal
c903afe338db4658b5a22f0941d96e908c0029cf2414459d9c8ba3886ed8f555,0,normal
8ef1afe6ea8b4e2b83b44b7023d3a15ac8f1310d21e241348d96a43e357258b1,0,normal
18f576303f904e4db904d0d10ce5cec5332da4ea6e294a1ab64143753a587d26,0,normal
057bd67dc1384760961903412c2f82a017d70f2e3e6043fb9e4c0c77b5de8c9b,0,normal
962b40671970424282d000e7f578a873feade6c9b5b8479f8c849501f088a795,0,normal
eb8deeac669348a4b0a7aa94f912fcd69de6975421ce4beea62e0f0394af5276,0,normal
e3556a3e0a54493a89787f3b6736bf648bf8c8ecebd247efb52836d8b9d4836e,0,normal
5de7d647a87d474486db47adbfa0ea4e47703fc9c9e54e47bc026c58e7d264cc,0,normal
f349524da9c944c694dbee05fd349243b901d1f253eb4094b6ca3642901312e7,0,normal
99a78beeac41472ea3a3aa5a1ea845979e6ec0ede85a4930a4a366357faf2c01,0,normal
db378f5277754d98bd2b8bd43c5843c933672e695f0f421f985f71f689c18249,0,normal
c080c617142f47e0860e279f09bf28a0e02ae5c7a3b942e48e4d716770cc4f5a,0,normal
b8c3189900b34696bb6cc2ff5324534a878f07958eb747618a10b4eac1f08140,0,normal
6d7913ba30094d898a9436f82150bbce5f2968e31c5e42d78b9b12197e57bb3f,0,normal
6c296838d56346fa91fc117df0a12f02e60b702ceab545a3a60dbf8a7f3a3043,0,normal
e8a562b6df3f49299556310420f0fdc5c9b7f8498e034c9aa0e25c3e520fd102,0,normal
60191ef573714b248e862bebb6305c6c81c6f67d4d1b4e759980480676375142,0,normal
5aae57e682a44d4b87754c6be5ba9977bfedfff403004ffe88d3fba729bc7826,0,normal
0933b6d511bd4867a2cb61e3eeefd3143ad0ee83bb2e4a37a8da7a123834d535,0,normal
8c499d03d7ba458ab2a43e9f825b1e71c0685ef9c5d34941806709c5361c7fb0,0,normal
151d60fed082436c951a4bc3f9507dae7b9c773dd93c4c10a64c3c5af9b8f0bd,0,normal
bd7da4e445be4bdbad78eedca9c4b61928fc483c452f44a1b337f09cfb6109a8,0,normal
a36a44dcd68342bea0afa044690bd11fb91fa85c30a74435af80e8e2da908143,0,normal
98fffa42f9df4993ab25f62bc8a42d017b1fa8cc021c4fc69797caf79e94c7ef,0,normal
cec7abf6f0394dc29868bb7853ddfee9baaf28dbc74d4938b5c1c4e143014bfd,0,normal
0bccb89f01d24b2eb05886307466867f792e581dff6940fc9c0d3301f70d976b,0,normal
5f51ce90b39c4665b2c43e165c8422445b96db44ba2e4b73bb354389b72a0c78,0,normal
7f48969de12d4d43bacf3b62fb3c8c0808351526dfa04e37a3b0860de97112b9,0,normal
a1bd20e2b08545058fdcd49f183b0986ee1dff51ae33497f92dc4013c8639a56,0,normal
dd3d3e42cd874a8eab9936cb1a071949835104c8972d42dea361ba3e017fc60a,0,normal
88477d1756e545ab82f63e0e235e279e7a4ec88a6ffd41f6a3476e1cd3680949,0,normal
0aea92ca6c3f40ac8199cf75816d2ef3f16729e290d94b6894f9d4899f6f2056,0,normal
4e7a28f8365047ca9ccca53a8adaa0190c987cf5eaa0408591e3b879b515a223,0,normal
137f16a1dc334386b91a0ade076bf589f8c69eb7d65a476fb81f7095f4be4b96,0,normal
2ad1134e33d64fe686b07e6d45c93fca41415f2c8c0540968eb898f5c019e8f9,0,normal
57d8f19937a0486bb2ffce71f9dbe7f8cb1cbb3f211b4be6a3be323c194d983a,0,normal
26bd086bb2d94fa2929854ac198cea9e6cef7eabcc6d4179874d3688d0441c8d,0,normal
f16b33691c5841b0b4b67b399de19d52660be3e7ca354234ae8a213c64eb7e51,0,normal
8bf40874574d4731a6dd8da47c7f5a587b1e5131f9cb4ca889a1c8b04660ccdb,0,normal
278adf116e9941baaee3d06bc51e67d7e93b796ddd4142fc860a2de250c322e1,0,normal
374999ace4c74d1aacb73a8b286ae40a1e3f2a748db4426798a813d81a0e29e7,0,normal
213378b65745413d993c038e125fdc4d443d7194caf74c1bab505fa8d52a203d,0,normal
320bbf8e5a9d421c9f3384c1fdcaeefee1a787fdcde64b67b5af1b4b574be502,0,normal
d129fcc34803459fa50b7e8cb3041afd68f855cb87d84e109076f177d93c1532,0,normal
9a21508ec1ea44fba3411a3bf8c2f53f23cf8d9001104bed867138f05a44772f,0,normal
391956c0fd2f42549ccb4063ede7ca000bbff535827f4667bfb764e0558947cc,0,normal
9396406f738e4156bc17248a62d470f56fbb102b6e9746f8a369b9ab046ed9c2,0,normal
974bf471c1704d0b8afb22078ce56493624cffb667e041429efaebe35533459c,0,normal
5219464559a64185a78e0745f26d50bba78e9ef88edd45af91dc1cc1c1d6189c,0,normal
b6864abd026245e4a1f6402b6d7ecb02248768e919da401e8ba3d73fa2d0963c,0,normal
f86597f5926942efac7daf8d219465a43b66359d6c414bb5b85e283794ac4c89,0,normal
5f0d3ee8f8ba42a5b320f9ef0bda7635f5c78642c48747a283edcb532778ce9f,0,normal
43b6ab43e47f4de5b661e3fdd28a7701d99740efab1a4df09a72388b4563e5a4,0,normal
c0467423b80a4dc8bcda9874b015bf6b49b769e52ba244f29da2e84667c73634,0,normal
ca029bdf500e414093fb41fe93982f33a12cdc6be4ce4342b163521628773aab,0,normal
363d3b6349e749c0b8def561cf57292510c1af26e7d44a40a2f504911c77929d,0,normal
480d21092ffa424ab2b1017e0c31c8441d1487535728459db0a9c54e24c0d7b4,0,normal
cb3a299624724104be6dadd31806d182cfff0c2d50ff489ab9ac93e8a872a8e8,0,normal
ea25cf56e46d47fe81fddfa8947886ad532c506882fc42db93b7bb2ff7d6e5ca,0,normal
d67b9f29263748b9943b24b7ef8c0666e3f56018b4144bb58406a5ceb652bb0b,0,normal
ab966dda4eec40269ad85e1a49568500fac1c201bc3f4d8ab02759b67651179a,0,normal
7e9d2f6890ab4c19aa9faf43030e3c8ab6df2da423584fcaa03622fea2cd6214,0,normal
f418a47649fa46fba790172bfada45b60c9536de1d21436185709d7041614f72,0,normal
4b3e56089bb045e4bfb19abd4bb27393bcb7cf86d024460b8c3b8f06380a78c9,0,normal
aad90b23cd63498eade0c99fbc5aa5a63cb7cebc68f24ff792e4febd15a20969,0,normal
e5a7a096d29f46e7ab1667fda647853fdce7df9147184c01bcae9f147c3d4044,0,normal
7f9ccedd3a3c4f5db72117ed4ed60dfe933d1bdb70244cc388dc4f49513223d0,0,normal
06233bbac0684e1ca828e3a71dcb4e81a3beab9271944c03bbff467be2ec4229,0,normal
2fdfb64bed8c47158d5f6e9e101904873ced6257ba0f4f77ad6e92cba6b89f6b,0,normal
109851c2cde74e6c97590ed66cd656512baa60783bf04159a57670ed906ba0d9,0,normal
4e0b89aaa9054153b844a12abe7364199fb055516ee14f12aea35eacc8ebf500,0,normal
2b03a8bb32254ac69e25bdf63248852dd2406a45c92346cb96f072862fbdf010,0,normal
b84bc23b30264a29acc270dcf0d2b8443a2e45d86a384e8f98e85c819b4cf677,0,normal
31f2e8185ad44036b526f92a96157bf4c77f9d83e4cd47b2b0d08a1ec3860b8d,0,normal
8f7ec1bfba4244dda14e5bc6e504b67853b7988c2a5048c1a13d77045b084c22,0,normal
6f12d061fdbf4e5d96b21f264ebea66185d6c992c7734426b6f6fb6a329c4515,0,normal
9ed7ca6496b547839bb63acc0f182f456a2cf3f6288c40fdb9cc600e8ae59bf3,0,normal
d1abe28a3697486789e4db5b839088c5c37a9fff1e2e42caabdffb32f9f5b7de,0,normal
4e67ff71dac64f52b72a474dbcf6757ba784d88ed3e341538988c9eff7a6e007,0,normal
912e341f203643c4818e424ea26d0193a557accc21b644c1b58f79b3edd16271,0,normal
5b6ac6b1fc6943ed97ede109b242c3f1e507dbf9d964402eaa5819c9d304bd0c,0,normal
3bea95f0626e467a9689051aa8433c467cb438d81efd496c88859c9c2335f9b4,0,normal
3f8e5a6cc44242e2b4508ff3bf6e2d0dba4b0e311718455e8e4254071b9cecdb,0,normal
822f3fad5221490084796d1a1c751804223a55fa92a045d9a9bb3c53a6a923b5,0,normal
b80d003fc7e44a0abd9187071b6d21f1367255b5fa9847bba9165f374c615868,0,normal
c984f00492404851a3e3bd4e40ceeb1f4b8403e4b3cb4287b0ba1d568fee798e,0,normal
a7547bace72d4d87812fd14a6f4aca36315c49df74314bb5b0396fb97e8b545d,0,normal
fe2a35c3af744e4d8df98876db013141d063d5198a4b442599dd209680a85936,0,normal
e870c846b0724e6fb9f014b63bef453664606809c388445c9a080570c9888051,0,normal
c807e0bf9dc94a9098bd537df2bf43e1fcb58e62c0a546598335a64dad3d2f25,0,normal
cf809aefb526405ca41fe5b0917e46ee4144ec1029c04ab8ae3ecc138090e766,0,normal
6b9310e5295048988115f29bdbe45743e54ed8b5f825429bba16a55b82fbe031,0,normal
910bf5524c874ccea1db617a5d25fe7e54a80bfd508242aa8febdecaa05ae64a,0,normal
0eefe900bb434976aba31b9a6261a7e239dfcf3e34d9478e87806559f2f3f32d,0,normal
0310dc344afa4c18ad1d84ef6021e3d8ee9693a43eeb4ba185ddd5d1de539eec,0,normal
d94450593faa4c4392105b7028b0096a8e537bf1bc2745729921bc541b00fdd9,0,normal
5d0c62f801d840359d20ed53dc19cad3f36b6ddc95354458bc1360508a335d18,0,normal
71c93db9ad184d37bc9671f815a2f6d8e9d710c374a34f9d95d8cba1ba708569,0,normal
93c55a4d7f524129bf923e7411a61cb1f21611b9e8e84a94984ff9fc7d6bdbe5,0,normal
f9c8774cab19447688374c554c96a09cec1a3ee263c14df08292de6df29347f6,0,normal
75edea13324a456a8650334231797abe2026fbdcec5b4e8497ff5fd80cff9fa6,0,normal
38dc937c1d3f4ad18bac0c117b52b54de174854f9b4b4fe7ad56f3a7de4370b3,0,normal
8cf637fea50b4a668b29ce7eb4002f1a8f1b2a53acce4f5a98cd0596fe557b1d,0,normal
2ac9736bc10840d389857de5e3adc1008d3c8f0f09844335bcf3deda10732664,0,normal
ec709593b9d04bceb1cf2860d54bff9d1cad200241814b7a977a49b025f3ebe4,0,normal
dd90be09fc9840beb7033a340e02008142c08618c7dd4a7b8e73842091fa68ce,0,normal
3049cb2bc77d44e58b71d02e5f7696158bcb06e223c44ca1b342427ef3351851,0,normal
5a9c4e8c7c6442afb8976896cc8d0c96297548264a5c404186d1df8c563c64ef,0,normal
f8e577f8613d4869b771822223c39db654e658082ed54f418c77869f2ce8fea8,0,normal
f3087838b2ef40ebae2e287f7aa210edf4aedbe7873945a096438a7ad2d4af36,0,normal
fdbcea0d573c4148b1ab22e4ce61f4d57e237ccad58a4941aa58aa55af4d12ea,0,normal
51564075351743078a2d69198b447c5d987054cb50dd445599122afa1c1f472a,0,normal
f363e04773c941bb89169d920d4f500647e189b13e3d4617a5cc69f58b36a465,0,normal
e7500042ca4344aeaf8a6d0149d0f47fc7e31db1add044fc9eae26b54ca202d9,0,normal
168d45d663a04e548c49153a6836a7c49956fd5227ee4cd28b6ee5b2478aef23,0,normal
65fd1138455b4c76a15cbf770b2626dba841cdd1c9dd4c0d8c470730862d632a,0,normal
57ed0dd3c53f4d25b2e04381f57b41064e33c96b402444e9bba02c7508a02d66,0,normal
b9a3cbe29f7f410f936d7da1a7a7372145c472a6c5e045f28543cbabcee72305,0,normal
014c3c6afc2741498edca09a0f54ede58b11e52b448f4210aebf8e0a2e1f2979,0,normal
fb1a725129af4a8fb20bd11a98013283c0599eed7fe642bd904cbd09454712e5,0,normal
e2a3256126704097b45c3831159ba033a487d63cd50a48fd801e473f7d821f32,0,normal
859dea678ef4493d8248ef592529861b5643fe1734ee419e843a20b329476087,0,normal
b38cceb80619454bbdaf69c35e712856fbbadfaa4faf464ab19a7705df0fee6e,0,normal
826dfb81496040b39890313d5604b5454b19457aa8934582b29dd6203fb4adbf,0,normal
e4917befee8b43fcaa3c030eeb8b5eef1201c60e91c445cf8616dbd44d02b218,0,normal
62ef626c9d5a49ca87c64bac269ec136a6aad5da82e04a4696a1c328b7f7827f,0,normal
4a7e371f3afc47b09a4907dc33ae724abae898b908d14be6b154c7cfe9514ce3,0,normal
7d8a0f6edd21427db3eee17fedd3e11824461f7311884579b073597d9058dbb6,0,normal
67f5e4b28fb744299432d80f04bd7de727a6cebe85d54505a2661c16535aaa27,0,normal
9dcf8181f3c2490d8ab14b4c6c2bac15eb8ccd9d3f8d4ef6b42fb248ea3d721e,0,normal
1bd86bd8406e487f92d794460907debcd0bf4d3194684e77bbff9afd527163bb,0,normal
f91d9129af3248d9800633881f8b9ee57046b0264feb4e7dbde9c474116219af,0,normal
b03483f84cda48cca409cf1f750b4de26537be2fe8034ffbb4da65a80ca57e24,0,normal
afb8c7d947e043e8977eaf647b6153643912f706a22748a0b4cb701ae75492fa,0,normal
f56b7694a66d4de7bfdbb587951c54c80fd75906566a424dab92508059a5b03c,1,peeling
32b905baa3d1469bb45dd0373673b728b7d6d5f0529b4becbfd568f15b90640b,1,peeling
c1cb9af3a29f4131a06cc664b3423638c9e850d627c94079b9eef585194cb781,1,peeling
f3fb858a7d3e4200801d3bbcbd5b719dc94cd9f26ee54cfbac70517d0fcf8722,1,peeling
709b010eb2f349fab39d00ecf10d7d1c02dbe09355a941c9924af16e1d47600c,1,peeling
9177d34d2ffd4213a9f97ebc24ba3e8796ffeb7e654b4aa4b7e5ffe4f9d54fdc,1,peeling
3167e1281f3845a2876aa42530b4dc4fc9cf20c53be94da49a6dfdba878d3f96,1,peeling
6d05f08471f04e3ebea5d9a3388e8bcd1b002611994d45d5a0abbf7b95cef6b5,1,peeling
a2c639883d2e4066afe40acecda61d138d203b43c0fc40a189a4b5ed18d2abf4,1,peeling
0d1cadde76264e5e9b56adce7d8e0b37058ca0b02dd64592bd766951f870455c,1,peeling
95e7fdb7cad7486c8547bbdcc9fa0e62516add2fd3294770b3ee3d280f5341aa,1,peeling
a34af795935346a781e06d3f7ae79eee88e31b57b23d48818f5084eb1fa67a34,1,peeling
5e09a41a897347e9a137103ac4a6d77bbeee68056aa1454fa10b750c5ca567a3,1,peeling
710643c8abc144c9ac1e562e53e34423cdd3ad24c8114bb69162c5ac9b6dcf40,1,peeling
52e65980405847c5bc225d55198f8a85f67e7b75186148af9550273174fce978,1,peeling
96cb819d161e4c38bd3df69a3ac8b984ad44ebd991e14aa495f7056512ee2f71,1,peeling
18cc8c7f45bd4e4cb2650950070c7bdcaa14692cdbee4faa8d838c529aaece98,1,peeling
2b9757224564417491e72df8942047eb28ce2631f29c4d5aa0cb3ca52c76df1d,1,peeling
f8a6bb55fe6f426282dc262a2207c39e02d84a33acda4f5b87f8bbedb29a69cc,1,peeling
729947b8265247d2b77beb2a3e6df73b60ee561f988944938a8f2a6234b945c0,1,peeling
bbbf604e00db410999459d5b72fb8281f3d51c63288743238c97c3ee0ba13dcc,1,peeling
dbed56d597464d21ad359c24b268483065415c4638c8425e8537465eda19956b,1,peeling
a04fb895c0ab4456acfca5213c4549d1bad12485b07e41b6bb21559673553ac8,1,peeling
bd07da1c4c634772b00439dbe48f11a61a9503ec681e452e9ea4c41abc89dd06,1,peeling
2e1835fa78834480b3e438a3335171a4b8191e15e02e42a2a2e413f7f77a5dec,1,peeling
a79c3a8a688f439182202ab4cb5bbae34ee44df6585343a0950c3a1ebb3c04b4,1,peeling
44d019a2500d4396a222ed917c6dc2a07f3b87e3052c478abda7606b279340ba,1,peeling
0a876ad282ff4257992c9c75797f8c7ae2a0390601444899be4ccbca226b3ef7,1,peeling
c66424babaf44be5be08cce1f09055533e5d780918bc43368c497ad6737d0d1a,1,peeling
77b89f9f3b6f4b3899d6a5590e8a612733f1d40bc4ac4ad89428f2ece560112e,1,peeling
98011bea9c304f68bbd096bd425fac04055de286f25d46c782c3ec0ff2103cc9,1,peeling
5752e615b9104081b27a8e36e86f585462ebdcb60678479da198e0b23e1d469d,1,peeling
e484cc7d01af4308938ebec890498f19762ddddf1c404c17ad94235b375ff687,1,peeling
f730b676d94b4bcf94f820aa8d83badc7905c47bb2ac406a8827486b739e514d,1,peeling
ff3098cca2f34984ad12d7ac8e4c48a31449aad19e57432ba9223b334716ef70,1,peeling
754b8303dc7e43ab8972e89beecd6384acac95d9324f4c1f8fe17a5c4c7d8a3f,1,peeling
afc2906f765e4457a7d22cebdc75102254b20fce6fbd4a8a8a4e629d8ab9aeef,1,peeling
5d3110da655a485cb19edd4569b7eb47cc98a7816cde4ca9b2f9d86c021796d1,1,peeling
bf6cf89882024854a30b0a7e74c969fcb266d92a6c764357834dbef25cb052b1,1,peeling
bbecda5f6637489c9d4b66e6343b9e809eea6985478d42cd995746bc83c6c30a,1,peeling
2c2619c6ba4246d8bb6682ba2744fb1d3d62923e4af04742bc39171fba3cf3de,1,peeling
ceaeb3acaa7b4dbb959c330f9f8890757b067af48afd4d7185ffc8fc71e135e6,1,peeling
7da01a89fa43449e9e085c155eb73e03c75d89a8ddfc4b31a3bd84ed6c034a90,1,peeling
debfe73380bd4964b3f628abd50b103fa10cffdb935b4ffd962c44b13045860a,1,peeling
962aba49f06049caa9718daa9ee28ab763c7d0323b9c48faa6fec179553961a4,1,peeling
3de7948d3a2b441186c8b3a8585c3172e264d3b1089b4c5da3f2923d57cc4b82,1,peeling
47774001c5ee4f549f0adb75070cdbb6c87e9410a0d74e1b99567424e578228c,1,peeling
b9184d3b546443d38f25fcef06ce4db58734692033944ceaae4af99c81018415,1,peeling
dfa8c6cd5882417ab229f467d0bd0fdb6ffceb49d09c43d8ab850065449e8ce5,1,peeling
d046313d68b644aaa4e181a3d30e9c4517d57d3b1c4244e0b8f87f1deeef8f1d,1,peeling
adf2f82f62e248b98d5eb9bd34fabde5d3a7b6698a784cb1bc311ecc92cdc59c,1,peeling
f91095f4c10c4240a56076e30b276f0bdbf3593f914f4a3886fc356fde2a307f,1,peeling
f14fc282a5c44b5ea797f0f4507c1307ff5295f99e814d24bf4c6d47112932a7,1,peeling
685bf0a4a4184f63b99559690d25e4451e021fadc53448c38f3202c15324b1e5,1,peeling
7990b149fa84417abddeabe8ed5b5a25f2687992cfe840bda3fb7d7c5d7c38e8,1,peeling
99d498500cf94305a2cba6c554bf8a2b2b16cf316d954a769d28a7280c91ecc3,1,peeling
1a68a8831c4e455b97af1750b996e929481fc772c05941c89da53d1d3a66360a,1,peeling
a491bf132f4542eea3ce67265b3bde03125929d028064b868bac75013946c6ab,1,peeling
89d26420eff64c0eacd4d25e8efb754b04f3063bd0c849fdad1d17ac6d7fc740,1,peeling
e34feefede32476b94ec57e661540d322aa29cd38f5443bcb5a06e1739418181,1,peeling
3e304f6e0c074bbca892d849fea4b13e2c0d3b4d070e4c3cb42fe396284f736b,1,peeling
dde27b3e9cb242beb3905640ab0f924c0997fa9a7bcc4f0ba05782c556930956,1,peeling
3a7cf3de648047ed8b27ae0bb8ebd91ec2864cdd5f544ce28996b28d86accab9,1,peeling
4b6cf0d8d0344781b422c8e84c7f04d7030d3f7faab44160acab50e4a636db23,1,peeling
c430ca638cd449af8a8c0912ee7f0a99501b4e416176411b93b96ada755a46e9,1,peeling
e0e19229b1ba4db69cc0cc8a72636204bd6e24b91a534588a79e791f3c08378a,1,peeling
bba842a92727428d83d9d064a5fde06cb65ba605f73d4707a3562087c83b7e9c,1,peeling
5b8b5e4a19b44a83b2b7f3c375cdd0b64486b3eeab9f4b419512681385345b87,1,peeling
2bd7329fc133481fb7f4a5170815a78af525f89432754398a033806f2804dcf9,1,peeling
83921643079147d5a5e584553fca6ba7d7837374cc7147b49bcb6074743c8ab5,1,peeling
35f67ad2614b49dbaf36cdc616619a7cf0c0ccf1ac5847da84795d50922053ae,1,peeling
aac38a00f9244cd7b31c8a41178567eaa372337fca444405aa6733ea6b2337e9,1,peeling
0c8d802a06dc4f0db2b192253d5bfd672ebe561e31634d37a9d88ba1fcf6bfcd,1,peeling
a149f5f41f31466cb47e5b2147237deddfdec10792ea43d5b93ddcb1d8a732cb,1,peeling
856e637b06d0435e8ac6e63b3084b7917fc96e587f84404ea0a6fceadee45f02,1,peeling
ef7fb0b0c78249e1a07373531e4f8900eb81332f75d24ac9b38e6bb5cade6058,1,peeling
471f6b609d5f4f3aa4f4e01d151a3630159aeefd76744998a8a71dcab3f922d8,1,peeling
38a99df43b9e4cc8b1451fd25b48ad9b9921eef0e0374303a211f6df1f7a9c00,1,peeling
81669d73e28643e69b22f6e0862e3577c25184db5592483193c9f4e6c712f569,1,peeling
a77bd6121cbb4a70a51390dd8872abe21ed09d64130241f2afe8c4a3ed1d4a72,1,peeling
7cd6570ca6854155ac007cfde65bb8843d62dd18bd4e478aa0ed3919d044eeee,1,peeling
e8eccd7e9f1740a3b3ebff1e2f998796ec1ed448f57249a0b668dd231bccc9a5,1,peeling
cff85bdb70424a219466b39e61d5a690b3c9232aff1b4a4a82ab576a2b2d2040,1,peeling
a0abf365dadd42fca252f60b75cd381b985f4e46bc3140b890e1258324670977,1,peeling
5daf9608e55947a28c749d78348c026693b569979ddd423590df20805e163fd9,1,peeling
a6e3eaa88828495897f308507ae8cd5d0d718bd4ade7486982a860b51c4b5fbf,1,peeling
1008b63d81de40bbaa8d0ec5bcf28464214bc5e8db1347b99ac8c85e9b5b7ec6,1,peeling
6e15eaa94fff415880cbe9d6028b1e431409e59c84ee49b29285a29354638154,1,peeling
83d4606ac6ae4fad91ead1679c2aa373b58ca89b892f4619a286b0bcdd59e271,1,peeling
af43a8074eaa4449ab7e50f742b5561cc635dd18ebc446daa1e4569212031c61,1,peeling
87faa28b57b44215a5c84e763f68d2f5c773d3f62b4741cd927d16827180c67b,1,peeling
871727f623004ec6bb558f4568d9856460f4a7bfd6e94040a09de46072beb048,1,peeling
5300c85f71be4033a8ccb994d1193f44744ae6e2eed5493caab0dbf942fa5938,1,peeling
c2ffec7d6c0245c1a5413435977a6cab8b8bee17292244adb1bacedc756c7da0,1,peeling
d53cdab57aae407bb73876198cf3479512b3f716579a40868f24f9562f8c3c0e,1,peeling
7ddcb0c1e5904ba6840e510969fc62a2de282d0f3fa24590a0a33c6be98169b8,1,peeling
023a32fcb85d4880b6014ec9df8c53272474718c14004018b0fde52cdf0bc76a,1,peeling
47e78b92905c428d88a0546eab6895c0995b1ac130de49209ffc7230d5ceb850,1,peeling
30a1b58d831345e486af3b1e9aeeefb3a7a31bbb8db24067aa2ed0d3336a327d,1,peeling
a667a8fbee5040a8b580d5878a42b33bee76b6f71f324dcba9435534834d1500,1,peeling
a5cf23327cb44ca2b51dfe43b0365e06f0c6624484ee4ce5bf7ceddc4c316fe0,1,peeling
8d0e95a20dc9453fad974f7ede28e0c3922bfa6cc2a84dfea00ca47b20eb689d,1,peeling
34e9017b1e214ba2a83fe688cd9fd9381bebc4cc04bc4d2e8b5a029737f42771,1,peeling
a40794ce8a7a453289f5122a7b876a1c1ad64d12c2b544fabcdb186ca190a78a,1,peeling
a86bb0bad0c341c3943c9003c626559f108856ca8461409793dc874ce0837edc,1,peeling
61c04ed7d6d44bce859f8b53c6d5a7a074b0ea06b50d4698b7a92faaf5cd0683,1,peeling
e2855549005b4549a347ba9c60114b910e0df3d2b04d4be596eae215a7c6fb1e,1,peeling
d2fa22a9c0324c89ae44aa155285068753e3d5ba9ae546c19d8e399d328d36bd,1,peeling
2f5a7aaf88a84d9e9ebeb77cc49d573603bf76469780443eb907f6b01d688e34,1,peeling
128db08478b142e9a8e954163f3eeedba447d8f5a5e74f07b3d8b9a26fa6cf83,1,peeling
71989ef7d8144a65b63f435ce0fc6e44fc292f400b07420fa88148143c6611fa,1,peeling
042b5d6c6a2d4af993c7178a6ba6c104ce32d8f7ef71403d93a27e5fac30dfaa,1,peeling
f7affdc345b44a509f4eef038dd876caeb827381a40e426cb4c441a95566b8cb,1,peeling
12b552c17dae408b9ee7c2ad2d20461eddcb5ecd40c94d72a28193cec03eaa5c,1,peeling
60b637b0663f4a85b4877b1c6d66e34db6d1b40037fa481081154b524b693420,1,peeling
4ee36eb2b1d44ba6ba5e74cacc6a95dae0fac114ba394c679dff60553cebe87d,1,peeling
a00d593ed72e4a248c3a99acb11cb9f3a585528507da48b88c34a634d3dd9187,1,peeling
15dcad5ecacb42c78b70f92a9e9a7a6d359da23d6a4b46ac848ed5037c786c94,1,peeling
42e956f5ab664822b54eee57a05110466574c9557e7f425bab09ea94881d816f,1,peeling
4002af00a72b43d79bdd8c9a34cda84ede36f36c008641098969a8b852b6d7b3,1,peeling
035e94a332464f339933e1a35474ad6162c531c9f9e74088818e13bf5e3f4df7,1,peeling
875bc1d64986496281c058c99b6a94644f0daddf64dc4d2487806e8518574a84,1,peeling
e2bf9260d41649a2927b93d1bf58375d28a9bb2d150d4c01af2cb368bc8a1adc,1,peeling
664045ca51bb400e96355b62f4481cd8f93f150a641649caba67370e1ec3fe07,1,peeling
f756f63040ba4e648329495aa405b1581474c6bb198c4596badb4bb11707ce82,1,peeling
a636a397021e4035add56ecba2966c9dc64db2098b6a41bba06672db92baf7a7,1,peeling
57aec10981434209a5a52339dea8bd07af4d582d08854be0908708863a07448b,1,peeling
5ebbc65bd6024ad899b4a424182be281156a0b79b9e84f4dbf6233117560b865,1,peeling
6702c4f1b3274f67a6a8db7d8dd797ee0cc46eea529344b1b42b2827696c87fd,1,peeling
16906bd75a9a47a283c38c77647e3750e71d722fd94d45c8a68ceb1db739a7c7,1,peeling
1107a4e9abfe46498858284534dae0f677c7157a550c4a0fb0a42b1bd09c8c6a,1,peeling
4fcfc3ed9cff4815b60cdf66b3ec61f2b6f186da6d5b424dafb9ab698ec44800,1,peeling
3a3b2b53eca24d94b892d68040dd5aa392c1e70cf93f4081bb87a65c2eb4b9bd,1,peeling
58dc60aa4a244bd594c238f549ae0b74eec279d9a0f94c99b75ae2da539f53e5,1,peeling
fe83744bb92c4a04a7817380d2c3da3a3ced6fb6c41947f3830b8d40f22d6115,1,peeling
5a9ae7e9034b4ad3850a6f0261af37e3cd5387ba14504b95a244d419badf2be9,1,peeling
c1aa0def8b724228bdce9511aa094412f7bda9643b1444dc8bccc09af6f99261,1,peeling
13ca0dd7958c423a9b12df7c65c996753763b3cde07c43aa846be9234c91e3b4,1,peeling
6590a1542f754251bcec329430aed90cde59cb87d4e04f3ab24b78f1dd48f002,1,peeling
df2ed1b1ac4042c187db12335b5990766621e94ef70843e591455b80cf6d7be8,1,peeling
fddbeb038219471d95a16f1134ba7e7ac190f8ec2a2544f0ac3abf5be259f50a,1,peeling
38d490a69d5e4ebdaf61800e11efa8cc3e7258b602bb4ea0a241ec9cd9ba22b3,1,peeling
c838d1bf2e1942c3b9c6ae9adca474d78bd889a1e6b84162badb7a6bedd07a66,1,peeling
7e11a073c2d54f1fbb4f83efd7d8e2d0a7d65a085d594d8d98909cb8b8486ccd,1,peeling
3acbf974c27346d093c05d08a3593a5e4d76e307cd4644989376249e1251ed9f,1,peeling
acf629369b3c49c8a4493e23c83d64d9f743ac7d7b454385bdec8ae1231a9f18,1,peeling
5726e425113b47b2b32e496c0895e7646999fc55b3eb447186db81d63b1a3ac7,1,peeling
fa5c10b8c40d4d1aae14fb53ae6151606e65c829dff2494c8ef9a293f19c5a2f,1,peeling
9bf87ec9d6624ec9a2b76a78a809c2c82b0c8136d52f415eb83ce70957cc61ac,1,peeling
0a4c43f954a743c6abc1f574a9388d9352e58ab0aa604020bf6671ed87a2c672,1,peeling
454715b68d2e4cdeb8e74511439afd86e052b76b72bd45db8906226b5a06db9e,1,peeling
d72d9eeb227344619504f309476e5711ac68a667234f4834b23c1f5f600c3328,1,peeling
de634cac4447427f9264f4c5150eec0b21ee5caae8e84af3bbe5a9084846598f,1,peeling
19a48c3629dc41cbb270ce8bc1eb246194221e144a424aad93ad8cf5d15b45a6,1,peeling
3d518feece62497c8fffea1e0b08d8b881c8beb5220a4f3bb368fe7937bb0b04,1,peeling
301a54c3764c42498090efecb18b72f883954b4aad2540e1ae9a1938cebf12ff,1,peeling
49aec76a62264fa9924f11d33577ab74bc3c0619ffdc4dbbb1037dcd38fa8264,1,peeling
c4fb9a08a2cb4e7ca6fa4cd32c62435fbb5edc2f5fe84825b49c8e7fc65f3023,1,peeling
3d6f03ce6bd840faa16dcf12cb4d4d7838a177cf155e4231a97d71b2b92f3cf2,1,peeling
6f70ca38d00d4874b4ecd33934823c4676e23145d5a64ec4acfbdab16d94249f,1,peeling
4d3ab8cf785e4983b303d8b54d73e4e01ca1dabcb39e4459b3853ca1e5294ae8,1,peeling
ce506bfbf96d433ca3038f77e9615721c069864cd04b4b7faa0e710b9ef629a0,1,peeling
f5f589272b594a07a2017688aab6c89cc5bc37fd7d5b47c89ecadcff6f99156a,1,peeling
8b3c29a2883444bca53c64d4e714bfe3f38d87a092954f048404f585f5bc9511,1,peeling
f947eb9cccae4ab296efb1db0294c118e0b1ae3dbd274b12b111dd7fe32f4271,1,peeling
717072339e174a959a384d6a807ea3761a875e163f264b42b4ef28b6d244ece9,1,peeling
624f8abd8c344fefa86615067944cfb07acf433165ff44a992dd1e8e7179b1dc,1,peeling
ab35675a31dd42689b02c12264d9e81b3e2c7f4d066141fb81fb62e279850686,1,peeling
7cfde7e086184e0183d7aafe4b19608b60a3fa5373d447f2918f2a05e9704b09,1,peeling
3176b20253af453db554315427ccbdb2167e8d091fe3429e8e0a5ba3a22ece37,1,peeling
038395a5df774985a35e236eebece71e7abcb9e45608451483becd6b68d5bbf6,1,peeling
a12a66c5a52a47deb432913d948564c50022a0ee4c6740438eacb10a272ed9e3,1,peeling
fe3fb906272b4eeea6135452f60b0060d90eb780142e4e4e8c90f8f71df3d121,1,peeling
cf4c61bc1450494fad01bafa6595287a2fd5705ffee74bffab6deac38118a684,1,peeling
1916168ab296422f8c55c936001533fd91d961db4a6644569c4d4c6bb6db7e99,1,peeling
451f53102c1c4b20b8b81d2f3714db8b6d771aaf66904f128f559ba979732f15,1,peeling
27d4b6145ded41be82c5dc1960cc23d286e9ecf7a94940a1bd07fe7205e52342,1,peeling
14a1a452a3aa4de88cf5fb106b91a070361443bbc95d4f359f76d672da5608a4,1,peeling
1e3d01972b5f45caacd186effb5efb9d68ee3f023c3b45dbb7d3056d5fb98199,1,peeling
0ca0248812f8480292b8a904c17a86be10297f90f3214ce0bf5346fa22337ea3,1,peeling
cdb83f6b6a66445789416f8f556c0e084bb7d379016f41f6b9f2ac1a75e7a150,1,peeling
b7908ec9a5fa428f812f2c64311dd7bf3042c55dde784e039ad6fb16ae6ba47c,1,peeling
6dd2213620ae48d5991744be6fe6843aca214ac9114343c3810d04b471804b11,1,peeling
ad592356c3964e42b9dac96c2f7f1dac98cf935e370344a19c95fd2af064b3cb,1,peeling
fe573e1154194c12aa8afcccfaa2e9f5615e897433604545bc8873ef7ec7fee9,1,peeling
816223933ee74a6dbf3545018a87f91244808e16371b437c8e1214fce8754399,1,peeling
4268ceecf4854118bd84fdcb149b86ea8f441439702b403093b7adc87ff0a574,1,peeling
dbe8d5da65854ddb9e46bb6229b1de487adce5a8a7e843c1b5660d4daba94fb4,1,peeling
085a95d65d73480f969e1267a1fe549716c791c53d8e434eb11a00dd2c8ac3a4,1,peeling
aba78bd459b749b9bd35c9722ecd3a312016a042a0354146a63f2c4c89629c1d,1,peeling
ef1b7c480e1c4877a2f5ee012ca1efce83cb04721df849caa21cad31cbfcf43f,1,peeling
cbc1bb62f61e4d658c573d5f9938d402434a188a73344e76abd3d70959908c81,1,peeling
7c281c1e567c44868b99c3b6fcc8a00e420877a99263488d850cf6c810e36fed,1,peeling
154911003b394aac8a422f09a88ecf3ea342229e0c824969b839e9cc85462273,1,peeling
c051a0d6444d4524b7c26c8c57c5a4eeef0fbfaac9754bb3b4038a767b84cde1,1,peeling
68c34393dc43457d8379a6f87598444799be095768b74c0f856f4b304a85bcb4,1,peeling
f93ea809132940cba926f02e41acbb75293df286314d4f38a0ded54701ccf94c,1,peeling
8c42df4d95204ac3b2ec6000578e30947794eb0d78444f7e89a8f15369eb535e,1,peeling
db9cd1f51c4b456b807a7f1c561b8c280e02fb78864e4ac5a1afac54371acc5b,1,peeling
bf7cb3d3dd284528805b4d337e9b75262cef330c51e044948faed6921d593402,1,peeling
70b8ae3d6f874fa7b117ca82ddb136a8634396222bce4794b74f424d1e56a71e,1,peeling
b65f969e75324b0087a695762c6cb30c448316d87abb4732bbdb767578f8692e,1,peeling
d8f8d83ead7d47b586de7267588d7307e13216dea5b34a8ebc8198a24ef6e04e,1,peeling
e6168dcdb1f74d8f9be50605cec55bd44e168573590f414792f4acb76ce70267,1,peeling
3d2715d8473e4d038e777af4ef04c885d5239d7c87a34a8f8221a0e2fae3a1a8,1,peeling
290960220b294d15abfbfa74ed9e3a8083da7bbc34334f5ab50d11892341a026,1,peeling
d4478f9564c641efa5e85376e060cf02fa1c19ba63944bf78a203b25bd03d62c,1,peeling
e4c6c83fac63453b9bccbbf3f0d8853775d1830815084ad38e6976eac482d0c4,1,peeling
4d475292bdf043c7816459d6da2065e9f90692f5fc894e979e80c6a03aff9ada,1,peeling
ccf7b4d26ec945859e4589e48c058caac98d8d8d96834010991dd59a128114ab,1,peeling
ab1a3fdbcf794ebe97a143cc0e6041cf85d753429ba646a69bb8ce7c05b2a6b1,1,peeling
fbbac4b19b28424a8cd0525e60343829c3afb4ad4a1f41d585f43d0db4e139b3,1,peeling
5604ee0f29ae4571992ecadcdb06605c58966197642d4ae89be4c87b60ea217d,1,peeling
68d28f3051734803b4622f3350b94804860b82673bff4352a1cc40bb14fbe642,1,peeling
ff6a1486e7f3436880a7588571845708421c923f44df42c49c05f10d472653e8,1,peeling
eb215383fc6d4155b0c7a79d7f1a37f284a795bc77ef4f919626d88c0ee874fa,1,peeling
a2f194c233fb47a397807c350ded9e10f7ddb5a1a8e741968f3938687812e419,1,peeling
134d2b0e527240078348ac784e5e562a2661209830bf4015a9f3d1aba87c3784,1,peeling
c1f4ad53f21142f7b5b7ffe24ec1d5c5180919579a9b4df4a638a19db347a6f9,1,peeling
fb7afa6be77d4a7191c663896770ae6fb474ca0e7f9c413f96b57c55719c3acd,1,peeling
3b0b3f2517e541c6a1e923720447777c4d4c68bb74334ce3a4d512e800502c0c,1,peeling
7361db5725574990b156301de37d797953c0682f6a6141bea2d8c3c4f3bd490b,1,peeling
6a802c69208c45ecb03f35598a001ed462f36759010043b1bbc949d6bb1cd549,1,peeling
28b8adf1e06e486cb0f0f1010ff1b2402b7a77478f2c4199943e702498df00c9,1,peeling
71a46744041342ff820da7f9bf4140f34f13bbc7f34546fd9d96b04414d6e3ca,1,peeling
9743af313a5640a9878e7e38804df0da177a3b7f2b7045eeb93762997c44d813,1,peeling
2c423c265287457f9da026a355aeb0723a59dd75b0e948baba80a25647f61b5e,1,peeling
14080e63717b4c24b25862c281b9813ae8a0f97f0e6849de840c9fdcc1afabda,1,peeling
cd6c9784c0c745ec99ad17a9d2412796e5b707c893874425b0404e6ff9688278,1,peeling
9388ae9fbdff4b9a905d526e1975cfb3eb556c45a679445daea000e896fb0e9e,1,peeling
aa60d1398fc340c888358977ff85a219af56a6aa4d4c434c88ed0373d3458aa1,1,peeling
f0755f6e28c1479cb0316fd4f0a4fb04b5c776a90a4244648fc24d61d9ff9fef,1,peeling
73f970bc8986472a9ebcb930260d8b6d589a733935a842b188c0ffa274cf5cf1,1,peeling
69f56ffb9d4140438d0b9eaf4d60bb77c03fa30c866b4719bf3b6aa96ead34d1,1,peeling
00e13957a1b84fba8ac0c9e7e757bc1140fd0b95013745fab82cc6fb160bb5c1,1,peeling
e91937f7623b41f0bdf5bdffa2dcc712e456b497508c4371ab434e08eaf0d310,1,peeling
d2f89e9f6065417f86d8465feaa9e6fbe4f5ec15f1ac4331957bcacb579242d7,1,peeling
ab9eacece33447c0b881e7dee9231bb68890dc4e158b42c9a5075320e5c7d0e7,1,peeling
c68fcaeb97ae4b10b9788615cc91652ea47a6b70c45c45588ba86dfc276d9dda,1,peeling
b501ce280a7f43dcb5d3466dede6a2a2ab0f68d7dea34adaa4c8643d972e4e35,1,peeling
69425a4f09a2423e931cc7106f0a391a3c1a6653160f43a0b16a4a957b1b7f34,1,peeling
6bd3ffe1942f43bd98ea743fbca807d457a473bcb1834d059219a581d076021f,1,peeling
b4c52d25da024233881a3a29bc38ba118305fedcdcbf44f28de66a89e8dd811e,1,peeling
2803e33a74ba4fb19c4568bb0936c42bda5d563b585149dc9a73ada934d97035,1,peeling
53ba7d5c88cd46909b9f4d3509aab0748e5dcc90ee014ed98e8c368e77adfec7,1,peeling
a43422f3192d4afd98de7c3718a8a4784490fa9d2e70460e8b3b946685519267,1,peeling
f08581df2e78419fa3339e795bd243491ade1dd6ff9a44c08b413cb0e7e10429,1,peeling
dca06f53377540b7a15324411a9944d526ab03cf6430454784ca2da777682a49,1,peeling
f2065c010f7949b4bd50134edd894a53b366d48cb3f9491e9afc26733a0417c6,1,peeling
745bad07547a4d669a87950f86c2dac3b1cc08ac3a3e409f8bc293c8fd5fbb9d,1,peeling
4892750a8eff4861bd2c3eb14f06c01144e9829e9bae4cc1b4b4a29541f98199,1,peeling
5a56c046b44d4fb6b659232b2033ed8a3a2d232f83324befbd1c0926a1b4a0e8,1,peeling
6342f6e7dfc14b6091efde85175db6f63e145b95c54542618e38f8570dca882c,1,peeling
23014a3dce1246c9b435031f5e2bab460344a16be46048c6b504d3d4a8e21dd0,1,peeling
16e7c5eea4d846cba99aa56b33aa0c514cb5543d8e9b4fa7a74e46a840dbd9ec,1,peeling
ae01b591d8934099ab0cc154742ef8d240a3c2bf568c4cee9ade59e7bf2a229b,1,peeling
2f4d896cb8784c8bb18ab16cd656ba2b2558fda71a444cdfb6956603b2308f49,1,peeling
b795272476734c72b6826cdf37c2c0cbec6b97fc343d4fccba58c10cbcae880d,1,peeling
861596151a264b8ca79674586bc7fe927d6621b0af754419a5d0bb415770c7f9,1,peeling
f81ef874419543bb9b65d1550e3d89061cd24c0ed6fd4dde87c24de1ade37d73,1,peeling
7df1e5c19ed649c6bb2f72f525cd00c8d77ba31917d744e5937f8f8cf1acb1c2,1,peeling
93b64630a55f4f239071ac0d3140e73bc4c52c9a993f4e5a8c53a2f61610b0e5,1,peeling
80863afa471c414b8269f43c9a8b0d6cee681363e28d4d67a247cc6c2987a59f,1,peeling
3c95e0d45dc2410ebf5b30e56042f55df89fba6f60614611b5956302bb117833,1,peeling
a03824a47e974ba699f35bc2b39c406fab4b031839774f98a06e3a72cece9581,1,peeling
728c0ef42838445d9fb9849a0f15eb08c9860e571d204aacb9dc1d432417322a,1,peeling
34395b3391574c288fb981e9ce315f6ca689b79bb8e7463d8df7e3a72e6eee7d,1,peeling
d7cada0454b4495792d9eea54c801c92197adc17d263471baff2f56f8c4d2911,1,peeling
cabac4a6db9c4bb0889fcb30b4376fc4f206cb15859f49a18d96b0a14aa4a658,1,peeling
851e13426bf04104a493df97d4b9d32028dbef5c623e4e94802617a6ed2ab16f,1,peeling
0ce36931e1f54856ad12711a2a629f2fe57c376f04b84a60906613c8c052f45f,1,peeling
4422410a0324459dbca3e1b963ca242fc275f75b01b64f8d8c7684f152def520,1,peeling
0df51e2328354a16824285ef54a04f385487b4d67bb84c87a6311728e21b361f,1,peeling
6e5cec4dcf774b74a9c197b090560ac3ab0b3bd5ad2c42929c816e24fd20588b,1,peeling
aa8b95dd8fb746e68ee2673c07f257a4d2d51096ce84415581ee436c4dffdecb,1,peeling
f7932bc2b1ce49e1aef4bdf07304553bd1e363743baa409c8947d0b908fa3373,1,peeling
ee6231b2dcd94b339c5b869a1371584d98812420755846d19b5f82b3ec6e5b4b,1,peeling
8845ef9ec0c542f29b267949278847a2bc75b7ce854a4ac895d8d959894f7f4d,1,peeling
12789bca0c3f430fba01f0f45a72615ff0d10f3b38684326b0bc5784824cf1cb,1,peeling
a0230c72331e433984c2ad51bd0420771fcbb9301f88413dbb4695f1742f54f0,1,peeling
3b4c719d2db54a74a5e554d7b674d1a1f1a6baa5343f4880aeae1f1c54afc38c,1,peeling
5d72ce152c8f4373969f0435ee4bf949abe07d232712455e9084dd7d1f71591f,1,peeling
6f066569aec14f20884f55bcf882d4a9813247566bbc487f8506deba63a224b0,1,peeling
a4b88b4a61a84d8eaf7e29652b6340fa36fccc7013e2455284a9c8b199fd3af2,1,peeling
35dc3292504842329eac329f2ff90f4b721ef3eff5f54f9287bd6e48bae5c14d,1,peeling
a82deb7ea088474f899e561c5a13a3ff34f4d2a9a82143119a3606cc7d39ccf1,1,peeling
a7c556de2c984fa8b481d6bbc3e7ec9aa35f052121fc4ded99a81a82cf424c06,1,peeling
7b159484ec334822a32e9b87e5f8cf01fec23d0654164c25b36f715bd50be926,1,peeling
e918af1dd0754f1c9ecb63e00828ee6656c7680165c04155ae82a9abeeeaed42,1,peeling
2d54c2eddb254722a1dfb878a3edb6213ca492e4aab84d2c85cacde3ee5904ac,1,peeling
89ee24afaf1f4f4d8e787612c6d32aada1637f42adf540c88c30b5f6f916e7e1,1,peeling
f41805451578463fa91a49c2088c5894b388c18358fa42c49ae010a1b9cbf66c,1,peeling
58d4c8be08ec45acb56210b77c30267090084f8ddcb547f8be3100a1890ab703,1,peeling
5ee4170df9524938a2efc2a04626c2da52d5231f98f74856aacf51b5aafce1a1,1,peeling
7dda25b47d1049efa3524d71458b39ba4795c44861794b84a3b4b7bca3bf63d8,1,peeling
203bd67545284e818e24de313e92cc7b87c28caacb234e598ca8ebd571d92cad,1,peeling
993cc0f4f98a488ca0b32ff404a86cb6a88eb2a47a894f83874fb190e98c4c08,1,peeling
6bfc1989fb2b49f1874aa78ecbd993e86491a6f665ea49aeaf613deb5b06c0e9,1,peeling
96e8d04e24ae48b2802df3c3b088bbe8891c8e92871649f1a498bc37090d1371,1,peeling
bb232899675548bbbb9a186c4cf38390002e685a3c0346f99d882a9d4c8578b7,1,peeling
2bad56365ff04a33b1b9543de9ce81e154b583ce8cba4795a608564b6b901ea4,1,mixing
3a83e683cc894893b015fb0954c3e2e79ffec5ba10244d4fb10f4f630772fb1d,1,mixing
f6d96766fbdc4881895f4023b6feaecd561fc86d67284b3e8712dc19651d2e52,1,mixing
902de83204d14c3094aee8a82db82a0561bc54ae02144ce3b81e1950069df255,1,mixing
394b41401fd14beca9a44a24d74b7ed60db1fb4acbac4f4f9edc7f1ef840be47,1,mixing
11a46b8ac32946eda66c49d9f518cd69c58bd74e32634d9b94f23fbc4a475881,1,mixing
af0b26d32df445d5ac35900092d24d4576fb1ad5da33449fbb1ec2c2a3347e74,1,mixing
97bab9a4b5ee48ed9e8ec089ca84a66e29480f626ad945f9a2559c2138b29442,1,mixing
8e85ecc03aa245dc93ff88399526c950ca71ca5fb67f4778863485a0b563950f,1,mixing
8bcc9cc49769496fa55137087038c30a361db47386c54155950f1dcec834e7f6,1,mixing
0e50f6069ec34858a794e46e83c6af491c57dc992164413997d32bad2b719601,1,mixing
8e2e8cbe246b4655a7c8e4b11e3727f06820af750cd042eebd92bd568d42bf40,1,mixing
31446cc9cd024142967234ce21cee9019520731fc863416fb3a7a760e422c04e,1,mixing
98813fe4b16547389cb31d8cf8c2857ca1a4ac52554942faae7a07ecaa14baff,1,mixing
eb2dd0eb69a642ab8cbf4f51647de4914f03703346f441f2b21634f3a2c40ed6,1,mixing
19e891a3771f4546839fdc6d8bda48508a64a4513e3242fd9c6f70f522411d40,1,mixing
ea2d4fbe9cb7481cae1f43d78f3ab78d8c75585622a14ad4b421cac7da08c59e,1,mixing
7d60c467fca443c6b617f8d2082cb67b88652b9e0098436295eee3354441d6d4,1,mixing
f14a45a0086f48639b0c529de16090c26266b1c7110f4586bb1f95d976bc4ec3,1,mixing
42581bd956a64170b3d80a6ccb60ef95e2c644e5afeb426082f8751cb3987fc0,1,mixing
ab2431260c3b4655b0444fa92b358768ad18f7e374ba46e89477226cfb321266,1,mixing
22a0d7ffda1447cc83a07c3a7f382ee5656571aa31ca49b5ae13c53913d08d07,1,mixing
60f1570a4ec84734b545712509710327ba265abfae504f1e868e80bea1a6d9d0,1,mixing
d261a217b0334a8786779a9dfd4e565ff87c6358bdd146fba7261af0b6b2c404,1,mixing
d8d9203d3d7c4f90ad0d123caecafd693a714e1ede1a409fadf05fa53b5fcd38,1,mixing
265670e562824f0db22a3864265b07e2ce89adfdc19b42109598efb24fd7d247,1,mixing
33985149f6604ea898b9a45fcced694ec92c183168434b48996d040e1988a43d,1,mixing
c225f1c717ad4504afc74a36d0046d4ba8ef8d483bed4b08a856ad235504c6cb,1,mixing
33a7a59e6f424cbf9fc883a9d3c12b84a95027ec8e1d4b709b6d073ed68cb476,1,mixing
058292c4f35b44539cc6d3356ce08ec15761f9af44c046cbbc27f67a05363bd4,1,mixing
5481626eb6fb4da8a31ec63e089617401fa7254d68304524836047a6e7ab6e03,1,mixing
83bf866c42e24f7dadd5e8bbdc172471ceb6f4b521d2474a84ccf21158d831cf,1,mixing
f8e8a9b80a7d4061be1b16faa32a80d0e3376504b0c84700b5d386aaa0dd6024,1,mixing
5548c777caa6476f9c3a7c13475fd135d2f92956c70341a394a1add77d7e9f9d,1,mixing
5aa00494ce7f45eea15da6b7572010cf286d52d664e8456e9616434cc87cf1f4,1,mixing
428eba053a804f79b9a53f0c634a0e93aff300e9031c48c49b9e04d17bf63d92,1,mixing
de7a0e736b534040a13a059a6db4e78d9633c3bf80d44c5d8ccf47a020073fcf,1,mixing
a00332d2026a40eb94f089a8c0beab492b9020ff37454ee8a95268369c46bd4e,1,mixing
d23986ecc4f1432bb366c559b3ce8349c936e6f7d1954ea686f90677b307c8b4,1,mixing
fa15084e9cf345ad9056eda94ea1b47b949e82c6c5294376bfc568918d439cd6,1,mixing
a0b8084999b94ed28ea84c983e2eb82b7aa7796845e542899106868dfcdc9e11,1,mixing
46e6d3a562b94eac88008c0c627fb04ae18822ae8a2c49268884689712121f05,1,mixing
594b313a283940a090c11acab96e703a1224505d81c84d4db32f5bae51e9531d,1,mixing
9b66628254ea470597050ee1942ed588296a808c80a04e6987ce97b22b9b4565,1,mixing
b9e40baf868c410f9f5f2fa78dc73656d4cfce29923649999f48e43561774005,1,mixing
dfb438ea302140ba9ab06efb14a84ec410aef4a474c94314b5c44549b0496206,1,mixing
7d6d8508caf94098af9d8cf8ab3261b863b9bc0827ba4c0abf6e5955cae0026a,1,mixing
f37120dcf3984795a71c5a503203fef26e79af7ce6f241eabe3bfe151aef447c,1,mixing
1c3a8a0257d940aa87989cf7193b232de74967d1dfd548c2b8418c65322e7e15,1,mixing
b8385bbde6a0423387d82a4ddf0502919dd8afffd9eb4e6aa9000fb213ab1cf9,1,mixing
3f3ea8b23bd34736a417aae3cb36c125301bd3ce494e435f857076ba11bd88da,1,layering
97097dd39bd84a59ac04dafc6951f4c98bf92086f6e3419584fc45cbeb2f7a11,1,layering
463b9cadc87d435c9e0cc81f637f0b5e5653830b1df24d4aa5d8e9372e568551,1,layering
a6751b46ea254a9aab5366711954755e5ac823431fe041af935543200343194d,1,layering
64e8261c9ec14614b2405cb1465efea6b7ff5c6ab6144b0e8463346b6c087ee9,1,layering
2239f4a430ba442f9eada1cd4c471f0d2fb8f0e16d164a0291e065342cd15e59,1,layering
ee5fc4ebaa1f4e2cbe8da209b3e18794f8e6740c4b7845a6b3f16918726413e2,1,layering
219dda1e7082482e8120737805de64d5b3f3aeeed4ac44b0864483e2b0622316,1,layering
f83db28df1ef4870b9f65863d0f301c622002aa6c45f41c891b6b5ad9d0c5102,1,layering
8b7a94f278df4cddb05f8e0528ccadbdcb823f657e7c449cbf51a9a4d507638a,1,layering
98bb45da8e934d4c878cbba90d9cc185c131df95a8334fd18b4c2fe8379bba12,1,layering
ce83b90de1554b8092a1e4e0cbaa836babb5ea02735845fd98d1ac91455f7164,1,layering
a035822e3731463e979aec8933415faed76954c4a17f4420a913e704f6a79f55,1,layering
7eb3b40d707d4fb5b7809961e8fd56fcbbf0fe0334a94ff48535b0170a289c48,1,layering
052de74bc3164b43b18f4e8dee9d36ff7b312dc1bdb845d2bce3591270da5a34,1,layering
cdbc10ad3510489aaafca51b0dfe3d7d3832b23bb6044d3da953262f8fe6c86a,1,layering
5a351aff8d52416391c3203cac56cfc034a73cd7b39a4567a0ee5ad05ec785a0,1,layering
c6140151def648c8962625501ba1bd4d9b450365028f466fb2398230b879ab31,1,layering
a69f35c5fd9d43619bd4a07bcda501979529eb9e1e2244c5acbfd281c74ae57b,1,layering
f01a2bc3595d46fe8bbc0a5648af62742e8516ccd4a649859365ce132240c9e1,1,layering
7e5dde6e3278452dba8d814db8bf3f11d15e5cbc10eb467abf599f7f081bd042,1,layering
43f0cd9da29f486f86d1520a00db20dc38507f674e4344a3aaed14998018c33d,1,layering
186d9b66da3141639a38a008ce1b52876867008178354d6e98d0d84a3674eb80,1,layering
8f2a10540fd54983a042bf6b1204f017209bac9aec5a4b3b914791fc1421184c,1,layering
828023c0c19c42e9bdfa7bdad82d08cb2a45be93c8f5491186908a94b54012c0,1,layering
2a8fce298b694c6aa55c75dfe0126212d4b5f3b49cf847eeb257f8048916936d,1,layering
89c21054be3945609b3c97b258e8cb5d6f00a029feb242f2b982852f780e5214,1,layering
2a2a802829504113be3ef68200d8d8b36ac177c21a724feeb16a041090c03763,1,layering
84d772bd1e9442f1b115c4bafb75ab25473ad4b7c3fb48dd9db3e56bd1b85432,1,layering
62e61c040e9940e186de00c292eb37426df698771fda493ba9600ccc92c8a842,1,layering
8b0ebff529ff4712afec4080c249327016c22b84b51b4bd2b2d2f0276ebf854f,1,layering
e5de8a5973814fb284b35feba2ab30fe730ef928a6d44805bee1ad27db6e5262,1,layering
504000bf4bce4bb1b577b45d62fc097e6f1ab78fa6bd4158a6977ebfd2cc97ec,1,layering
70f7caf86ffa4fad94a2b5cf372f9ece09cc5f41f33d4ca692fc2874300e1dfd,1,layering
9f93509c13424d00afad8ba1024be713b973d04f642643e68cf67519ba62a79c,1,layering
8e22af84aeda4fafbc524f12c9b1e53dab49eb9c37d94e4d8d17ff11a7f0708c,1,layering
cf3d417836cb4dacae2579cbfd579251e5a0e2ee88304ac9b149d8c93c44512b,1,layering
43c7d43794af4037af697021e4cd02c6e4b4b1e59ccd41d88699bb6602c25b3a,1,layering
f0b2867897c8437da7a8dfbf3664fc5ee8812a62333e4d65ab45fb80fa7e8568,1,layering
2ce0be1efaa54c0e88f4134e367a9114a76cdc4554e041fe92923679840c4b75,1,layering
29bbde9bec6047608b10b25e453c562a659df9f5db7a4e7c8825e89891c1018c,1,layering
2c3f9f457c844e03b73e92db0504ab7d4b3bf0eb8d454ea39adad4e620f2a9e9,1,layering
b9da2b8f4d104131a09ea53a76ec0f66eebb8b5e88d04825aa7981e2bb9cf75c,1,layering
891f9738641b4b1cb43c7baf6a9e3782695b7729e51d43a6badc2ab3e4601ace,1,layering
3aa48e652c804bb8a738526b253b926e90110da89a1d4d0bab6fd430ca9fcf52,1,layering
7fb7db7d447d4a499a721e986438ee679ffb131f927a43309bb1263a93fec8a2,1,layering
b599d87e779e46489666ab2f9502d64db7b4f184c21b4c01b7121421b0ec2819,1,layering
2e3b31d80ed34e0e8d6a5aed3521e0d892c69641a948468cae990af190495f84,1,layering
0ab17397236a4ae59d3b93545065168ad6e6abe9b0bd4032b023d80dbd07dc83,1,layering
dab763c43c6144fb92e142f35a283440af196da340814dea8f27fcdf6268e191,1,layering
dd61b0d7dc8f41d6af64092c6e7812f4d4564367ebd241649726e7f9dae8728c,1,layering
e9a6f968fa714d14b1134271c2fe4999704607a8169946b8b5312fcca3e69643,1,layering
8b9068f3d72f4b118f0a312b1afe610019793064021949609db384f281924ff2,1,layering
c7bf88715d8e401cbb83111a8dd59d29bfbc8ab8d0d24fc197ec2c300e7758d2,1,layering
b97f708410dd4fad93182420a42eff02afe3369013c84af7be452e422f4008aa,1,layering
f34ffa4f682f412baccfe70057a4f9137743cd77d57d4f25ae3f84277a21d600,1,layering
89f9fc96eb1c40a495b72df9d11feb6214a9bf64d543445fa7f3a48bbf6417e7,1,layering
0ff0e3f1adee4276ba752f2a8963982c4ead8916056f4816aca282fcc3a7fb7e,1,layering
8ea69b852416439cb89a715fbf28c6211024a8bc64404be0beafc65f71418984,1,layering
448fb25c0310467d95334d5459d53cb10d9d30ee9d44461c90cb6371a5265b8f,1,layering
d9c58efce4844cf78d44b4198b2cb6197c552d88eb7b42ba849281a6bbc2d45b,1,layering
2b339cb3789445aa85c3eacce50b76066e9a0f5f84aa48748d386edf79c4ac58,1,layering
2a3d75aa09ce4ae6ac42744fe1e142d1bc2f79444c994dc8bc67ef826a2208a7,1,layering
528a03dc89904b35b2d252d38e8f02afcea17efacf9d4e4b8fec60981c863b68,1,layering
5ad08901af3645879bdd4ae0024ee86c2c1e238f272842d6bd2c0e78773ec551,1,layering
fd72087d2f34407694f35b88f1ff96ed56dfc0a875ce43029a927041eb4c0117,1,layering
51e01d0344114a01afada5b08107e987da16554da5c4429283e8c4ebafaf6c97,1,layering
a7e6dff881e041ee92d76edb219c029768787be5bd7f40168bfb3dfe5c183d37,1,layering
0d55871b7429405abf0c53d841f90477eb21d0752e194c5bbf89593fa8988918,1,layering
b303dc715f9b43a58921b90eabd045fd934d07463d6e4ada87faf7dfcdb094cb,1,layering
9dba4a20798b4aa9b9fc2801902a4cdfae2ba4b4451a4b7dbaca030da9bc409e,1,layering
9978c584be814cb58c59a155481c4d56355d46974ac2472e8b22d44c5d6b8cc3,1,layering
f774a1ed47a5451e894f825c1fb45085f1daa38cde964771bb03b9a84e9c1a96,1,layering
dbde58f8f9db4119aaf49b5e2834378e09e41b569f0f46f68591e172853e5c00,1,layering
66825c127cbe45f4a45cafb4fdb859312eb3c3a96c2b439380b2ddac495b7cbe,1,layering
745350e1cd014001a33030ae38d39f70a69653a546294242acd088e43bfa404f,1,layering
2741f9f3d90244ef85ab57ef0dff817b11103b0be11b4df9bf38b60aa9a38505,1,layering
4552bab441eb4a79b969939ec82c09a90b47e61057244a40a068d094b952471a,1,layering
6045fe4b3bff4c80923d969a84bf3f38bddace5fdb3049859d257f734f33f880,1,layering
fc2adc735bc34e3893b00fa1a61ba2e5f804f6326dfb403a9f51174479a940af,1,layering
8c61a5f47aa542b2ab374b88d99753e4b6fb45389a414567a134d1b5062d7184,1,layering
6b55759b32be4a1eb92d238a5fa35176986fc87afa0340adaef3f3119555a6df,1,layering
9219bab716244c149a027b8e156565bca03f6c7d51b84f1186cbc783ca590ada,1,layering
d35371c51c8241f3912eaf999b503343e87c203d568f441c9be2f2ac756315de,1,layering
c39d2776cbd94199bb44cac7f78d3b9dc9a6f682fbee4ff9b3d9f9d6912dec9e,1,layering
7b1ff54d151f40429c7280f03f10f1f828c054b818e54222883ddee1f59246f8,1,layering
1d29e98a1f9c4433a99b559a138e75d204c4b52df2c648458a7858f6051fe3bb,1,layering
2d0527317bab45fca9f0adc72a10530f14e8eb561cb248fa939a7401a7449057,1,layering
a66fe399b1e64321a87b45cc4468b82236b52b001dca4b0abdb387e2fbe7f991,1,layering
19595ce10d1f444693a68ad33b79875d75f6eead2ccc49e78fd0235dde30443c,1,layering
e383576735064d7c8a918949ac3f28b3487974cc86f747bda8209f3763a44137,1,layering
e9216708b92e49bd8cbdf6bb89bb0c13b41368beb336447c8c147f2e6758f7c3,1,layering
c540fb3606ab4c12b5cc58e35baf95178a705ce1554b4a35a43366999f40c92c,1,layering
c044870f5e514ee6bbcde05617e1d8e860ca9069fe724fabb2f90d792e95e99d,1,layering
29e65f27dcf140b2a3fd79d217f20de0c3d15aca26214702a0ec6f45178d8636,1,layering
a581989eaa3a42c68ee761ad9e4ccad84a743c2818dc42ad801765327716ee30,1,layering
452b80b8c36e4dea97734b4d8a6eb609f4904eb48eab498c9082b2ec55800a21,1,layering
d8af8dfbc0d0435c919fac8df6abc79962f64b251c7d48138044ef1f9c2198df,1,layering
dc80cb3fde624268942240583d7f21c1973ec53d23e4439e8b8e48ce3a00f674,1,layering
4a85a01b8a0b4511850ea0b3ee6797dfd01648bdde5242d1bac2f29e77460387,1,layering
d7c451bb256d4f12a98d7a1b7e7599c6421b1f464d3e43d5a7ea4bcc09820b85,1,layering
580e70c75887466cb6b91888fcc022e3fd7b3763f86546b68cf9e05ca1924f50,1,layering
0d6b211ed277485b932d136a962ee0ca790abd9fdc9b4f22bcfe37f11188d316,1,layering
a0e16536a3724dd28f7f4626d7cc6df41ce3d93d8b3d4a94b6a2842988bc9a7a,1,layering
33a59a7c746042169bd0ada6d128dce3aa191c75a0194d8a9856eb11a4e545d7,1,layering
6d71db0966fe4c7f93bf7f21b570f4efb049ebda6dc04d159d82de6d9d2b890d,1,layering
9fb591ef03864d768ede6346644196b0b8ffe605c78e43db8246e6fe589a14cd,1,layering
13d828ed950f439c80d554484916b7071cdd59455d9c41e19789e0464eb1d84c,1,layering
eab94d4fe8954662ac1818121a91dcb7762dd2fb97c847148fe490d314f7aba9,1,layering
5b1fdf022045418299e71d492e2e36fb29f988819425413b9fcd9d95487a5f7d,1,layering
d07d364abf6c406cbde65ab8d92d03e5321e7b05c0f94c7b8518a7d07398aa0e,1,layering
67c4d9f2892c4d5b9e2c1df1071f5c08b17d8e6094174162b0ae2853c9b71757,1,layering
2280ae677b29495299c3fd038af27dbf9912112473384ed3944b99545bea9f83,1,layering
dc7f85e95acf4d07866b39ce4e9b1db3b8f2fc62e983431f8f91cc0e0189db99,1,layering
d49006b89f0c4d0099608e3ff1bf3942d13f467741894f37992a6fe9b4221a1c,1,layering
f4ae72081572477aa7f8bba926d4dc2ddcd03654bf084627ad87a62443a76010,1,layering
0e0da608b6414cd6bd49cd5b6f972ce03a2f03bdda9a4e1e852f6e588253660f,1,layering
d124e88dbb7347e2895332f6a3ba68fc2090570fa5104b0e9ce1a7d515be24bd,1,layering
b7e9458591c9423686c99b76dda5a984c4868f035d7344a794351f89175c549a,1,layering
01aa761838b440ecb662746cfa4f7e215f8005f662bb4c6eb58f72b6fd5718b3,1,layering
c3a57a94810d45d992d530aebe73fb5ad8c18641360e4e168692d146d06d2eb2,1,layering
e7546efdacc6419d840d6eea44c59ad9487ddc09c22b42638db38faf44641d5e,1,layering
834f8d2fff9240f9926719805aca1e8ea7cf15e938c741beb55f719ce17e70c7,1,layering
f136749395f04a41881d49a09364d34a6a9bf0d1a37344dfa0881661d823598e,1,layering
eca16bde7ff74058bea21b3d5549eadb811e1c9b838c40119cebf697a0d0ed82,1,layering
f652d92b197f49e9951bfb0312e89e24b84c40b0a8ef436496a4967f172cfd46,1,layering
008777ba3c2d40bf92d3136051ccc31dee5bb7fc3e534d88958ec6c9d0487752,1,layering
67c005a660fa4e32b1a33ddcce363e2f2e86e881138d4fb9894742c2665ff447,1,layering
e0653aef08474e83938fd4fd1adffa48f90d980ec599442f9202e1d50f9d706a,1,layering
a9ddb5a3ecd04b1c86ff026c5b48070dcabf0d6d85ba49bf87ed0f82eb8044ae,1,layering
8a3ef7c89f94420aa1239c83db750a011734636d5cf74948863ad03eec74372c,1,layering
2ea3af54a61541518fd5169cbdf2b019b067c41fce6545ac82261174530cf957,1,layering
61f97a653cd3477db4440d359555bd6f4341dc744bf44c6f8c15829af1a14d5e,1,layering
5589196f92ac4d23bbdc6179a3df0c21e33437f2e41e4b6592eb140b5c10dbe5,1,layering
2d5eb766b81c4eda91434522c9390606d366328384334d67867be235fbe06228,1,layering
1b9d50be2257416882c843abd5d55179c373f37aa7a149778a9468294d957038,1,layering
8881f32fdb174b6d8d41baeb5722b5894241761b497c4e1e95c5ba92030024e0,1,layering
504927f50b144e628b82d4bfd77752728af689d7ee2b497d8995f31d1bbd33e3,1,layering
1504897777974478a915284d0b50e148ce8c1d5d49c54ababe9de72faa411e91,1,layering
63d98cab3a3f48e19dae52879761ae2229f17987edd34b4f824016f53cbc1189,1,layering
8dd1b355a0fd4ca188f14cfcdf84a39d9919cf63a6bc411d837049c738dc6c44,1,layering
17bf1c9d462f42f2a49d79b1f11d89b413ded985bcb44c0a926662b49426c829,1,layering
3c16b19798b6446fa9c68197c80464568f4276138a9e45deaf254636ba049f02,1,layering
8be1a4e35d6840f2a2fa6c5021499d780b3a991ffed1407f9f22765a561d14d5,1,layering
fac3f9c6ec664b689c6e7c38a082b1731bf3fccee7dc42e0b25d75f7e0511c3e,1,layering
e4a8ee19486349b3a25cbc2e9b6f8139497f5d577e014853b2fd63d90f24fda2,1,layering
11b40141c4da48d3b3b52fc87b0bed2329be8c662e074225b44d4fb803f563fd,1,layering
ca2934aff79341eab3372f4d47013567769f52011e224b98892cc5061dafd9de,1,layering
338e715c18ab4a7496ae545d604f3ac3cdfe344d025440ada15aea57d07aedfb,1,layering
54b164014f17417da4ff9c632693e21a3aa65ce852724c15bdbbc844c0cf37f0,1,layering
0521ab3511c64221956550dc3e67e5a80ecb59b766124c63af25dba1893853f3,1,layering
2ba54d4fc5dc4b72967cf521402be0ba512ec4649aff4f8db775c2d2e494d666,1,layering
560a603a81a54a449a356729666caa255c756772c10d4fe69fb8a1bd3922f20c,1,layering
f41db85f8b164324acdcd2b188e1f9ecf076277ed6df43efa74c95b67b9d4d6e,1,layering
116bc7b439f94809a655c37ccefe0e2df22c56bcb7594ccbb9d2877ca87efc85,1,layering
45395dd825ab4484965e57612d847e3837b56d8d207949c798d88129bfbf3e0b,1,layering
d2de0baf744749d49ed8d73fa52a7ae3fc734ae6fadf4a4c9c9b2dbd85f676e3,1,layering
3326a4f686cb494c87313aa6f932ac8f7c96e0e19496417a8f8523ea5771ea66,1,layering
517742cb8e6c4c7cac12f10a9ffde66292122ee5c0c943958dc19467c046fe02,1,layering
d560a41e211f40fe9173137d7266029c99bddb7c81ce4b7bbb209cfb417c83cc,1,layering
58c42430770e45cf811b2fb14b670a629e125bdea3664b3c860c974376038488,1,layering
e17bca18e95f4dfbafd55aae6cbf5d1a510ebf28ed1f405898b2058f0e0f554d,1,layering
5587f8c1ce9c438aa5a931dfe11b01bd502460c5a6ff49f5aa9c149218d0b5d4,1,layering
2f307ac9e8a54036bd36f23ed88ad6abd2db71bee27f4e6985ffd562f0610939,1,layering
94f092f9c57d46798b3b58c38d7739d77972108d91d347d0ad4eafaf8ceec240,1,layering
b2e15a7386f64a53bf6f468499724a4df2697c1eba6f4baeb18559cc0faa8393,1,layering
462599df105c4101b5d3ee7aedbfda95787ba402a7f24081a9f027b0efdfb496,1,layering
5a8023b5b04147c089e3cb7fad43dd6dd869753ea46247d29891c42710dd7175,1,layering
4a8d01e41615481c85a41496e830b9a57bedc4bf914e4054b5c492c23674bc90,1,layering
344d6e7afd454e7ab1fcb6732f4b717c7ee6c17a5b9d4b72bc7a4ce6caa74dcd,1,layering
87b5fec795c04f51ac491609954430b8cd387f716a7d4f65af774cdec0018795,1,layering
b5dc701e853a4ad695630eeef83ab35af7d9b7e011b0449c84b9f24f4f8f0c79,1,layering
ad0ac81963de4e65a2e6413d11e0836a8d0be2e5fab542dd905f6894d9822dad,1,layering
bfafca776abc4a46b1a973fb2bde22c51d7da479a5094d549741a95e9f7cc04c,1,layering
120d2f48c810412095d3cd010434e9c3464742802a2b4a259049a3db47c2664e,1,layering
0b9a3c25330140ad9dca0d6fe87035d87e61de8f26494ab0b56112cbbe26870f,1,layering
64e3fff09916495095ade070f5bbbe54dfa2f8f669624a19892d4495daad744c,1,layering
405d313e5e9545beac98f9c511dc45e0d3f44d0e79604d9398c8a815a361ab8d,1,layering
7ac64206761c42f091a1e5a3283ace35f2df478712d64c2bb337a1e6674f43a4,1,layering
cbf94f6060d94f19bbdf3d8fd8235c343cfb6ca5458b4252b0ebdb12ce391afb,1,layering
a5de3fdd9ba540baa34ac2d3d3c1200f9127e99d5cf14f8580dfa2b5d7881319,1,layering
4f73bfd5a34b4c00ac03e9dcfe0a150a60f1dff4e8c849a4a6a9d9e769a75267,1,layering
f4be8b39d688431ab9e9cc4b5a398ae7348149d5ad684f489ff8305354b54c16,1,layering
4b80e69258554ee6a0d77575e82a0a76804ca730165d4873bbf7046efd10aa0d,1,layering
3dc001d0f47045dbabaedbd05e4d067857283e6c70674bbab93d77062eaadace,1,layering
296b8e02c496415c990951cfe724eae7bf2a5c929abe4ea0a4f0afffa455e5e6,1,layering
0426cffbaba846758883be677c1290567f5c0f9430c64349b09bd1e63fc8fa01,1,layering
8131599f2f8347f294d7994954ba286eb26db7ae7fb84eb69d7ca074b42cbc39,1,layering
9897d6a0567d4b85afbcadd8ccb34490be89a6d09a4d45c49548494e180646cc,1,layering
2c89d054072a48409132633e747547c5573c6b74e2cb47f8a7a6107f261d0dfb,1,layering
26555409389b42eb8374ced4c89ce271b9df67cfe26e41328cc1432347734efc,1,layering
f4a97b423220489e9363eb2370b226aa755f2b97785240ae97e868815457e45b,1,layering
ae89a2a1ad2b493eb8bc8e7a8c9c63770241a452972e4beb941f4b2a8390ad82,1,layering
0ca255d5c46b436984d32d7ef8c1911d709e6ce432f94882a9eed69f446c5d1a,1,layering
07749afd8000491a844c30ce4a1486c56bd463cf89e64fd58189459f8afbfe97,1,layering
c06f983e628e451c8c706ed5bfa49dd6188445661a214cc88008188d9bbca284,1,layering
232a02692fe84995a52a9571b35cf0514759e97845284574a88e6b5a16e189e5,1,layering
faeb369680e04d50a0c1dd717a3a4c9397ca6fb5524e4d2da25f39fe354a399a,1,layering
13a7cb520bb34e25aa51282e733138cf9f6544a533634cc7a12171780cf1bf3b,1,layering
c2a2062d2e534355ac6ccb17e7c171892e4478d89e1f4c0b908c09940a616d93,1,layering
da0d3cf37a4549cabf60e39ff6a20adbee0ac6400b0d48e9a3688969a5d64a93,1,layering
8bddc402015f4a72acda82fd33e362ca2c6a6760008741c4a6d8301b8ce98500,1,layering
2e28270744a143c28021acc84997081d38362235b2454522b261f9c2b70d16c7,1,layering
d5f0535d22774b348760fb965f43420884555ce8f993498eb7614af31ca3f0af,1,layering
d63a63202e4d4fd9a26db5d1974ed9f795da4a48b66d4bdf83d2323b0cc42fd4,1,layering
18249334dbeb4a848a3173dbde53959a68b33fffbda1459a822c8e8f2a3c72ad,1,layering
cb13982dd4f347ce8066f09371bed53ba360223fe8f4492280edf3fffa5c8861,1,layering
8d88155f72d1469f9a37d8e5afc74a815f9468816c3a41abafcee45b18ee58a7,1,layering
5bbc4670abc5495690f7f2765cfb28e96751befcc68b4c5b96fa6df93e21e52b,1,layering
22111fad59b84593a88c7c95085f2ca2c66cd7b58b82491f9eb2ddc2a0911a36,1,layering
b9baf34712f140ebba43dc30405db7368e64d860df414d83af463d401fbe4918,1,layering
6b0d610be5b142c997d409c0a2d8eab5a31817979a5240b697ac24f4ced69add,1,layering
c236c38bbf794809a1e87272b925594461c0488e96f84077b71e7b7cca978d65,1,layering
b8ff2c64c3d74a17aa4444d5641ffee418768ab96baf42f1bbcd08c018af322e,1,layering
e9e2f58bde154b2b8d62774bedec792577810e5cee8f44b89edceec00765e032,1,layering
caef1acd8891434d9bd9b73e065870d327de3145aea74d9caa2a1a66420d0d85,1,layering
6fb22fd7ead44a7c99cfd64f690b2251f2f041134c294be99ce1f60c6421c726,1,layering
34c66bbd18fc4d1da61b9f8e18ddac8946f104c05f4b4b959f97b7bfb3cd4433,1,layering
cda41ce4531f4a4cbc677d986531feb35f16a68cae514fffb61be7a563a4ddd6,1,layering
3af9c1ba0b444d28a90d36b31a63f952fc1b5016debb41b08f163ddfbe296010,1,layering
1fa96465ea4c481cb24f1edaea075ad32195a9f2175343699201ae3721be311b,1,layering
cf118d5d9fb14829a21cd99d05bacba0a5f466f5b47c44ce90b2b3317813f285,1,layering
4f8637423ba347a78dda51d5b014c99d5512f3593adb42fa81c68ae8fdb63be6,1,layering
e4e204831abd49f3882077c6c4f205fcca23fa963f3245f6b47cf0f483e3bf00,1,layering
389a4a227984446c8b251999d432a791521ba7173c2146c1916806dbefb02640,1,layering
892dfd5a767b4c71ad68ee090a283c96997929a262f440c081bb83b451b0d0bd,1,layering
2157dadc1bef4532afa021185a7a06f3ac559987d3e641ceb16e595db5b5f69b,1,layering
a8c9107afe014faeb74ff5cd0c4c32c891f3edbff52c42d0ad14c18f243ac43b,1,layering
82e6bec7f84340089bcde6980b3d447d93cd12205e414202b7e75540996a7397,1,layering
323fc3b33ab74cfd9d033a0156a4a3701aa0d331479140648113e75f751abda6,1,layering
29ee7451e39c4f25b1f9f1833c6c4c3681368adc1860478292acdd2ee60a311f,1,layering
a9e214e77b3b40a5ae2b98173dffe5d829740a2c6ad644418625f4a778db7ae4,1,layering
2ba7728e9112481e8ccc2aea950c6fd018219c66ec8148bbb3c56561e4e26640,1,layering
15552bad99674bc5885fdb6988b410decef7f0b2eb0d4c62884cd2905cf08629,1,layering
a924232e1ec142fbb88b011ed63f2611601b3101f1634511bd02c253e96f6b8a,1,layering
cc4878a05d494d5bbeb820a74b899c61c2e7604537214664a206393b970dedf7,1,layering
93057ceec8c24c3e8601fc9745894f81cff351fe63fb49d2b6ec4a69542ea225,1,layering
85111e8e9ac74f20bee84c827e339cdc11335fb73fe34cf3b1504806c55c87af,1,layering
714846a1aa684c0f9c539a23bd31565c0612f194066d40fc9fbffda12119bd27,1,layering
d82e45edc23a45519d53de20c47a7576b1de640260b041b59757e3964907ee51,1,layering
3403bb2b6cfd4e93bcf95232633d7cbd5a2cd5f062e646c4bd0bb07cec73db12,1,layering
ed403372804b4efe832bd90a9c13476b0b3db08c21e04bb497767f870e6c1e57,1,layering
10306bafef744cb484e7d2f0b0e49cca3e1e6a2579014c60a1ea671af2d1607c,1,layering
c0fa9c6aa87b480288c47e9d911177940daad66b075c4afda085e9a400198485,1,layering
e73cea4e1bf74c52b25aec040b2912221a517abb9a244c149c43ee5a8d3a4b84,1,layering
b806841db0b84aab83a74bb89b4151861dff2ae883614f5a954a377fe492f17e,1,layering
32ca420ae2014703b3fa01708c666f80232e4bea9e96494aa9cf2b89b9cbb614,1,layering
a73ca69d96d2469abe8bc7e0548deb57e58a4f9fb7a04d51a2691105bfd59164,1,layering
dbd85077b2ef48199d2bc9ef8b445606feb62de7a56142fead609a731163ed45,1,layering
4aa3f6358b434aeb85ff4050bb03e107c51e7e18dba74c52a8b12946e1cf3083,1,layering
0f093cb6d1ca49538ee743b58abba1ecc3823d8d46f34fcfa61b5b0b3fdc93f2,1,ip_fanout
8e87d364ebc8468bba6c9e52fe9e337249b43711a9214fb081bd13c553f2e25a,1,ip_fanout
414f63d0a2714b3ea185cd30ada646b141a8570d259e40acbeffbded694d3eac,1,ip_fanout
dad57a80aa054a0fa171c64d701037ddd21f74e1445044f483e04f65ab7c8277,1,ip_fanout
c3577a2892f64be9bbcc850e2809b4eb829951ed27b64eb0864528c19e54f32d,1,ip_fanout
46eff316038b487ca2bb23f2c87a57b3048a3232d4654eefbeee764562643329,1,ip_fanout
1a24b461970445afacc31e37a2267d8f014e7bbd41b24457a6dbea02cda25dfb,1,ip_fanout
5e1ea14153814036b8909dd65b68050f5687ab646b1c4b08b602a8efe63949fa,1,ip_fanout
dd34995c1bde45ce9a924c66d28920138f7a92df855b44f8b3fc821b90a476b0,1,ip_fanout
8c3ad2ed13874530a356825b36836efb106d00365d9141489e3333c26d6a1f2a,1,ip_fanout
ed1d5eec92f64fbd8f076dec0bfd372eb64f3223c332423fba2fcef5b4d43341,1,ip_fanout
caa567db46654691aba6a7d403a37191b53ace6d4f2e4ae8aaae98b3412d53ba,1,ip_fanout
5eb96d52304242ce93304e18c5a015eff4d78ea4ee1048cd8c5e1c986f082c09,1,ip_fanout
0405178be7e2476cb09abfa3e47b9d1eeb0b3d2aaa6444ce9bae4839b2cf7510,1,ip_fanout
7dd15e340879418fa77330cfb2e3e50414eb1c7e362f4b4483dc77ff2e23ec90,1,ip_fanout
271071eb3c464a63a4ce0d60d8eaa2db79fd7ad187de4ef6aa903a987f78c99b,1,ip_fanout
3cc3f1866cd746a5a84b1aab92d0e0ca1cb81f25e79c467ca2c3f16b203cf238,1,ip_fanout
9b8a9c60c1ef4740a7f2e58d641ab4aca0d67f306e1d4845ac314f49be9dcb25,1,ip_fanout
5c2e73a684084274878dff6a614adf614ba1ed42da3c4da0982e10184b817630,1,ip_fanout
46bbdc854157499d942c4eb9eb0661d614a958f829ee4643ae9179ec03d98bfa,1,ip_fanout
302a100ee5a14babab422da675a35cfc16a2964157c04f72bc84373750849433,1,ip_fanout
f1b117e49802429996ea0cd4f7664dfff62d6dd4c6aa47f6bb1905d3d282091a,1,ip_fanout
fdcf97c13f58487c8961e161ee7092d845000349e5884340afb4b8586f3e3b55,1,ip_fanout
bd3e7874957e45efab7d889321efe9fd4b6aeebcd2d145d8a00338c823c9200a,1,ip_fanout
187035b32f2549bca34151df893176ac7119ea3856ae4d78a71a425581d39f29,1,ip_fanout
b19926baeb0f4d4cbfd77cae0888d06ab3001de2c4d843349e4e5b70d6555d18,1,ip_fanout
00e4b5bea3464a9e96866eff96a63fde963116592f2f4adfbe28ded9d479438d,1,ip_fanout
2b2a2909251a466c851a92e1a0606d5e6810cac457b74132bb94069baae72e0a,1,ip_fanout
2968d20f4b914e55ae16fa4e05c123c45a4c65998311429a91cc4ebb4f53fd5a,1,ip_fanout
9b47f2d81f1045f7b536364f3986d90e2861ea54d2734184b525691224b19463,1,ip_fanout
d7ec076a4a8949978b10ddbd3b0e91d8de51b6b762784be1824c9abe402a6afe,1,ip_fanout
66d57ea33d2e4e5cabd7ec9bebc22d57fc8edbb015404c5794eaa09fa35d0b4f,1,ip_fanout
206cfc4684f94bb18d12a870f3b6710a3d845bf6de9e4a79aff08400d813a845,1,ip_fanout
d137a04098004d229d96b2d62fdb63adafdcfa9bfcaf4c47a9d8bb3cc0730194,1,ip_fanout
3ebf2fea316f4555887106a8322ab3da439e8d733a1f436ea26692cf8f5e588c,1,ip_fanout
5ab7d4ef29ae4b09aab99847ee272dbce9cc18e183234035856a84709a789168,1,ip_fanout
4133ce3cac1141e1b995330e4f1a957c321e8074f9834fe08fd24d22085528ae,1,ip_fanout
b264cac4a621451386f38afd18bd5b68a64131d93e074dd4a7cd97c91e732dfc,1,ip_fanout
459174a0ae004d5b892524298c0a0c2f1dbb3d71183148d6b4cc2194a6e3dcf5,1,ip_fanout
20e2a8331a5e43b4a9c4d4bf139b5819e3ed51a4eb9e4dad862d9b52f3a41c80,1,ip_fanout
0879394b5d534545aea6e0e599be076c74b483a932db433fadfa41988b827d29,1,ip_fanout
44f7406d0edd4a5985c502628e87e59ee7286c8f49484d7594c7738ed24dc03e,1,ip_fanout
12fe49d4b93b4a7a8ab377c9225a20a59370d229ccf94ae3a25f46e5ba095364,1,ip_fanout
db6c58a7de1a49339eeee2dfa26d821f1fd1ae74d3d84136a3f5b02e3d2abe1e,1,ip_fanout
dcd2c4c4d109443c921371906f1b68546837cd6046f142bc961228e83775e5d6,1,ip_fanout
285dc3b30c574e0cb385935b18544d86a9d5eb2bb3ec419ebe3be8074f9f0484,1,ip_fanout
59ae2ecf4c4d46a9b978f6940f2895eb75bd02ae3a6842d0abda0687bbeb24b3,1,ip_fanout
83d48909b1d34ae6923befaa253c5d706810feb8ac1941f2a238d82dcc3d285a,1,ip_fanout
0656505d44f3412f9e9f05af39158a1bcf3a97d7779c44b6b48c76a0e2605760,1,ip_fanout
0e3c47055d064d22820fb5fcb5edbd9cd117e639c43e4baaa6eee934d97ecae1,1,ip_fanout
b4278faf7cfd485189502ce1bf39d257ffbaced050c840a296261f6da82c4645,1,ip_fanout
6aa9f7957998444f86388c47599a8af426cdcffe3067459fafab53bf188777e5,1,ip_fanout
211cc950ba1246b5b1033ec0bf321457d8a05e39ea5e4c12954ef10a8b5168f6,1,ip_fanout
f6d08ea26eca42f681dc1dddd4a17794593e1f76b393428aa2d83a9a2877b0af,1,ip_fanout
24888ff1c36e4e048f7dfc485186baf2a1e4208eb13c411bb6185642104fd951,1,ip_fanout
b2b0964bc0d04e91a905624c77f814fb5d06da3ee186452b8348782e31a8686c,1,ip_fanout
2574b9af569e4b2198e5ea50fe51f96f807d261225434612bb79a11007cfb9df,1,ip_fanout
0bbf674a6ab14caa8928f181ed9d978cc33803bdc3364f0696f85b8eb2242fe3,1,ip_fanout
6b7e0d6925784a3887b15c1156f291a49d383b93703b479c907d0fabc70b4a89,1,ip_fanout
0c160e60a02c4512a335b1819919ca169fba3eda7e9a4b56b97bd205e0cd75b7,1,ip_fanout
09469ec26c9e4a3b819767d4cc5d0015df9de132e004497ba9fbc1d763c0d3c8,1,ip_fanout
ecf70ac700cb4813b58a17f389d2d059f14a1667e258408e92e5933539ad211a,1,ip_fanout
bca99324919d4e04b8ad7dbefea2ae56ebbd754e01304090a869ddb4602dc429,1,ip_fanout
eb9f04e86f294968950b35825b360c2740aa8c094beb4c8dafd1a6a10705e5f0,1,ip_fanout
3ff4e18ce15a4ca6903c00491fabe5f06d0340b226194afca21e66bd30596b12,1,ip_fanout
580707fbe2924b108e5af3d735dc96652ef0864f7e3d4a68a8087d302146cf65,1,ip_fanout
eb73402bbd934ebf959e8651279d25df445a6ea437d044d49380ffed74e1e6c8,1,ip_fanout
07e5a66584874508a6d94afe73af282b64ba442174834b20b1c19dc292788ead,1,ip_fanout
194bb6173fc54ea7afc8ff32a34ce44dad78ef2454fd49129ccc112c8933f3db,1,ip_fanout
20d2288f05e449368e854bf6d111344a9dccdbe9921b4f199159e7d70d2b60b4,1,ip_fanout
692c084c87684b37a4ea69b1b11d54ca4cfd1392e6e748af82c5adfd8fd7e134,1,ip_fanout
6f0d5a61cb064f6692657b0e7f13c602d6ecd65b99fa4b9f8b43697b7fb6f82a,1,ip_fanout
249ec86198b740a0bc5567d9b08dcfe8ac40b1c6ecd548efa51c36d76e0fbb6a,1,ip_fanout
096f1eeacefc452c9e2b226ad247def6d1df756d2e9a4c66afe17e033a9ecc82,1,ip_fanout
8fed2b3e035146ccb9cd77477b323a503ef13532ca7447e28d791e56667b68e1,1,ip_fanout
9b6c1fff36d84c0fa34107681e526dbc9f4d6096ebe1412bac80ae5bfb58fa9c,1,ip_fanout
716528b8c8c84f2ea5a106d4ec2c8bc93b835c937f554c00be02fc17ff31b1c9,1,ip_fanout
3ad9e14d848b4fe3b2bb393db32b30f8782f6a5d6a9e40a4a403e55d1977bb5a,1,ip_fanout
f670d3b74aab44c8932f14ac07577aac996db452c4314f45887892020fbbb48d,1,ip_fanout
fd8f738ea5b541d3a8339098af2c8e9542abb7a9713649c38c679fb1cd7c0051,1,ip_fanout
bf7990846c9844ccafcc0497e9c5dbb26f9d55479d8841688a0d729e558519d7,1,ip_fanout
621273b930614b26b70f0638c1f30b3554442f549f7b4160a843f9dfca4a6e38,1,ip_fanout
330d827a4517467e880bd2dad0af3e743a4951fe957e4910b2787ff7624d95f0,1,ip_fanout
6ee7fcbfdf0c46368804017e5ba1363ac288e1288f2949b3912f6c1fb4b76a4c,1,ip_fanout
98ff72186ffb425c8465daf4d3c408f7f390806357de412eb9abd74f6a24eadc,1,ip_fanout
817101113f01480c8b31778580d6434daa17cc5e04a149eaab6a800bd12ff439,1,ip_fanout
ee89f17b7b9a4db0a8dee2e6fa0ac21663edec04aa4a4ce9bd76730835f931aa,1,ip_fanout
beaf568128654e0dbcab61d47f3c372293c7fcfbc87945dfa00d6827c5ca29e4,1,ip_fanout
78a93a76b9264a76a45fdb1a703fffd8b021883990864938bc3e2bcf447b1437,1,ip_fanout
ae4eda44752f4104942db13863d7b608f33a7a73ac214eed90743811cde6d3ae,1,ip_fanout
54e8e652494c457cb6a7234142ef3493109b081bab87487e8a2195c00ce7e5b6,1,ip_fanout
5233d6fcfd8c4e8aaa9b0d69620db44b00f737b9d1c64a3a9a1f1c999c09f8f7,1,ip_fanout
a4070bba3cbe4da5bb4e02b9d4e9a92fd0c3a3ef58ec408e834e27e39736c949,1,ip_fanout
bbdda3fe57e54b6d9b595243fb19dbaa3fe3be6648ac4fd7b476ae4b568ed650,1,ip_fanout
a1fcb38431ac4eae892257a1780da359b3f49714b97d466785531f56dc2d2bb2,1,ip_fanout
f63561df67514186a44e45ea3c61dff6eda4a5ca5c01418ab418cc6b025e290f,1,ip_fanout
0809a111d28c4a6abeba5d6fe4efc552b23aeda97a2741c68301f3e37f77f1d0,1,ip_fanout
ecee815a9f4f46ceaba68f20838885c99f532cf6b4224b43b6acb78c958b9d94,1,ip_fanout
94c4267df2494c1bbd8b1a9d1186e5ce3ac20835518c4006b63a6b5d519ee8af,1,ip_fanout
9bed9b8ba9cd49e0ba2a91e5cf28136430d1ef89335d47c685bf7baa578737ab,1,ip_fanout
52ff32c2c8e34cd0a262c01d8d08e94ce12a238db0c74097a7b6bcb3ce45b1d2,1,ip_fanout
77d91aff909e44fc90a6f4c8a735f9dbb218e3aa649d445d8b155b11e6d161eb,1,ip_fanout
6477c65b297a4dac9f502e73b1cc0af24faa5c584cb644a7bda0b2bd286e7297,1,ip_fanout
c4d385535d374db48ee638d6b6d1c713950da1cf37474feda839b73eede60a78,1,ip_fanout
b295881b09e74298b9b80bd855d12505a8fab3add4924b0799c09d92505de299,1,ip_fanout
6ef1b913dc3f483baf6b926094e184151a568430e15042c58fe8f28edfd181cb,1,ip_fanout
4d7730cd9b93426db48abbb94d12b66e073673c17ed84138b89e5e0ff79bc260,1,ip_fanout
5b2307ce9bac42c08422b09ee308aa83f254048ff50c4bacae99a6fa78967bca,1,ip_fanout
eff8195de6394964bb774b553413a877f3ce480a87cc4c99ac108682bf17f6bd,1,ip_fanout
4835d4de30b74009bc9d7f68ae6b3d66fbfc178d915741f195082002b27b2a62,1,ip_fanout
a48926966a6340b2873a7af64a151b1bf561359614bc4d78ae4954b436d9b5c6,1,ip_fanout
6cc27fa0037a4d6d97394bd0cc6afb17295930001658422bb0e003cac6c85df4,1,ip_fanout
97851ad64a3a48a884f4631d6cbdaf3a44cf789272274278a0c6314d7d2d5974,1,ip_fanout
3d344110a86745478270d2f3019a9b87e917861cff2a41978d7163b73b34eb91,1,ip_fanout
023bb3ca49d74c88b4b4fbdff28380e080ad03b38bd645869b700389e65dd7f4,1,ip_fanout
1e9f81791f974bfd813194c19500368732544ea29b74409e8cf7f2a3a5a33414,1,ip_fanout
ca098a6162ff41d8a6db520658f461a2c11453cf22534d928baba6b7f6cfb233,1,ip_fanout
2a91fdcf4bd241cbb4139c062512b895dcfbaf221ac04a219f5beffb6f970454,1,ip_fanout
ea1f59a22db74889a3393d10177008fd7b3e88a3216544c0a4165b36962d07cc,1,ip_fanout
9960351e0e4c48a88c41407622bdd69188751281c317470db09066a4f00ebbe1,1,ip_fanout
1130dacb973041f987c9dfc11b2485c509a6e2798a83468c84f7e9bd5e848c3d,1,ip_fanout
172a66ea490e46899e5aa37efbc5d864aade4b1bc7474a9cb70070b1503eeb7d,1,ip_fanout
8f41d3bae5d04d84a424af2f05d6aa589c9d19f942bc49879e01f00f18fb1ce7,1,ip_fanout
8a59583577404654a99f14c733f32acb0113c5e336394eaeb15e2223ca6040ad,1,ip_fanout
c62c9b4c0a7141e0af250f7c7e37712861311c3c0d85415c831ee64fd24e45c0,1,ip_fanout
b4e95adf1f7a463cb49e40bdec4c92917fced5c74569450a9c70cf168dd23871,1,ip_fanout
3a99c1dfc19b4b7e94c717f169447bfe70bef9d447a24b44b7c0a73d39c27304,1,ip_fanout
32617364403e47dfa9fc799b738ae7ff82e34c63479b419b894fdd6a3d011d8c,1,ip_fanout
e0fa0bc5d1d348d3ad33aa1836e894b6f2c66226ebb948e4a7d3c633c2de5395,1,ip_fanout
565246b384e8449a936efc5bd40743fc7ec79d59beec49fe847cd871dc02ad70,1,ip_fanout
b21c846eb0cd49a5add8d63884d34b5c2ac24ec661644d6b8dec46ab60d6853d,1,ip_fanout
649af9f9a6ef4f9cbd215f209a84c5f838a95111c3714b80b97ca7004a68b83e,1,ip_fanout
9da8eb454a334dd78a882243ead89d77274a9ae344b040c5bfaa5669570cba91,1,ip_fanout
bdac2162b92e4c74974e1b7d5341125ba5a09572ca984fa381efd38916fec406,1,ip_fanout
b369f0d54f894d4d94ae38cc836cedd471e9727796b1459aa6557eac9636af32,1,ip_fanout
60a97b86db9747f897dc3f7323d789b5882d013ea73c4fad84f9b969972137de,1,ip_fanout
121f9a3cd21442b79b12f0698169e87ebd62c165cad0450bbb190528a39e51e6,1,ip_fanout
9df72332e6444295821332c5bbb54cf6c86fe18cdc7f48b889d9302d3e5bb8a4,1,ip_fanout
4ade95f320d74c5486df82cd797f9e420114a5731a7f49abaf828ef70c184254,1,ip_fanout
c6c3db2d3c9745039cc7f0a932251f2298cd754467e54d8dadeb7a4401175691,1,ip_fanout
fe9e75090da34913903cd9419a0a2509dfeb034067264c4fb4d6cb61cfacdb95,1,ip_fanout
5ca7818806194bdaa92e023669617a8a46ce934aeb2a4112b7f603cd095897ec,1,ip_fanout
1f276d7255694c2a81058823aead964cca7fa8921b82499fb941dcf91cd09d26,1,ip_fanout
93ae1120413b4a8b9083e862e2fe36305ad5f4a88147496cb85c3b77863b0534,1,ip_fanout
fb53db099e7640349633c7e74ed0ff10e818fefd254740ab8f464879be274d1e,1,ip_fanout
cbd73447be624b209c9309c194f2a34ff6bff8a0ff114f44922e5a68360cc0c3,1,ip_fanout
310786b439c643cab6d3df36c461b0cecc8fdd5e0f8540c1846b49c46ccbe091,1,ip_fanout
5caca5638f3b4375a24a8170d5d720bf403dc83558a54f16bf9364c4ea89a613,1,ip_fanout
4e2b283d7cb546999dad117b07345362ee53fa097b2c4c709eee16765444d6c5,1,ip_fanout
0e531b23a83f46bcb337e3577f53c83421f1fb2ef9db49dcb379ee4c12f24b93,1,ip_fanout
169796ddb6144730a4b76328a124e3c154820bb1778d4469be26568a2b66bb0b,1,ip_fanout
77ee72751cdb42c8a560fa1f650ecc1d0e5201d833b74541bdd3ee864ddb7858,1,ip_fanout
da0114694fb14a99a3623d705cc86248fa1aa63723a8429090b0aadd723e257e,1,ip_fanout
42a51f40509a4ed5b97d8e7d5a6d0d404b6d9165265d45a3a2dbe9bfeb53db6c,1,ip_fanout
dec0e4feb83649319c03a1239552f7ca77a1b090b497425dbb8de1d18978d806,1,ip_fanout
4669ec8c490741fcad9beebcb548952984af7bab00eb4ffc983af1d078009e85,1,ip_fanout
e277c8b9ed174fb8b27ccb74248a6929c74c692b9d33462792404f6356068b34,1,ip_fanout
0aa62cd3029546adb4f782e2745589b0c53bacd17bea45e38239af1cc72de8d5,1,ip_fanout
0814b0ff95dd4914babb1b81e4d8a09ee17eb82587644039b01422d588e15f0b,1,ip_fanout
9d53411c1b1c4c52ad000315cbea2ba5ae416d78facf4e248056b078039bfaa1,1,ip_fanout
263b0f731b3b4026a1373b2821189156b70d0a0e930546fba0a51b6775b38669,1,ip_fanout
59beb1210ab44ad087ab1fcacbc07c2308b3cb3d7da34cb9a42a3412c75c2b9b,1,ip_fanout
5f8e665f53474308a49bfab8e4ed4b0faa97b47837ae45e09490c7fe7ae0ba6d,1,ip_fanout
03e43586738b4b75866a45617331a65b279532198d1846c684af5333c3c17273,1,ip_fanout
2204168ba0c94922a28e2c27e4a580ccc7d8ab9168984a799792571ac213098e,1,ip_fanout
8ee82e4d42b642d0b87757c909887e553d6b5bb8b7f8462fb75ccdd36cf929b5,1,ip_fanout
d17eea6956c94234816e5d2de0ad4101f304733033794212b51a46df187988f4,1,ip_fanout
36144c05535948e79dfa81416b59cee142b11608181e4ea084adf20193b123c0,1,ip_fanout
4b982445dc274ea99ae56d81c7d61234b473c8631366433ea882140c63a3e3d8,1,ip_fanout
416479bbc46840c58b69a90f5bc0c823d07138c5428c4c029d7f1581cf605877,1,ip_fanout
4501ec6236cf42aba0172847df08fd70dda62c56e1ac490290faf63e72d8980f,1,ip_fanout
8765617b891c4e2c89491353037eef4edaef8512c2634df88f2e62bf64309582,1,ip_fanout
62848050ec2f4dd3a0569468ebae1951e0d84baaf602423a8f30453e431297d1,1,ip_fanout
7cd9f82a0d4a49e08ab91f1812ea9bf651fdbaee705545c6b161f654b0f0809e,1,ip_fanout
d0885ba3187845ca831a5828b4c1e0685ade21c2a2464a1db390ceed276f55d6,1,ip_fanout
57c8f2e4e2b1474791d364e8d0c3ee79988a505095c74d0fb2aff611e4da4d09,1,ip_fanout
291dcc619d6c43419c300398169609bf970e88eec3da4a448163b7da6a6bdd06,1,ip_fanout
18fce27abd224e90a031c67054c260ce394886542b8641789cfeb257cb76ca30,1,ip_fanout
ec93a0fb95434149a218a6477ff933e28d03e6499b0c4f4fa6f940e3d66faa22,1,ip_fanout
d84579fd63ed45f88c79dab3a728e847ce670192ead646269fae8201fcd016c6,1,ip_fanout
df1cd244a23c4218a66b624c377c6fe10b54b50c9ceb4dbf8d90425c3c076556,1,ip_fanout
30bd3d9a987d4efeaee5df7399aef1820fc96ebf75a84973a14a2121f1c3a72e,1,ip_fanout
5c847a913d50456dace3b4f301007cc220b73bdc865d4807af35e8412f889eda,1,ip_fanout
f3399f310e6242bb8a41e719fd037c07985a0f5cb7d34341b58f8fd1e7293ae3,1,ip_fanout
c98fc0c42e7d477d8b9506b632dfb07a66d4b2d2c1c74e76acb37f8789be3cef,1,ip_fanout
2cc895ccdc98428f86c8707570d4f1020f04fd2921b44eddaae424ff516c27cf,1,ip_fanout
c0d7f19f34734e98b070c3166f36b9f9df4cf5b5dac346fc99c76f23c79d888d,1,ip_fanout
953faec6ab174458bc9f1e64f9582a9d727265f1910a40c898d304dbb4bcfae8,1,ip_fanout
d47a124257154c769f6688a54643a306984ebed0c0f945178871d488ecbb6988,1,ip_fanout
49e3e91e8b11493490dc96e4a105a6b3f80317a197e04656a67397207bb70db1,1,ip_fanout
b0d8c005cc864b2e8e005ab6eb29cbd73965c3c9dae7410fac488631fdd3011e,1,ip_fanout
fded4246169048f680921959d99aff957c4bbb428e184b488fe30cb64cc651ee,1,ip_fanout
e1736a27c052494d8340a28a3ebbbcf6e9404187d61b40ba96556e4a2f154449,1,ip_fanout
4073bde50abe4bfc938347aedc2b22f0315e98067958460a94512e31cefa824e,1,ip_fanout
38cc29da0c4b4d1f998e9a0efdd2cb2160e3738e33d54654ad2a469e8e92433b,1,ip_fanout
4057448aa3254eb9836d4caf0628fae650e24155b6bf4a7c9c89bb51d4fd318c,1,ip_fanout
fb7e3d252ef24df583541a747927c86fb736f1c527c64b78a126e28907b80056,1,ip_fanout
399cd993e4af44a8b321822a8810b576d5618151196d4ac18e7bdd12c3f32623,1,ip_fanout
a272a6f94c7f4f2ebe23797d48cefe503a9f1f9a93e64a56bd077f05d3f33d22,1,ip_fanout
32975d77befb467da39ad4e61d2934ad0cf0434d3c8e48bcaedab7949c008efd,1,ip_fanout
1763c99c804f442c9f4840bf00b43f10c3540dda2a854c83a90c0c9abc7b56b5,1,ip_fanout
f6b7420329a1486e96cf97a0bbf06d696c7840c0c7bf44bab2c951fc81711489,1,ip_fanout
8678a73d4e8d48d587f21583043891245b2911dff2554b3c9673effbf4471594,1,ip_fanout
d13cdc3f2d0d4f71848f49152c9386f7e2b90a08306a4679807332f1849ad07d,1,ip_fanout
9c3943dafef8477bb7b40ba4a05a4da9f6dc5ec3a1e8460c83e5a0fe1b121086,1,ip_fanout
b20f0ca6af6b434988e82b47c944d4d43f334d6ccdcc42cd83d7a0c8220e8170,1,ip_fanout
fbca3677e12a47bc8e07619aed7976444ff8884eaec94f5e9128df736bf4d9b1,1,ip_fanout
d401358053b449a29ff64e5232759c93aab1d40e9a274e2eb4704926c8c5a925,1,ip_fanout
8c29dd4a98a84c8ca3fadf2f4e7c0f57ad96d5da25a64fd2b2c2af1776a168ef,1,ip_fanout
5347a2e86f53463aa3ec2a94cae9ee2e1846b2e229004c2aba65f1f19dfa8223,1,ip_fanout
62f5689696e446c998bb1780bab63ea40dc7bd3f536e417f8c6d5d812b619a19,1,ip_fanout
773f786550544353a20b009dc429c5d79206a6ed69be44f8846bc726fc272fd8,1,ip_fanout
b401d8386e5f40ca8a0844f42eaf5ec69e4d3bf3cdee4d3b9a3d334e612ef3d8,1,ip_fanout
4dc096a9f3ca41cf9184cb4edd85b05d0ff7b71c06fe43ba8cf85033a62c831f,1,ip_fanout
c6552140c28544b88704637c5f9a7d0af96166af95e6479cb7ca52fd0a048a05,1,ip_fanout
1ac805e541504797bbc4356badb8c97e923260b0468a4168afc099bcc062ba86,1,ip_fanout
723670703823400490ead664b2c81f9038ac3f7925f94642ab66e3904c49bc25,1,ip_fanout
f74d74ac38db4305bf1cdec1f5d8a58d37db5ad078c24d4d9d0a12426acdbc3e,1,ip_fanout
fb666159b0224ed1870d86f5007e133b3bac49b8e2c24514b598cdb57c54e55b,1,ip_fanout
ad086d1fc1384382bfc67fcb74eae1a726ad577a60824a00ba8c101c90e0ffd5,1,ip_fanout
5f29a410103c4efb9d91f1022d523e476415734a580b4e2bacf9fc4bbc87cd4c,1,ip_fanout
e3c89eaad59442559a78e925b587d9539051c11c465045bcaab6dc077491683d,1,ip_fanout
3d285bb00af9400485d537c2710b0ee296889e8caf594ef388050a4f1f7eece2,1,ip_fanout
a4b9cbb535c1414a9dbb3a75679b79fcf3afc0fcb4d546f0b35ac9aa1c813ad6,1,ip_fanout
78dc73a7baf34aaf89ea0265d25cd91845c42e7e1b2743ca85f58509d71ba143,1,ip_fanout
1bcea1a0c5ba4cdfb10fbf7cec0ebb619d8dfb07fbdc4b209ec94c967a8bc2c8,1,ip_fanout
5266efe127b14b63868aabdf0d97a06d323db07621a64e4f8d85de94a1e5cd7d,1,ip_fanout
c54172e62fad44ac81f9c50613f8a6ba61710915c38946ba9045441e3a97ba01,1,ip_fanout
f4e8b3350b5e4f989809135888366dc68840db395ae34078b87a5ada42e4d0e2,1,ip_fanout
a01b1e9053704888ae991e1167c52e83d191c5f593354344a2a8763cdb2661c2,1,ip_fanout
332c7e7377aa4739b534dc017d870331db1617fb894e4b44841da5e56a10dd35,1,ip_fanout
ac92ab502521489590f31d5182ca5206c14776a872ce44f1a224c53fc47c71e6,1,ip_fanout
ffd8623f2b26459ca8db5d51957990e31f66e1a7d7ef44ed9d64f77247ad9e98,1,ip_fanout
4c4a267b1c82452289176f2911284c4f8cf95e5ea04c4399bd594d105b7861c8,1,ip_fanout
b961ea06318246949df60211cfd7baec6edbb47f1292481a8b47888d81feeb76,1,ip_fanout
ca61d26921db424a96ef09adcc5ae45a765d117e846941169dfad70588140a60,1,ip_fanout
282f732257e34c0f921d8aa67f0607b1beb24c9713054c3ea9702398f8b37580,1,ip_fanout
5cfaad6859e54072ad062383c32b99e135ed4aa884d94e4facb289e8dfcae0d7,1,ip_fanout
b940415ba749469aa8a60c726729b1e65eb16e7a731e459e94db569908917081,1,ip_fanout
2820a713dea541f4af30fbb6660b840d770d637364424f27a53f3427bf1876fe,1,ip_fanout
ac66d4ad58a54eca90bceb9450303e9fd0f6b8985746435d9cec86e289c2757e,1,ip_fanout
201dbd20141f480bb77f116f2a4a10c62dece9c9dbb5471f9570626ea890b685,1,ip_fanout
081be06855e746e7a56c728488fe99e72c63c0b827484005b0c027e0c480322a,1,ip_fanout
c590dd7d5a354769ba808bb65fe12b982b905085b47b4bd7a029c8ece5696c6b,1,ip_fanout
5d15ff0e06c34b1e821275d27781cdbd2444ea91b30443ff8e7c5821a1d18c85,1,ip_fanout
24ae1cdf42d64e1aaaf4c28c54a10d8be029045e45b84059aff8c6b738e3d63f,1,ip_fanout
241288acb2e14cf899bc818eb0dfd6882bf6936f1514467592a3033028a37a2d,1,ip_fanout
484cebc6b6734c3b96642dfc704a78f000f0f7bd5e8d4f948f036d8f4a0a9d5e,1,ip_fanout
af8c409a605c4027830c8cc16a751ac4278dfac1153b4d90b2c002ebe3741e46,1,ip_fanout
d0d6d50a4c5e401b80badfdd8f5f6851fab6f54907ed4716bd1b33a9fef73e39,1,ip_fanout
de3f2b82fd2149e58c5f097a0a47fe4fa5a1d9a2caeb48ab9a019119d1568640,1,ip_fanout
a4dccd692d2343638d9ec6b21d6300a26bb61f025a5d43f0b22ad0c2bbc2b00a,1,ip_fanout
0ce291c4802244a683f32306d191bbf11ee41da426f44a8fa8041f2d703338cb,1,ip_fanout
fdedc77978d3451aa3cf71303585909fe1cfdc8f6ee446ffb0137a6217da67be,1,ip_fanout
89ee8cfc364d4d83aee316a6914f39f985792382584a447d8046c76144e58917,1,ip_fanout
b9f8d214b7b74d7987a861f3903724cb14b0534a234440c1a744bd2a6666e777,1,ip_fanout
f79f3a5669494144bc8a41d08d19e3413b9eaaacd0494a7c8be38605fa45ff85,1,ip_fanout
40c4eadb797743eeb043af833e68f0df4de0ea82739445d5a39c9e318cc1cf68,1,ip_fanout
d6866c68f9194e1db390eebeb4e36727528be6bc1362425793ac85909592049b,1,ip_fanout
37b374e14a5d499098c3783b946d0328242ed93445fe4542bfaf33c695e42fec,1,ip_fanout
0fb6b5e1aeb641c18ca1c02ee607f9151d36032e9d204813801d671ef1b28ffe,1,ip_fanout
d7f8d2ff29f64f28b862d549929df6579ed106b83c1d46bfa250f9c8bd07e124,1,ip_fanout
5840d1e2085a4262a3899c0736814bc0f0866509caef4a74a31519557b1f4c6b,1,ip_fanout
3c74ac1df839459a9b47cbe64b9d1017b0b1489121f04865a9205db3914a88aa,1,ip_fanout
9106959671734898aebfaf55be8ae4af839aea4da5454d0fa58852e394311fdc,1,ip_fanout
b5fa588c224d4d3da444bbd3c365f0afc4c176b71e2b4ad5a5829f642caae653,1,ip_fanout
6c803c5a79484ebca1a8d3e81b37c0313060209465a9450f9bc3cea9fddf9c15,1,ip_fanout
0229203c864a4ce99c08cdaee01f132cf5c7121ccdee46029e71e2870f6825af,1,ip_fanout
c887618316d44420bd79236d7e06a6584e0b1e89f929457eadf236e97f92cb68,1,ip_fanout
fd91c4ec9d784b169d942cbb2d7e33e2e106716e0f344d76a04ef8ba04653042,1,ip_fanout
84761cdb66144dae82f5ffe212bf1438e5fb5d9866c54d2394a1dfc02bd316c4,1,ip_fanout
6d3ec56a4aa64df9ae533c111bde84ed2c3d5fa9563f4eb289698b2869a0c983,1,ip_fanout
197867b3625849be8552e5cfa60ef2c4db0249211cf442fcb9effa500b4ab116,1,ip_fanout
f0ac6709b63845c794c94611d8e603fc6bbe52d278d54890be6485d4378a11cb,1,ip_fanout
6e2a9650349a4584aa4464cfc53a67c1358c6077825a48e0b20b44fc16f42963,1,ip_fanout
9e25c8a2e2ab4c3bb190783b60ec0ff591909f00ab84425b813f1ba56b603ec7,1,ip_fanout
4aece03954114a86a62e0dc7ac51cab9b12c37c264c547d7967333387b4bde83,1,ip_fanout
38006435ef3c4480b822281b5411fbebe39f4bc454b547dc838097b59d9bc5c5,1,ip_fanout
d62de23f88694354bff85ab8f11ac263466d63256a3a47c1b1582a1332f7bcfa,1,ip_fanout
0873ea358908497fb098d93a05dc85c21f01b040371540c4b563ee0d67764cba,1,ip_fanout
c892f061845d4d51a96950e3ce61d8888ff58126b53344e8904d8ce9ffa6de59,1,ip_fanout
7b60220e39f545ae8c641aa5466e06b3f8986c2a777e4527bd2c66ac9861740e,1,ip_fanout
e82228cd0e1a4e7d826138e574a168c3a5f3bdae3dfd4236ab468652b54b2846,1,ip_fanout
02ddea9042a94cac9b535151eb98dd912ec081a7caf9435ebf550eb90f2d0fdc,1,ip_fanout
c6922ce4af554cdbaaed42bdfa2cd94d134627b7f1134b398da2398acbbdd700,1,ip_fanout
a9a86957341f49c9b79c30012d623bf53cd799d2309a421894f1623d179ba675,1,ip_fanout
73a597f4150b40a49da945649ee5356e0fa6abe6a41e419ea2f3f3822adec253,1,ip_fanout
9d952b3823a746d6a457909fd39e91c6c9a2d70009c64019922b5fbeda3b57c0,1,ip_fanout
6aaef7bd4fe44d0e8544f54066a201b8ea85ac5ceeb540298e9fabc391ad2db6,1,ip_fanout
f57582a1a639411d88cdc0aa8b280dd86635d18ead1f47499e61708a470c5167,1,ip_fanout
486787f146ea4677a45eb50a9b082e8491c34a4e1a5446af87f796aa1cd38c6b,1,ip_fanout
cf1d9a61a94242af92d8fd38a7a3a4d48a8db285e55d4c8ead8195588fcde8eb,1,ip_fanout
80c2b9f772d643d6956b295b837a11f78ffecb2521b443f3accb4a46abff1396,1,ip_fanout
229ed8b6d40f48408c53fbbb1fd26d26427fbd71fe2641e6922cd1b37468e70e,1,ip_fanout
0a683418cb244ba2a403739c7c5193771982626318954fdbbd6eac3f5046d7f7,1,ip_fanout
0369611a1a594aec96bcc0eca87cc6a5b099e8ba4e43486e9b57a17774fc84d1,1,ip_fanout
55b940b32a4842dda8e36767fcfe294c4b857ea51306494e9f7fae90342211a0,1,ip_fanout
468bb4bda27944d89a8804bd71c05756a671eb69866d401e87a6159dafad009e,1,ip_fanout
8e0d4c3847564e478440ae130d0d846f95a75c86e9614e97917ab18b0f5b5925,1,ip_fanout
1332a4d9c59d432f821ece7ea5eca25179e5f90477da41e498aa76cf9b4c2e29,1,ip_fanout
eb1e4a005f9b4b49a37b11a1e5b15190f13a9e5d423747e98f774b57f284f1cf,1,ip_fanout
38f4510770194cfaa4b9cfa3bf90068fa7be5f6292794970b795fe8bc655ebf2,1,ip_fanout
3e0282b1d12744c48e93c84720bfb9a03ac8bab497584beb84c0c06d9f94f346,1,ip_fanout
c2093be41ae94348adfaac214041f7cec91b4226870947b482bfacd6d8c471f7,1,ip_fanout
e1de775a59ea492bbbb142826dd24bff8c38037ec2cd4bdc9f67c8bef7fa298f,1,ip_fanout
fad205af5d6141c3801903ff1e4e2de6c2ad54d69a9f48eea3259f205cc2e51d,1,ip_fanout
79a5d988f79b4cc0896aef938b5f58ac90db7bfe8af14bc8b9919a0432d96889,1,ip_fanout
6450acf240a847d687411eb825fa6078cd639ddf5d9f49809ad90262f5ef5023,1,ip_fanout
db09758c406e407c922dc58726268db7550938f35f534d93b7dd869858f5a722,1,ip_fanout
3c73bba1bc284480973caf45a34f571cc1b8feebef5b4fa2928869ba3cb20abb,1,ip_fanout
032e2a66ba1e41f9883ef1b9ee995b3937777a242ea14a22a3be9bf5e92de53a,1,ip_fanout
6d9ce74e7c3d4fd99e23920bcc981cf9f3e16dfd00d4444b9200037e2a578588,1,ip_fanout
90c58d64247e428fa86040078548673127b4db7fc8bd4dee908229923d149feb,1,ip_fanout
1b8d85cb264d45a0a3a543f23d7b169f6b542ef137f54d219ade2dfca318eaf3,1,ip_fanout
c583f442f9ae40c3aefef305a300d482bcf436e32447413e9e1131867de620bb,1,ip_fanout
4288fa0494e54067921c47b4746d0b8cc205cd06b8a14a65b05d88e221979df8,1,ip_fanout
5e14e10f8d5c45f1a6870d7498bbbf74e32bca54d31b44968dd35c06920dbd4e,1,ip_fanout
cfe755aca992455c94798c15b065761b925bd8c8a4544897845187b1a90f053b,1,ip_fanout
bbdd8da65c034477b8751539c68786bacf91f201a7b546a4b6d29682e1fe71d6,1,ip_fanout
c0bc22b022de415ca5112a622c8c6ed3b915ef3a2294472583fe5c6a3d758a51,1,ip_fanout
b3746ea2b56941ce99d831c2f1cbc3dd0c383e071b684de9a5ac1ed9a1f9e909,1,ip_fanout
d5ad03d551c8486ca1dae7b8d0f9642c3e0af24f348f44e686de884d7da70bf1,1,ip_fanout
30738f7d7205432bb6eb2c6d5e525283e43a8b43f9ad4ecdbce141e37b97741d,1,ip_fanout
10f30e0a94a54f54aa82635fa5224759b97d533aedc048c58d336a2f32386ea3,1,ip_fanout
6f34d180413346fa8dc7e9a3bdbd87636176fa2beedf450f8f1cab5e91435ff8,1,ip_fanout
b26338a7f2c0488cb63258baad7b74fc086bcafede214fb4a2d0191ced2aa943,1,ip_fanout
a4f43727a6f04f908bf76a71fb120a7373bdd2a36b154e82bc95daae5d787767,1,ip_fanout
fd61fc80c0c44f7ca6c9e9a834802c7f0040863a8990412b85f66b00c0120e0f,1,ip_fanout
db7a33b37fc44393b51f76fdbc15182d6832e37222864507a83c928d361bb4cb,1,ip_fanout
2d1f808772b1489daeadfe6ce3bf578874015405a8364afa9d64388caf031415,1,ip_fanout
ecac3b1de7984d8ea636f9597ce234c67ababeb0dbd04519a3fbac2c5f1e7469,1,ip_fanout
4b058e404b4f48b99f606d0b57523aceebdf043e50eb4b7fb4dbd2416ba39528,1,ip_fanout
28d9878ceb7d4277b417c3972a320c4e831283a997fc4819a8f22fa9de1d1582,1,ip_fanout
437e6f97873341b58a146c6551aade65fd7c0202ef7047c7b4bc8d1d32bce1b6,1,ip_fanout
5a7f1cfb12694f7c980dd02ce4b82feeef28e3fab64947c2ac1df1358615a185,1,ip_fanout
5449c0028a154a7783b080dbb07e1aa5b340f08f9b06428ea5686b451b1ebb36,1,ip_fanout
f61195f52d3d4180bf2929fb39147f423bf162146c29477bb6f50df8a35ebe42,1,ip_fanout
86edf81718984957a3dc206a5406e0214c75a9a9e6164b4ea0ac04d9c5e85609,1,ip_fanout
1fa6a91f8b6740068d62ed9a7ca648ac2a4226cb10de4b7dbb7b1597d2066c62,1,ip_fanout
1d9c08bc60a743ab8e0d84ad078f547ad67c40ce9acf4170babcc4ae75bef88a,1,ip_fanout
464dee63ec5e476a84c164880292a44d1381c89239cf4ba9b2a6056d7edabdf7,1,ip_fanout
01fb95cb80f94390be10256c9e81e0d017fd823298d0412aa3a9683af50a5887,1,ip_fanout
d59d1c2db11d4db69b735d395ab9c54385d9207debcc402e8bf5db10be3e9232,1,ip_fanout
fffd3dc8aacc4e2ebffb6952430b700c906b6e458e85411291249b0c029d26a7,1,ip_fanout
a8bd8c5d85124f7891a2221b82070cd203070c20f2bf49a4b62b5c4b79f6a259,1,ip_fanout
2a0082f28f764084800ee93404211ac7953010ea9e6b4b8a9148c1fb2f7a99d5,1,ip_fanout
6e18cd29d411455dbc52f774a2b0a4d40ecdcc4c14ad4920aa7805056466b288,1,ip_fanout
364eb51f888f49d9b4acbcc46a7676f18bdaaa9516b24b949d5528174a0ea66c,1,ip_fanout
184889dea070433d9ede72e693288f9729097af6c89f4d74883bd487134f0dfc,1,ip_fanout
fe2546f506d74d64bd5bf16a982a493c7969237cc64c4d55988f67b5cbb3f933,1,ip_fanout
98e55a6974ac4d35aeb54bf8a76b6ffce2ca01c5346e47c8ada5f1249bd47cdb,1,ip_fanout
c6a39ae89ba4478c84e672aeee1799e840a1bc4b48f8444d971d871e9088884b,1,ip_fanout
0f21b30ffb7c4dbca4f8c114eb31ac23dae5aabdd9094b63a6cf6b0061583a7b,1,ip_fanout
2226aafedcbc41ad87355d9996c9149b2694b86aebe449caaf14d4a96538a223,1,ip_fanout
a026d645930b4f479e209afaee9ef604b96571e9dc6f4efca761ead4dda13d50,1,ip_fanout
1d7b77b72d4c4101ab1408bda7de26212e353b32218f40b980b0b285139270da,1,ip_fanout
f2cf536abf6a4705856c9ff1f3ea4b69e1e3998878374bfea59a7e07fa2dec1a,1,ip_fanout
fdddc27cf594470598f40b07ef251015a253d3f6117d46099e1b107ddc7f1d24,1,ip_fanout
1163abcce9d34d3dab75f7d9a1a3f07c352770b78e0f4f52816218aba9bbccc3,1,ip_fanout
a1d732e1f7374b0186e2702a61d833686cd068b47f344a8e9536762f3831712a,1,ip_fanout
6c233d377aa045889bcd979af4f7c9b29c0d198b201141dcbc56583b7222cdce,1,ip_fanout
68da417578594e44ba0273a86972de8bb8723c6596a649309d05f899381b8905,1,ip_fanout
a3eee33b810b45e5858ec8d81c4688c62b58a57f5fd24be89673f2d246a92dc7,1,ip_fanout
dc543e6173f949c38831e303228e50f60d123f71ca9a497abf0bd0a98d9dd717,1,ip_fanout
2b151867862f4adfb581e814dfb512eb7bd55502c8bd4f40b0e7bedfcad6fc80,1,ip_fanout
310b37596add405f851472ec5e59a28a75251d0515a343efa0f8af1069084104,1,ip_fanout
b9979f49fddf4b6399904a4bc71ecaf554b56897da5142a1ba1a0aacb10916d9,1,ip_fanout
d0cc8666fcb7459e9d550652e58e8cc25164934188b546c9bb66cb252ce8624a,1,ip_fanout
11ea818a46f64f3f873ddb9e117376f6b7caaabc176341f193ed3789e4f77b6b,1,ip_fanout
23a03a10582c477a887318ae72bd4f6f2a98c26f1d294d17bc1a559543725700,1,ip_fanout
5adae67a596340eaa6b168df08558733fe3def0480c14d7bbace9031d172a4c3,1,ip_fanout
a5dd530b612d4c698dffa4c050fe3dae08e16a9069c94090a9b8b12fc7a30d95,1,ip_fanout
b32740806230439381d5090247ecb1bd62c7652f62fe43629ae9cf6b5f26ec61,1,ip_fanout
7d00151ebb254fe5832a001334116401d37db3ea7da34edfa1c2ca24c88bd209,1,ip_fanout
ee7d310d1256415e823f354994a41a142c19cc5e5a53406492bcbe85200610ae,1,ip_fanout
5af33a23e3d740a3905e24aa7abaa1f7fbab834f9e404dbb89aa23effb8257c7,1,ip_fanout
b8f515734f5948aa8c044ff84b56010017e30abf40104b2c88f45457e00e58a2,1,ip_fanout
ef8d5f7d7d6c4e019a4ab222bdc96f71d22254dc2c1d4c18ba4638592503b9ad,1,ip_fanout
e01e59f96af346cd978714aaa3e9dfc60704e48821c146d8a1b850452ace7daf,1,ip_fanout
5f506f3e704742a58201f5a3712c308d7f6fc14003ba40d5a495d9bba388f414,1,ip_fanout
66804042d9a441c188a62462b58019e03aede4aa5a514c3f92280e058b47a70e,1,ip_fanout
1d8a6ab6cc17422db70a90afa7360d54409a90e6cda64414865d86b4b591ee98,1,ip_fanout
99d254a010154177bf8a0d7ed40a075f37fe92fbe7784f0a85564e9c5be86fce,1,ip_fanout
c92ce88417df4ca28f7c50c82eb98d48e10a593f6da643248fb96ce2f69f56d3,1,ip_fanout
c236765a5ac84c3c94e1010bce6947a092129cd7567844c5bd4f84ffb7aca843,1,ip_fanout
65e5814909b941d28e6582453a3e8c25e1c8c0f296f04b938f4a22455d6cf974,1,ip_fanout
c62169d0f80b40c69f26a2eac762435bedfabcd284f24545ad3f9c31ad5348e3,1,ip_fanout
2ed532d63d5c4cd6b639ee6575560237cee07d12c3684a30acaa8e666295b409,1,ip_fanout
892c87d2fcc541899ea90276b450ccc96c5c441778f541109e0e7b13a846b412,1,ip_fanout
2cc8408fc4664fb8a95bd8dc537e92d39abc323fa0c94c83837681aa6830cebe,1,ip_fanout
bced0d67211e45718197d9609001f9c88620995c80d64a5ab6e389509d8f1e35,1,ip_fanout
16b249bcfbd74ef6b45cc10eb9ee49e30ffeb73c0a4e4acbb1c854219b48a9b1,1,ip_fanout
e0e13903cd8141d6bbf22befa57287259c0605eb5849414786b790b0bea765c8,1,ip_fanout
50f5297c39404b2d9dccb49a3dd392e704cbaeddd4aa4d5bae259d7ae49748c0,1,ip_fanout
3aa091adfbd4492b8c2e54f6fd9810a8f2d41e9cff5747739eff76b16fa1ed69,1,ip_fanout
6387496e1f5d4de39dba01b29ef37e7c87d5dafcc9934810af07baf272d54569,1,ip_fanout
052530a3ab9d4395a8212c77cd40a2897c618bbb439b4fd6a95bb7403a1f5b9b,1,ip_fanout
874eb47414e6437c9cf4f30854c80ed4865d717fc40a4877b97e25d465ec6bcc,1,ip_fanout
0c58a9670a654a4fb31ccb40ba9be72b469d1bb330764c3a9d0b7ddb58b8b43c,1,ip_fanout
1104dc11ac4644a5bac7ddb8b147efe397c2bdd65c99459d812e74772022d79d,1,ip_fanout
e12f6ccdb3cd4222a6a7b8d83834faaf85f4e8fe8b864b3b9898155fbae6ed70,1,ip_fanout
d81d62534c354b62bd30832dd92e240f0c5a3e13e38e476aadd5c89fc38289db,1,ip_fanout
228670ae58c34d2aa76507795ffd5b3dd62773e7e9ac428e874890b5cfd054cd,1,ip_fanout
1fb0adb533ca42e39a77e9148c0973e75ecadb59cbc8486d8b08f461acf491ca,1,ip_fanout
2db23b9955094a57b4150b69a6c5a878ae16611812f94b5bbea70f643028400e,1,ip_fanout
7d07eae13dbe4ae49f165a7977b809eb9afbee5dd57246e0adf74bbd308ae484,1,ip_fanout
23b2ed08d76b4ac39316049aeabcb283177ddd6c8b4d496e840c8aebf3791b48,1,ip_fanout
4247cfa757b345848aa1fc7222376b9f33cb1c534fe24a309e0ff3f73f42729f,1,ip_fanout
2d0a26e4cfa048139ac0528e2b5ad6ffffa14e9a989143669a1c891abc891b9d,1,ip_fanout
80dd1dee744f40b5888be484738e9dcbcc702249a70b4693a1bae78c16c43167,1,ip_fanout
f731d9f2893b439c8afed80f667bb5b4ca074147518742be9c2e4fed0f2252e9,1,ip_fanout
b03be7adb8ef4d488e2fd68c1001b19da663b8673aa049718ea2ae73d0384de0,1,ip_fanout
e3a9896abcd84696ad7171639684962b29703605b9924f6a98f9f61417350c30,1,ip_fanout
a2e0cd4a839940ad83a5e2d6c107e88a9a2ebae290fc49ed828440cf25a410e8,1,ip_fanout
72cf8aa0c94444299a3c18fd6937cb1af3e7c97f382b47cbb0717676ed43ac7e,1,ip_fanout
2f93997889a540a2b3741cb28b29c86e79efe6b3a1a8411f8fe8f10eb4eabf6e,1,ip_fanout
83e98b0d533742438a6fd40f10cdab0da53ef2cda48a4386aa35b8c74c9bc154,1,ip_fanout
7f567e6a172a4503af7fc4e98e5cb8183aa5590e4df343349935a77e89aa1beb,1,ip_fanout
2688cdc9291541718bff8aa1f6ee909524d89142648b4766bebae8fa15cf2151,1,ip_fanout
d43a0b52ac904cc8823a2f173d83381715dbd959049d4203b51d51b1e1640c44,1,ip_fanout
259d4a7d7c7845438e9c726557249da7ebcea4e5e1904435a9593b26bb2589f3,1,ip_fanout
d1f5e73264c0472faed430024d1f745b2014767d7b5d4299a4984a07e084a982,1,ip_fanout
217bdb51085b4222ba7182fae0cb0653898e7d77673041309bf0637eedd2ebe8,1,ip_fanout
843e363485a0481d9d1c92fd3edb13caaca2ce372dab4c1abb0bb6781f6c297a,1,ip_fanout
4a2da06a4d024cf09d8568c9c4bb3d9702fb7e2995494164be8c2210f380f378,1,ip_fanout
d139584c4709448b8fc384e5849563aa9d69ba2cad7e4627bc0cf680cc013190,1,ip_fanout
14c6fdf8123649f48b19f1ff0114a596a8aee5f89ab94ecbb062dde149e031c1,1,ip_fanout
a2578b418bd745a5868d931a0acff499cddb573b9e4145f9b7745bf2f7f51d65,1,ip_fanout
45a35ad752124c42a99fb28884eda85c9803151729f24e93bfb096dde9d5ab13,1,ip_fanout
c8360423d28043fdb363ced66f5d09ac6ca76290ee634a9ab30faa536542ffb6,1,ip_fanout
63d8717682714e24938e59def2b6009ed05440ed45384f8ba8abee5f705f53b1,1,ip_fanout
ede901c186b34a24945848d30abef416477a3e99176a494fa14099633894ef12,1,ip_fanout
9aefaa56e3ed441aa42e21b333e40dbfa8b73368bd444c09b6d3114d34428753,1,ip_fanout
4691bf55354441cb8cc843bf98d79067e4c989e6d4a7412a87144445dd53a6a2,1,ip_fanout
1b3606798d3641408ea81a7ba7315fbb09a25606268d4b9fa954798c87c5f30c,1,ip_fanout
8908449026754087bca72888cf152e8da238908c466044d3a797604b4e8073df,1,ip_fanout
88d9f31120c442c19c5824f3ea14f2cc7f4f700c6b4041c99ea6834d6de149cd,1,ip_fanout
4ad6af126daf4965abb747921652a04d538a0617245e47af9e7826faf193df5f,1,ip_fanout
14ef5212e43b4738aca58046a405551f723dc901a1244a81849fa94a76dd8849,1,ip_fanout
d7b1cdff79c9421ebe3ccd17e30d4c85ba03917eaa1d48ff9d4a137d11dfb877,1,ip_fanout
c7c28cd51c6f40cbb1f33f877cc31de6c3878a1ffdee4ef59b37a4a0d1ef9742,1,ip_fanout
1a67afcabd6c48a497e3283dbb5e0a0e5de2b69ef0c94b3484e68a5dda36b80f,1,ip_fanout
da64d67ae017489499c3d18aa39f006a31cd8651fe8443839b26e46d10dcd1db,1,ip_fanout
fd8d6c80e4764b49a739e1388fd2467cce772ace3f084e19a041dd81022b45e3,1,ip_fanout
93eac691e1a941f088f78cd900c050ec1ecd72c189e84ac48339236a3cdaf18e,1,ip_fanout
44b982b54fd141868c995a07f1a8aa2202d40db310354356889a35c548871b1d,1,ip_fanout
9e6571cbb17c490b9093cdcf4059bbf1e5083ea1ce8c458e9811dfeb945ba1ea,1,ip_fanout
a45e955cf1a14848a8a700eb7ff0b5b521674a39d2e14506924b00573e2b7653,1,ip_fanout
a2fa49d3ba3e49b6a5675bc867a353bde7f72d52498c44eaa6aa184302808029,1,ip_fanout
42c7f28995714700bf16247e9159b184dde30da9922b47e68c5b734428e89fbb,1,ip_fanout
56c5f08227944e0ebccfd3677a735d75bec8ca05cd2d4d11b6852aa21a99703b,1,ip_fanout
25cf5c6089b944aa84bb5d8d9517ee1186765a01d317486090c6a620210e1bed,1,ip_fanout
125b3c03ee8e4af6af9e72fcf9724ae2ffdf158d7048442f933c023c7ebee2a1,1,ip_fanout
e0117d17eefe4c179149546eed69d97936810f37d27f48b390175bb183a44dfc,1,ip_fanout
4e06be3cb6f9402da9fecfbb4820cba5253264bab5a24957b0167dce405decb7,1,ip_fanout
a3d26563e6374fd190b6b37ecc82f04994abd5de5da34845ad2a2c086732009d,1,ip_fanout
3cb2020865384b60a6bf08e3726f91c6e2f15e24e9b24014b7477cdeff3e35d4,1,ip_fanout
08c61a73e4bb4e5298e7d9c2e74979f2d692a75e5e0441f08ff04640af7dc6fc,1,ip_fanout
c08e0ff6904a49dbb8b33c767bdd9b80e72ac183d94b44ae82771c35f082ffca,1,ip_fanout
1857126edab540af98ff224883d18fd091735c3358334419b0c36684af4a4613,1,ip_fanout
ab42a5a85a224918afab1c2ef5636f929cd09c7f372f42ea886cd7002653aaf3,1,ip_fanout
129fad0881ee4490b448c9c015380f8f3d9f97a436e1425ba1f43ab6053fb175,1,ip_fanout
887b3053e6134c6c917a4fe64d3d7337e6abe7d2c13d4a48b0156e83aa6329d2,1,ip_fanout
4c4a2278fdb74eecb704e08e4ce40ce79edb821e00564c7c9dfc941d93e6d597,1,ip_fanout
fe85d7659cc24d5885536684bbc0a3c220a3e36de82c4343943d21a783fb76eb,1,ip_fanout
64d063176fdf43d9bf247c554628141f6a55908f2f3649ed8298caa2e527c13f,1,ip_fanout
de9d320efb7346eda7136e1e8e3e2e84a0c0df8396cc4267b47c28a733b2d0e2,1,ip_fanout
bc5cd7b0143b445f856c70c9391a0315d23cec56423c4c7a8a9265da81af04c9,1,ip_fanout
2c740d35b19b45bfb8966b1a936dd904af8d2b0e3cfd4844980c9473a267090d,1,ip_fanout
c5fe8df7ce884e18aad00288cd57edd7edd8b05029d14bf8b8b7a143f21ea399,1,ip_fanout
21883d9e595948e1882e218187dde32d3b3594ecfbb74835a6f786af3255c837,1,ip_fanout
fa8175d9e2214f96b48625a23f2eeb2a9275eae75ce94b329d3c32f056c928a6,1,ip_fanout
06617987f8a24705bee37fd638c8e7f9076ff57ac72c464797cf776fd92640ef,1,ip_fanout
b1c8828fb4f541ffb2b10ad5bf7258c125fe5f2228b446719ce5f8ecfb0a1a18,1,ip_fanout
06dc46e711c7473587a5fa22a958095807f9d1df552846998e3c586339f03c86,1,ip_fanout
398612adaef64e9b830713120dea6e8c7bce3836bb4d411494b5f2055470845a,1,ip_fanout
835d1383c37d468d9165fc5de4c0f3077eff04863abc450c986df1fed86415bd,1,ip_fanout
c8a7802fc44a4c23b9396dcc21aee2d4d392b6ab0800497390f6d06d1e3c8461,1,ip_fanout
ddb93d67403b42e99c9a318ff7ef7ccc77ce8671e0ed4a3fab4d89bdb2088f16,1,ip_fanout
36d9f86b0fd64f05bd494259a907e17269d20bf2160948058b2428330bc388db,1,ip_fanout
8d4c0bef457e400da3224dccc6aed61ddfbf309f9f8742c595447ac751978204,1,ip_fanout
fe06b999eba5409190d68c2bbe20643aa00affe324cc4f8eb6bcc371f2bbddb7,1,ip_fanout
77b740b6c4324c56bb410926bb0c8cbd029cd106a5394bbca9e2cfa593bc55e6,1,ip_fanout
1627089f06304383bee5948fefdac0507571c0a01d1e4bf5bc6de0ddcf890811,1,ip_fanout
a60d51616dc1484087d77c8e654c3414edda626d66fb468a8c08126361d13a25,1,ip_fanout
151c0b77b1804254842e938c7e3bf5e14fcf40a343e549049940529097ab93c7,1,ip_fanout
e244e1daf15e442d87c4c58e3e79eb4bd23a9a74a20345a2b0274a754980de28,1,ip_fanout
4ac00becd43447819d6b391c96c045d6719a83646e7e443d9ff43a7e4d5d11d6,1,ip_fanout
ff695592457948ca9df73098d253484930beebc6d71a49f4aba59336aa7f73bc,1,ip_fanout
2d3c5127d7604a5e891f15ca560207ea8736fe77399143a097896cba82e8985f,1,ip_fanout
fc0281a3f3e94c8e9151042acf93cba94d6dbc96a3434e1287d0a0f00e88f0ae,1,ip_fanout
9e4d1bce283f4ef8976530841dbd9470a4fa0d784ae04abdb859dae91ef0f94b,1,ip_fanout
614b32a08f2b4b3aafaa8b008d183a1f1d8f531657bf4a8cbe12901c89846372,1,ip_fanout
cf68f79a412d49f9bf69d4ccca13d82df7b0a7ed7f9842edb3492407acd98bee,1,ip_fanout
808906700f534dc3a32406945509c051f9c8169caf0f4beb884400f34b0cc9b7,1,ip_fanout
2db28658fa1940d994f178cdc5a7c2aebd6d1ace38af4fdf9152262abad8efb3,1,ip_fanout
8e6e207fd9324b769a847e1c5e5fff810c9e9fbd58064c3f94d03707a73c5ad4,1,ip_fanout
7ff8136fdf4045658d40944a8b68acac473dcf6567dc441ea9adbb7e4ef6140e,1,ip_fanout
f5575661e731495bac5c36b74f361c20c2c93b6cf7924437be4c5c33cbf73852,1,ip_fanout
c6ed51e5ee084eac906e822d074365401cfaed6a37084d14b90b73126a2ca1d3,1,ip_fanout
9534ed27998b410f9a63ce25da1ff7ce8aa075f5a71f4fe99dcbefd0e9552482,1,ip_fanout
631733da9a8941dea9d4795d1230b78616a7af5f5cac4fcdb016eaa918ec9c2a,1,ip_fanout
3b833e066f4b459799ec9ea3678536a71f7ba65cd99c4f8c8bd028b8cad08b77,1,ip_fanout
65121a8e4f8643388cb851e9660e2654795ec8240b6443579b890b1e83c81881,1,ip_fanout
a4548f51d3e94d088b0697967e55eb1588114fb2e56241fdbcdd3befbb426b99,1,ip_fanout
05649da8ec60479ca577c122d13c71dfe41a2a3eb896423f99c2c635c9396ff6,1,ip_fanout
c93848a582144b8c997b260c5c534e6b9093d7dbc8ab459493cd3d5eb393c50e,1,ip_fanout
c8f7bd66c16a44fa86e851b09ba3343f22538d596f774611940482c168fbc3eb,1,ip_fanout
a895051e15054eab803489104998adcff5caa1c4ad394daa87772d48111ab5b5,1,ip_fanout
3207a8eae2ab4e968ca1788d383a3faf40a763a2aeff46058537a5d99d64505b,1,ip_fanout
2204a4df928b4460b1b521dac990e582b9ccf92110634a37ae09d57d60614dce,1,ip_fanout
70adb362f19c4fce87484f5655d7754ee097dacf2d884551a7db666e485cddd6,1,ip_fanout
df8b2845bd7c4bf4b72545a73868b5f9c8df23fb73094d5ca7d1aff0bac535a5,1,ip_fanout
b625c50a3f2b4c579628dccb8a103fc23747ec89aacb4a2db758d947ce1661d2,1,ip_fanout
ac67ebd860944b398e87b55c562bb2d56ca89416282845ef95e790ab7ed67a5d,1,ip_fanout
4d0a5445977843bd9213166c9fce0c8e00c2ed5f18c24172bb49712b2cde6916,1,ip_fanout
40d7ff453ff34cf2a2d755e732513ab9a5e4b3781983473293346599d7a18f58,1,ip_fanout
2d8271dde5bb4f29932b815e75d1cf184b63ad6c01644676889afc903df2bff7,1,ip_fanout
d91effcba2294af7b05aeffb606746afb5e96fa092574d09a80450029bf09ea4,1,ip_fanout
203dc17b3cf042619aa78ac028034abfc164d145ef864257bd846edbeeb2b0b5,1,ip_fanout
d9524ddd7fe74aad997ce47912fe661c03ab7cb394d741d49a7a8f9c5ac87c8c,1,ip_fanout
d94d04921d0d41dc8756f137f80cb17842bcd876c6fa45bfb9a55edc2d881d2d,1,ip_fanout
613782c1be32404594f3347590fd5e66afdb5e80e0a74a5884d3e6e048e2339d,1,ip_fanout
254babb6f86d493e8c4a2ffac9268091e7ca3580aefa48ea80e40ff03bbc80a3,1,ip_fanout
f67d30d2701b4d57bd7b941510fd932ec6aebc54eeb04a528348c025028d8102,1,ip_fanout
84a7e95fd8a44919aa313feb399aa3728dabe031bde64564b582ce6d2a4c2e3b,1,ip_fanout
3f3fbeb824f74df9bdb7c846b313d237cfafae24253a4095b6fe0c06b9a3db35,1,ip_fanout
350b3352a58d440eb53074e2dc5be29b21ec4eb27ffe410984891374baddf98f,1,ip_fanout
8867d991b4b04aa0bf09ea20c24689e2b203bbdd4574433790c978653c22d506,1,ip_fanout
e4e6179e3ada442596b15ed3a135892f5c0b23b4b1174bb4a2808fc2e9d0c2d6,1,ip_fanout
faaff8c6e2e5439c82092d62877f3110f50f712bc4ec4bb9970df52601d92453,1,ip_fanout
297a0b6dd71c48c5907bce708a8a5ffee5254af45f584ec08b12d4a88b6399b3,1,ip_fanout
2c75b5a62a014e98bddd3b0108d64f15abc45e178cc74f0ba2b142d53483b36f,1,ip_fanout
9ee8e8c1b5824671a0081ff7b3eba51acbefee38a3a0450fb7169cfb02d8c809,1,ip_fanout
a1ce614416ae4686a0e1413e812a2de1911fab07766b4c06b419a39649428f2c,1,ip_fanout
32f6cc3c08734e5d9ee3a8665abdd5e7d2c25254e2b746e4bd8cd1db77f1904f,1,ip_fanout
837eb8188f994704859707413f3e6a9557b289766e70495c9ddc424fb183278d,1,ip_fanout
e5482815fe9049d19a4a51cf3311687dc975f561808a4162b80207dbf4ae2ace,1,ip_fanout
ee49766c30cf448aa6d3bc0d56a8af89d72228cda7694f0ab5d5b907b7e69a1e,1,ip_fanout
acf555eeee674edfab33dcbde82865a9083f01c9728045699be5249a80d8f37e,1,ip_fanout
ce36b647e6c74d50bbf4cae78213a738539daf9709ee4ce7a4b27dcb30727372,1,ip_fanout
5ca129bf01d545e683ec9bc7b03e5801843532b82c124d24990f079076371fc7,1,ip_fanout
0e89e66ab35945aea498df58a2995d7db9f1389cf2ab4ef6b40fd079f8d1adfd,1,ip_fanout
70cbe9fa043e409cb8ca0ac14e693f74f0afb3b9f5e647919e987dff090c282e,1,ip_fanout
c6becca298b44483ba62263c1f602cdb8f37fd4d1994495b82a46950e8ad6e7f,1,ip_fanout
028944a73b164589bc6a0fcc3d7083177ab82cf130904f8e910341782b4fad23,1,ip_fanout
b4b4c2cb4fbd4ace82d7d7ea8170714e392d63b8e91a4ba8bf7cf1c7278569d5,1,ip_fanout
8806fc4a62374e01a6a512eed4243d537054e91a39004a869f09b03130be816e,1,ip_fanout
d686ef5adab24f51a9b2ffe314ca8607d39c8212926c47b09cbb259bd60eb1e5,1,ip_fanout
8f74450f54f8461f8be71bfff8d5034fbc836ad11e6a437b903e1aab14c081f7,1,ip_fanout
8f4a31bed46a4161ac402073d858f6a0fa5848586a6b4f1bbcf98ace2ad5f46a,1,ip_fanout
0f2195b9aa494bdab63eee680a1d2b9aee6faf5f61ea424fbe1081c5502c4dcc,1,ip_fanout
befe3606c37e42f2a2b68ac22ec9f8c363fbf5c3d02c4294b2b8c93b5e2c09dd,1,ip_fanout
1cdc77a89bf44009b72f94391f4eee83a7c324956e204d5eb7d4dbbea28d5051,1,ip_fanout
114e0adf94c94bd3a54ad362533a1d77581bd141d33c4dc0aad391ad785c6fa1,1,ip_fanout
3104254265d343a090d87402db81d224ff21aa1d5dee41e495d33e62109f8ce5,1,ip_fanout
362914bd6b314b0e83cb0777605efc33162a448719024e3391b049abbe7f8ad2,1,ip_fanout
bddf10bf29bd4198bf1b14fd7dda704c0589533fafee4b55bbf7f9c5b9cfc5a1,1,ip_fanout
1aa7396313764d2a96a78cdd973edd0066fc58c0677e4c67a1cf9ea893c0fca0,1,ip_fanout
9220a55d54d84d1a93869c828e7fce9b9fc5010d4fde46e296f31aee84ebc5e1,1,ip_fanout
12b4c15522074432a4112cb07a609a3757a9ecd10bf245b8a90b33519cae8b9e,1,ip_fanout
4e8ee8a03fb64086833901c4321acf306a7ce63c294143e6992391f4d4f58e38,1,ip_fanout
207e19822a45481385809a200ce1c89497d0203178e44e54acbfab54d6ed0077,1,ip_fanout
9ba9ed08e2af4e408613dd47e65eca9c5bbffaf9c26e4017aa2ffc14fc3ee985,1,ip_fanout
f8a46fb954384b90bdfff8ed4d3af0029cef1fcc0f47453da8f6a6ce2f663316,1,ip_fanout
818815525027419bb90b8c0fbb0f093a1b334032ad1b4775ae22896c67a61c66,1,ip_fanout
6739e1cfbd674b6596d122c37ac4ca2bbba5fce6b3624536b91a2e5c72cc0089,1,ip_fanout
fbdfefb34413476aa66646f0ddb03c29f4fadf327f2c4b0b9ac96de61692bb8b,1,ip_fanout
de8669df581645c6be6777701c622c7296481774ae9348299cf13e8bc4d7b70a,1,ip_fanout
9e87b4cb391243f2b0872d47edad3ba609705e3a4f4b4d1cb4e46c794354b1d0,1,ip_fanout
8af493c7fed8429383587f57748b77b3e7ba7012273945a4a6d47c8ff934eabd,1,ip_fanout
1ad06486d1f84e84a166fdf5cae1f887ecdc2848326049f485edf214ca5aadbf,1,ip_fanout
f0b559890832426b9c479f3a86ddbb85af8fb09a0c3346a79e0c42a61e6f6b60,1,ip_fanout
390ff2cf97dd447eaa6049b26c3a903e30bec710d4444b55b10c16f0ca9a72f4,1,ip_fanout
2f5be34f32d244e1805e952d0212751cab99b26784b0441f9cb8b5679e205240,1,ip_fanout
a9e2dc141b1548c9a6e4c4a5a88c336c326aa9a41cce49ac87794eceee84f82d,1,ip_fanout
3e00c4b7787a47729be9cc938a6d0758a40e934613964f5786c1f5e4301d11d5,1,ip_fanout
78e4c39a688b41a6877d8e60b0ab998ba88b1d08660a44849b36d02bfc6155c2,1,ip_fanout
3dfd2c2b690346eab9e172f025a650a0f5f937acdcb941b6b70e9f609f7aae26,1,ip_fanout
5e1e73a7ad9247f2bb433d0f454c3756a1fc470aa22b40cd83e957144c47b5ee,1,ip_fanout
759a47faa5174040a18a3085f1d3fb4f6fde3fab20294637aa66c881660195cf,1,ip_fanout
39600320132d41f08360f923c4edad9ebf3030ef3e4a4c16abf50378fbea2f7c,1,ip_fanout
af1e5cad50464666b4aadf42d1e942d7c7fff4629b1444f0a1cd2f834d153718,1,ip_fanout
ab82d8722b2d4599af503ba6eae9e302bd5711018c964d1bb09a8c053073978a,1,ip_fanout
7077b431a9a44003bb0b8139be644a96712ef146c70a4b029f63f9bc7bc386ae,1,ip_fanout
5e0e67c41e0245a1b5d81a1207dbcb5f6935438a0ebf4228bedfc538e98bbb26,1,ip_fanout
0d481246efd84a4cbc8eec2517b8f863e2bb4ad229964174a98eea8015a6f5be,1,ip_fanout
19e4000824ee4059919b440770ba88387506fb70325c46a1a5f0eee3626c171c,1,ip_fanout
59c403db3d5a4ff0812a9b0f17ba43f0f001b0345ffc4a20820a5727eae322e4,1,ip_fanout
6d33a44462534c1e9ad7707133f993f7112ae6e3ff6349439c9fcaa7a117fff8,1,ip_fanout
b9063ae0122a4d82941451ec3210a17ca2f8a5243afe4af39086bd823594f2dc,1,ip_fanout
364e091bee134283ab1023f99edceaa8d61c7f640aed456b8e24f171ad6b3142,1,ip_fanout
75b9b200cdab4698990fac9fa7093fa587f8deffed2f470c8870c2da970485a3,1,ip_fanout
193a9b9728274db49f83e32444d25abcc15215598c31475788d003b7c889debd,1,ip_fanout
bd72edbb07b147d48b36c04969cbc4ddef47eca09cd54861a76934e32341b7b4,1,ip_fanout
c7963d0c3dbc4cf288d1c9df2d6a5a3c50f3901d8630416ea4d5f43b6761dc8c,1,ip_fanout
49589f87511c40f1a4aed79ba98822e0de348c7e503a480591ac7a22f5a08795,1,ip_fanout
2487bc1ac044421297141251347195a9861ce377cbdc43a9ab9c1037891a333f,1,ip_fanout
def3e708452740b4b87efefa3c42546c1867647adbf54e2f9f129b346fef482f,1,ip_fanout
7191ead571e34f57ae90d6a854d9f202f17b61ac49594ab1af8cabd9dd648b73,1,ip_fanout
04c9ee77e7a741a3b357a0d57749e13316a705306b6a4a5f91d625790e61ab87,1,ip_fanout
8d237f65e66840be9cc3d3230527cc13a0101fa775064d87a7365c7f0f232182,1,ip_fanout
96d7559beb4049e79d8c3f4116906dd5175b0aac8ae54cd6a76a855bad7b9765,1,ip_fanout
1d4bc325445942398d2aca012251530122443d2a1c784cfeb2f4530576e29fa5,1,ip_fanout
1fe3d5b044b54056ae86de53ddef716255cbe6c78a9143ceae77d8fc0ebd9578,1,ip_fanout
a32ceed042a64ff781935ee2ae8ac15c78450335e3364ae49cf910357a035b18,1,ip_fanout
687026c429a344be80f054f067e9851b7116c1c37a6e459fb33dac149e0288ab,1,ip_fanout
eb8df37138fa46aea19943220abcff29eb7966f8faa2442d9d33be28ee565d51,1,ip_fanout
81a22322c0a0486eaafbb19512fd04efa2b0e487fb1c4a7bb3aca23f9040ab6d,1,ip_fanout
6b28232cacb54fab88b00155443f130f33c31a9cc9a94961a9a7ce2906765b03,1,ip_fanout
62e6938ddbbd46859adea7b3f6516dadcf32376fc5514902bb1546c37f65d9de,1,ip_fanout
d3922838f5784256bee214e298e0a76d5b9dc627b49e4a1f877af040e9c06633,1,ip_fanout
5e686fbbf6f9446d9e443007c4157de1ed2f52af266742c0a5d65a338a81eabd,1,ip_fanout
dd98146ad17b45ce8ffc29f819ba5672a99649b6c06649dd82bf57d5c7b3f943,1,ip_fanout
78e6d1ef524447d3912612ce9e1a03a2782216e70ea243b19901000afa9c97a0,1,ip_fanout
9667d6c2868e43ef97b3f0c4f8013157e17e0f0e26eb42568b0cd16cadf37307,1,ip_fanout
850f919ea00248f4adc952cca45f3ae4e17fcece21c84b0ba95c417deedd5a95,1,ip_fanout
98b48808c0b14c3a81556876be485625b2682c8021774942973162be17673a0e,1,ip_fanout
7489d6f3d8e34a81ae211661ff0c5df4a7d94b6473f74cf9b1b0e6623f7a8b5b,1,ip_fanout
ea16638f8d3e452c9a82d79e5f9b5f6f38411f9c5edd48f8b5ddd0afd981045b,1,ip_fanout
ca32c8a2253f40e58e3aa26ec7f41dbb406140cd6130436083da791651f40a1a,1,ip_fanout
d0b6e89ab2e249bc96b17a3ace75ec690d0bc1fa9a2142518db47f8f3595f093,1,ip_fanout
0de04df5f6f74729bb57149dafec6765fc901c0a7fd949bd91a511399da7f176,1,ip_fanout
2754507ffd6b4d3ebae06600e3eedf8ed749d68f48924de3a62b7ddc2cadbcc0,1,ip_fanout
d401d9ca5b1b4904a1bff7f9d8450f7330c10fe4935c4f3eab4dc3aa3c70c0bc,1,ip_fanout
3b3d4c3de486483ca6f50a981554379ca1ac82e9ed984aedae3cfeae786ac87b,1,ip_fanout
3fd53002ae6b4aa0a641354e0bbfaf52ef64861aad33499e936fc3d91b50064a,1,ip_fanout
4ff3dbd151a24695a119329c166913dc5cdf91a440e549cf83d5b4ab57dcb19d,1,ip_fanout
dc49f02fe85b4b69bf7d361c4eac397c95268c0d09ab49b0a6c85d047ab16021,1,ip_fanout
c0df3ef0899d4a78979f8f3f9e3572c71cae57b3647247fe9f8b4ab1d8df280e,1,ip_fanout
8dbbfb1a592f4f59a5c1661becb6d8ee1ed5e16ead574d049ba87645f6c9160e,1,ip_fanout
b295ae9281ad453bac5fa5337fa5958f6aa24b9e127049d7bdadf0f61d0c6591,1,ip_fanout
50a0c0af062348499d4ec42602e89f83d4cfb61614824a83838a19fe54345ab2,1,ip_fanout
2555dd80f1fa4b038b9fe098e55248617b2e35a8a07248b98f4574581ff6773b,1,ip_fanout
5d949be7ba3c482e9c23c9dc0aefe2dca9eb6413df524a81bc8a9b2f6b4124ff,1,ip_fanout
7131af0c151a43f5b17d729764ccfe269d502181ae3549f6853a98b913faeaa1,1,ip_fanout
9007c717a4c543c38e6d9af11c11e8c8708a2400c7fc422e8d54ac4029e6647d,1,ip_fanout
896986ba33ec4d029f35677af2816d922337d33e95564ddb8eeda06253bd024d,1,ip_fanout
3a6f34a351af44d9ac7ad89d9efe17f7a42657004e744a0f8d2e11039464dd67,1,ip_fanout
0542e8d5484e432ab1994d51ce185dc59e41fa3dc17c41c286522688ff9f5a80,1,ip_fanout
162e5f47092a4177bc57a6be751401639f191e855ac34141b2cd037d060ed0e4,1,ip_fanout
75f0f99ec40d4885b28579914c4c47553414b74f93ea46178458087a2b9adc91,1,ip_fanout
57257449a37c40538cd4e3e825ca59f240978a6c085b460da13532a3e726af46,1,ip_fanout
4d49b92188d44bbf87e700bbbb01a4421e2d2bf7dbdf4b579029b841cbd4efdc,1,ip_fanout
e0d612c40e0e41be88d9b4e74cfa1be6923f8a8806554998bac3a91c98e25c58,1,ip_fanout
e3190c5ab22843e3a450015c3c6495b4aa25799155f342cc9de84f3578b76359,1,ip_fanout
ece0972aea384bf395559e16ed0638b11461fbae96e64dae85f1ce16247d2d5e,1,ip_fanout
28a5bb8884784cb5ab3a34a1886d0afb78f0c530727b495bba6aa6c2af417b2a,1,ip_fanout
aa661c1805494f499c6e38d2e82372271609db8ae9944b38bc586732917d9e1a,1,ip_fanout
9cfc29f6e0c244c5b3507872e5f5f9db9805b0d3ffc84b52b58d4e928daf70e0,1,ip_fanout
4f078ec843294c95b4360bb57b7653b9a814f32ffd9044568a9282e579662cd7,1,ip_fanout
c0593d7f6a3647f49bb30c9901b87bcfabedd1b912ba4328aa9f1cc5b9a5185c,1,ip_fanout
4b857c710d244dfda36a5b2a63215fcc49e318181d2b4b20a73de1ea13d48e32,1,ip_fanout
324b96639e69489db48cc50c181b84b41c50b71168bd43389808af0480578466,1,ip_fanout
78be03f09fe940689152f51bf3035f83fc26b9105a0e4dc1849e267204a4844e,1,ip_fanout
b3837ed06b6042a09044ef2433b3d4adf189eacbfb6443798acb0a0439a6b791,1,ip_fanout
c16d3ca9898848798fa2b29e65c63ab580868c8936de4f6abeb92942fa0fd2a0,1,ip_fanout
6e4f73d44fab494fb4ae4fbbebcd47662d5de22f79044dbea0a9deedddeafd4b,1,ip_fanout
080cca3bf5434ddb894cdcab13718112628f392fa0844d3c875f3ebebb09bb09,1,ip_fanout
54e39f0ba3764a749199c9bf7f76b8ac3e62959167ab452c863f3c0915e3ce4a,1,ip_fanout
c11cb5a8c5ca4f5996b12423eb633dc523077de8deab4df2827c5c4f7da069c8,1,ip_fanout
0e4ce5fa68304425923dd9ceda3f50848d5b4269c6bf4d21b8a36e877510e46d,1,ip_fanout
e6598a0c33804eb4b416032b865b141b0958d1290dfe432d9e45809d2580f5d1,1,ip_fanout
3824b3c3429944d59a73a6d286dfb48db5d05bf130d1489b9a282db157280577,1,ip_fanout
2f82738471b848959c73e9ee9029f19ea7fa2cb12c2b485599d0aaeb89915989,1,ip_fanout
e3957094865345a6b3994e2ffdaf3b724df422c794c64d9fa8b0463df59e8f0c,1,ip_fanout
d64fc33128534c24845f8ddc1e3b5dd8cdcbf63a72a94e8e954e68592805b53e,1,ip_fanout
7473a7b22cc44efe8598e7a4dffc5effbce2c302763642e8a8ed0323e4dc5409,1,ip_fanout
ab5ef8d45efe48789b8eb539c7b486741bf5fc3cd05d4b65b3143c8c68597afc,1,ip_fanout
5cfcd7428dad4e069ede7ebbbcf678817386a837de1e400e8003a9a88bd73f3c,1,ip_fanout
4e581694b49f4466b764669b873ce6d678d0f1c95c4d47668ae6bedb1ff1864e,1,ip_fanout
e10ed60fe0f44a58916737adda54cef5eec4b84389e44749952122548656cb0a,1,ip_fanout
32d59e137b2f4be4a2c409b57a2fc75c8807f6128b74407fa00234614e2d07eb,1,ip_fanout
75e30703acc147bfba673d70ac845871ce5308a3691f4e2c965c845c693db02a,1,ip_fanout
36493d1afbd6471f92d9d9c4173af0aa5902558b3c7645bf9033023a9ace6224,1,ip_fanout
8614a4a38df54d54b2df070cd804383bf8f7ee7b8f644dddb42fa99cb7399981,1,ip_fanout
c930128f8ecf4d75a67f4a915134f70a6136ac23717441e8b1b01546e19e2fb8,1,ip_fanout
699021b456be43b0bde2be955e07247b3d37bd91f8334c87b399e7f078708f3c,1,ip_fanout
8142a3d53fa04ffbbcdf9e6aa6b1c0ece3528ca815ee462f86741ab966f11431,1,ip_fanout
71750924815a4678a9fa20570af0730e8b881e3b81274f828afad5175ed64405,1,ip_fanout
e6951911b50b4e32932e2ab91baff28a6190aab5ee704420af254d3be88ecb3b,1,ip_fanout
964606243720414795ca9bca4f74c57092c5531b2f8d458e9fdaa700d7ae8501,1,ip_fanout
2b22b2139cb64ff2bc20899ae326a41dafd763d4cc9140c58324d06c0e26037b,1,ip_fanout
eeeb40f7ee294edb88de4ecfb4cfd7ea5b941272ff824ade9c27a8089fd408b3,1,ip_fanout
2f5f1fbc63924eda996203d66ad98a585411cb55166048b8a3efc96ff97f4bb4,1,ip_fanout
0844eab52c13408fbd4a471c7b074b122dd26dc24df7478697661c358fee4f7a,1,ip_fanout
3d162d049fbf470da82a095e18a52e9bf10d68a77d4e4efcb4f68215362d2496,1,ip_fanout
88d8dc4e835841c79ddeaa6a6a0cddd97a0e7a28d38e4a1c95aece1f775e29cc,1,ip_fanout
8855afa8307945f887b1b65b27143f5d390cdf1f6e964b03b41444d39bd8140a,1,ip_fanout
95aa1d2fa4444443aa07ea407a7ce9dab632712a92414c8c9d2f8d58e400f5c1,1,ip_fanout
eb477659815b4624b9362c5088cb8dbe096336dd123e407bbfa81bdc0fecc108,1,ip_fanout
e35c27f023ac4502bf8965e3ff5ab56fd6c994e08d3b4a4e9eab299d489a0d12,1,ip_fanout
b6eea55394e6457fa40c544a76df778cc83d6a33818d41a2a5e6ab2774953275,1,ip_fanout
ddcb1f9bbfa74e04be96c83619a762084b1a5d082cbd4dc781852874a1f856c5,1,ip_fanout
40fba971303f4bf2babaf7547ad34f7dd23094b64cfb4a81afe1fad080181e83,1,ip_fanout
762b6775bf2a4cc3aba55284681cc192c6af705be07346e581c496fb3ff8d4fd,1,ip_fanout
649ea9696aa048fda474fb0c32292d8ed93045487ef4479db377e91baae61933,1,ip_fanout
6c3334c8d19d4debb7e8aadc8b32c92892db949e5cc64290888d296db8494319,1,ip_fanout
f12ec181f1484561ad3a874bc92a3cb1183768f9fdfb49b68c2d235e5042e0ea,1,ip_fanout
e8a077775fb54e5dbb43839accc74146e3b3bfecf9fa43169d550c890fe6a49c,1,ip_fanout
0e93b33f2a194727ba510ab25e310cf8e35addca7f164f89951e94e168c0b12b,1,ip_fanout
ba7a857343dd47f2bc7a52b9d405fd9d3d469a469aa64ebea8d7fbf37a8d58be,1,ip_fanout
d7bced918a444f06b0ac667becdf8c9c31f5663b05c64a7f8e65e80a3ffbbd9a,1,ip_fanout
27258abc3dfc4c37b9f5f60a3309b7eabd72002320e34452817f38d985a62620,1,ip_fanout
103e6f418a314475b29b86c96c3e9cf4601e38d64a0442afbbf763cfba7da95c,1,ip_fanout
82889ff579ce4cf788d4caea0e7a00626bc904693ebb4fc1a2d089b2c862925e,1,ip_fanout
fdcdb370674b4bb18bdd1f8fe5bf954ec8e6265b447b4c37b0aa23b0209e3236,1,ip_fanout
5c5d25836d1148c992c6434c4b3c7419ae89255aa6764476abd368b807292e80,1,ip_fanout
dfb6023ddf9a43579589244a00c1ec779201ca27d9ca4e169237a294fb2044e3,1,ip_fanout
ce5f2262c31241798af945ec31418306e3b2d88cb6e949d18aefa5999bdb2e37,1,ip_fanout
cf97449f8b274b14bb40f94f18bceb7c0321a94e37954af7992c32215832a7a7,1,ip_fanout
21dbd9b8551c4270b32f8dd0f7bee2b01bdacf6c3dbc4233b26fbfa2b515c78a,1,ip_fanout
9e4d3f52310f47b1b9aa89b7e4380dcc8229470832884209a265a5d6ce90f503,1,ip_fanout
b4e6354e530e4d9fabc758a8a0d7d1fd31f209053d1b4486b0fc8f0e4d73ad27,1,ip_fanout
c92584d5e12b4d978c7d9cfa8dbfcf0571b6a0ad32164e9bab8f46f25c26c4b3,1,ip_fanout
7a35484809b24372b1b2cf363b3f7da52dd243a021bb406ca2734b42bf65e255,1,ip_fanout
28d506d0aadc4379a8a34f59125c6263edc2206f236e483189b0eff6a0ed339e,1,ip_fanout
682a5d13d77a478382bda803e1a3d785f73ad184344347a28fdc5ae4e1ac7898,1,ip_fanout
0ccc4f3c7e264ea68bc81de807829806ab4a20e27fb749519338bc5f8ed79bd6,1,ip_fanout
3b13794ac3574ee4ab6605a514b08aa153a3faecab2747cbbe88d2354230ee13,1,ip_fanout
bbbbcad31b584ef6ac45ec42c1fe52584bd167eba6af4350848af1a6c95375e2,1,ip_fanout
da9b4dd2388f43d583e5e2a51b03f1cc10a4f9f2e7ca4c358c33162fc0292fd7,1,ip_fanout
1a185a7e5d704edba19a46485d1610fbd98ea03d910842839f649b2d0ffeea20,1,ip_fanout
ad299ef948eb485088c2cac1428e8899af649be0eee04ea28ded65d4f644105b,1,ip_fanout
a67053efd0a14ceb985e2e3c04671c5119942d74a31245c5baa74e1dfaceeeeb,1,ip_fanout
e6db3af82d66446384bb28be0944e08795701ca39b19430a8df4a47176f12a55,1,ip_fanout
3e85da2fcd214a53a2a1ce9164a75fe59a502a1630e34403aa58856e9b1f40e2,1,ip_fanout
e4a249e6c334461895eb7f8e5e3332d6e4a4e306a4d44c5db3601cfb072f4cd3,1,ip_fanout
a30a5b95c13d4e34acb1a0ed639c51ac0dbec33479b34606bdb642a8b725bfe1,1,ip_fanout
1256d9a7165945b9a736d3421023b2b243b9a7d464dc40f1808cb2605efbf1e2,1,ip_fanout
e88fb68394dd44528e9f765b0fdfadd6f890e54bd01547789301b2ddc9b37036,1,ip_fanout
2c4115848ba6497a8714790a01915dd1599b4968beed4d2fbbcd90165b84f713,1,ip_fanout
a0588393677c4effb5b12e48ca2106d172ad0bac74c7448caa4427a91cd35d05,1,ip_fanout
82886977c1ed4bc2af76f93de234cf4743e3ddca933544468bf860ae2fdd788b,1,ip_fanout
fd5e3c8f10ff4f6bab71e05ad7a723ac1c32356203914380844a0cd6adb642ca,1,ip_fanout
4532111d5bc84c1fb787f584be6824e33092877ecb694eb19c7cbfe41bc19898,1,ip_fanout
da4a897caa7e416ebfe9899ed9749e5908bae5ab95f740b5888b686aa51774a7,1,ip_fanout
9d53c7d66e7448aaaf6a1d2c36b4d8ad19a879acd8a84f2ab6c107e3fe91684f,1,ip_fanout
f3fa04eed87c46b8a71d5daaf42d7f555b1586364c5a4972a717f237043f05da,1,ip_fanout
9f9532cf28664d3697e8481d0b993cbe2316abd98c1b467aaef4398398706f77,1,ip_fanout
00fdab0988e44d788690c3c3be5a731dcf79b407f00643438b826bd7a10f7a24,1,ip_fanout
08cd1b2ff6194f3baff8a6a750bfbf852cb38197699b4b7db6e11dd8d0aacf72,1,ip_fanout
67b91f2be00a4435873307be32a3a65fb82ec7d7d6fd42f882f25c32c80537ec,1,ip_fanout
094ece04a79c4c81a05be886acf54b1deeee13a59e5240a6a43c3664af2461e3,1,ip_fanout
9aa845ac7778402f821ccd91871e10754ddd3e2abb7641ef8e5584f33c5b7eb3,1,ip_fanout
497bf68eac974f02b9b28baefbff28a0d9a74c7ba4444f079e7661e69686305b,1,ip_fanout
03e8504aea8e48078817a82f17ac8145794f9c4f997e4bf78b3c7bbd4b5093f8,1,ip_fanout
5acfd217487b43cb98745621c8da083672171fddb6354e789fb8a7f0ca231775,1,ip_fanout
6d5570598ccd4de58ea4f9e52e19657d601c70ca69654197abd22d502e02cd8a,1,ip_fanout
6c675d827f05495896ae6fed19befed6ed5a008ebb0b4e9fa358d328fbb3e316,1,ip_fanout
3fabdd64a4a0453493ed522d571f21cb9e5fd9369e614b6d9d640f28a78b7b8d,1,uturn_roundtripping
57d6582f0747432a84a8954ca4871c45596d577b43fa4550bf7a027605f4f448,1,uturn_roundtripping
5e71cbc61e424062996d06b393ff91986f2fad883af04fd186961495341973e7,1,uturn_roundtripping
9166a0c5cc2a48a59bfa903c24865325ba0ebd1f34234bd3b8f4f0f9ab4d685d,1,uturn_roundtripping
0e33584122d94ef8a312ea710e1ca45513629d6aa1014b97abdd78a6be07af46,1,uturn_roundtripping
dd9e61f3c9714fa3ae97db5cc266115e69dc65eb5af748a69135c9e6aff72c16,1,uturn_roundtripping
62ff19b166b54978bf1171211c156c9a74e471511abf484480dca0900c8d30a7,1,uturn_roundtripping
21c9b9561dc3451096acd9967b9ddd8cc79f25b9aeda490e85f1ba479f2839b3,1,uturn_roundtripping
9d76e925f8b54f52a56784356d91e1b9218ae8363ef147de8b5dff621d92bb5c,1,uturn_roundtripping
cba9ee4c738643a5810ed00f83668bf5b0ba53f2054b43e6aba0b0bff5dc8728,1,uturn_roundtripping
51a5240ba3c74b49ab06870421f27e9d47f2fb1459e6424fbc86ccc952dba7b5,1,uturn_roundtripping
b3aaa1a101c84597baa04954a149ee7f236173aa6ae94c7c8c849459f3330bed,1,uturn_roundtripping
bd0644318d6a4957ba458b27933f423b214b63cefbd74fd5873b69a64916d970,1,uturn_roundtripping
94fa746d6b814b4ebfd67512f3d37b8c636cb00317894cd489a5befcf6d78bdc,1,uturn_roundtripping
f30a68f9bad44f67954810a7b23b1c9be42131dca5ce4a319787a3a24b711804,1,uturn_roundtripping
cbbf93ab863e46328b6bef6e122b21a92756664dbb7d4c9298ecd3bc7409caca,1,uturn_roundtripping
ecf62b055c274262b63a2a11f30323d5a459cf6bf59a4eab98b1555f454b654f,1,uturn_roundtripping
a6e569e4c4f14adb84c679b881faf314ad8c0c0d976b4b1b9da14b50a390c547,1,uturn_roundtripping
09f97f2a9ec54a278308130871a27d26f8b9fc3c621541f1a2373d5940691e1c,1,uturn_roundtripping
ae816063ba264cdbb72204e3531d0cf721a35005f3654092bfeafff01ac55155,1,uturn_roundtripping
57856cac31a341c0b803e63989b688fa975ad45889f145b9a75a0b3851e3b926,1,uturn_roundtripping
2b6028e17e0a4fd8b683d9e2acd1127f8c938b1101ef4b68bce54b06042707f2,1,uturn_roundtripping
c489eafd0e974638b35a2dedd7b1f17d5982a03b76644f958cffb45989fce01d,1,uturn_roundtripping
cbf0edd767d14f9087448b410353d59993216d5771884fc8a9c6f7d229725f33,1,uturn_roundtripping
0c6930e75c6e4293a1163b53003bc75f2230cf47f7c3423daf8fdcd25b62624f,1,uturn_roundtripping
a36c919b690a437c9955b243929afddc12790caa56af40f4b874a64f19fd24ed,1,uturn_roundtripping
030111083ba345eda4a0ef0c1978a62a43b247acaa6b42b1a6de5369809161a0,1,uturn_roundtripping
6f1de47a85c2453a9535e84eacd6a9719f501eb1d269485f9ef7640cb693bd31,1,uturn_roundtripping
26a279d12b2b4ac7b2f3b0461ad18fed79c0f62d8d4549f3a1330c04cd08f8fc,1,uturn_roundtripping
6b6b6f8e06d14f99958afd4bf0d6845d26ffd23efec24417b1706d6dd24a3f4b,1,uturn_roundtripping
fccc1bb5512b47f1b9222691f9c115cb80d663300b18435e8ef8e00bc0c8a577,1,uturn_roundtripping
bc94bea3e77a46a6a291d0aaf7c02231fd9bd338c4ba4b96aa40e2f42094a5f8,1,uturn_roundtripping
07dc45b7a9014441bff61f0ea79429657814fe755b864d0a9c03946b89497440,1,uturn_roundtripping
c6383f17fbb746b2b4a17c34f495f0c7b54e19a3e4d94b38b89ea69007510ba5,1,uturn_roundtripping
d045f2070e8c41f38efb1460ce0565892ad6a419bd8f421d8a86625628d402db,1,uturn_roundtripping
03d9669e1ac14d54b1a617fc1030d98841b0e31f994541ad8847b9a86e3353a1,1,uturn_roundtripping
33a9011cbd5346cdb473bc183d35ab7766b5be6a0e5e44cebdbb3140c1a9fca5,1,uturn_roundtripping
fccf98c23e244be38e7c0a01e994030b3ddc5334e3ca41578a59fa65936d666a,1,uturn_roundtripping
ad4f50b8e44d455cbedf73889e9d8a899896f6d2abc64839bed376ae826e61f8,1,uturn_roundtripping
5c32bed25911472abf919c1e1cf9551184fb889a2e304c8a909d439a7cc1d0b7,1,uturn_roundtripping
42b6277b4f854af78215edbb37fcb64c69a471a3cdcc45cabe16a2073a47ca0a,1,uturn_roundtripping
e953c5ea420d4c62846ae66af5aa272e42eb5340f5784fd881c9239f252f752c,1,uturn_roundtripping
259cd762d2414b92bf97e9f1450d8b9c1e647a91f3cc45e997c5620bd299cac0,1,uturn_roundtripping
90db638ed0914c67a090d723350114b5ae760b10500c4529b226d1242e0c6d93,1,uturn_roundtripping
4cc54a13c19f4f978fb089ba03ba5767d02a63dcfd514efe92f864e3ba110473,1,uturn_roundtripping
c4a7fff6ce2e4bf1bb62b50472219c8f161915c1b4b4427288e5f382abc2edc9,1,uturn_roundtripping
d067ff94f66142fc8ea9f56ea3922abd81b366bdfae24258985585fa9cd6692d,1,uturn_roundtripping
ef9e90f41c7d40feb118c8116db4badf7e9f8ad224f44860a42fe3c437e525c2,1,uturn_roundtripping
983aac0bacf14482a0af715f62e926bfc65602e29bb34ad7bb759c9c3438c062,1,uturn_roundtripping
9f04e6ce44f2473c8901fb34755c581e85d2f7a22cc6438a976a4910a11a9be3,1,uturn_roundtripping
39a03cf9844945a287dff8dc7a165b23c149832d272e4772816c851302ed8031,1,uturn_roundtripping
43c76c8acff242eeb853ad8b5a38ce3b5877fb75a4344ec6bd8b2726f6f06571,1,uturn_roundtripping
4153f02bc66a48eb9064b6f8b5e68195d2d05ced3b7c49f5b301c0167ec86a83,1,uturn_roundtripping
d14187aaf65e45ddb44c22267413031c06154169c0ee4d668d0a83327da5e384,1,uturn_roundtripping
0f1575ec85584c6e9dc5db380f2699ed6ce640bea8384b0e903aecdc294cbfe2,1,uturn_roundtripping
598efca6a5c24760806e2afa77dda468594a67b16f9446a2b444ad8469617bbc,1,uturn_roundtripping
12b245805c7047a6842a2a3fc6f683af6490aa15ab7c42a38e2b3095e1adbca0,1,uturn_roundtripping
3e8f54c578244fe09859e087048d2f8148b97af291124c83bb57b8cd30e25de8,1,uturn_roundtripping
6dcc5fd0885f411d8a3e73341768275f23b0c17ee4d64aac826bb2b0edc36b75,1,uturn_roundtripping
da3c9772884f46b78dca85fad5dfec0177699f2d7a004b2abe0b285feb911a4f,1,uturn_roundtripping
4bedd94672944cae83cfdba35cafffcdf2dde4e366ee4b4797f3d6808f90de5c,1,uturn_roundtripping
b0b5b8d0999042d49a5f4b70020dc3de40cbd7bae6114be0a2a041d1d11f3c31,1,uturn_roundtripping
ce3b13e2667e4124a4dbf14f52b84ac194adea4c712f46dcb6478212d2ec1856,1,uturn_roundtripping
67f7a929a61648e1a4b30a206cce31f1b1a013257bfd4ae79d2045b2a5b8ddfb,1,uturn_roundtripping
468ee7af6a30456391cc7a52f85390990ab56b80fc5748e7977cb6d1ade26a80,1,uturn_roundtripping
b44d2e6b289c48108bea2ed6b4acb77ec01b269f2b354600a658a297c1b0970b,1,uturn_roundtripping
cbb23c3201cf43779a1bc75d6682dba6c93d023708604cf78f3a841fe98809b8,1,uturn_roundtripping
e12bc91dd875461785bb1a796696d7753262a4ce49de406bbc802dcb41f18a3e,1,uturn_roundtripping
6838da0b65124febac219b094fd16648aa3975e4f16f434cbf913263f4e579f7,1,uturn_roundtripping
d1be24a2651141bc960f4cef40cdbf9ea1fd2a4e4b6b4e2e8c6358a22d803991,1,uturn_roundtripping
0df6d653a11f4a58a8019dd3226cfb9d77265a665ddc40298014d8419b7466ec,1,uturn_roundtripping
ba69546626af4e588171407bc94339ca9bdd8b42ab074311afcedeb169832637,1,uturn_roundtripping
d5bbbbcd85c94f4ebac14b560243a708d057798be96941e881770a59133b4781,1,uturn_roundtripping
66b92988f11a4b2ba5dec459a0e2d8879b892a2a821e45c1a686e918bf37683b,1,uturn_roundtripping
fb13a0fb75034b5da643285b5ae3ccd235d388ab572c4b258c97563b1c9ecc5a,1,uturn_roundtripping
205dee13a7a04af1ba84991ca276282e8b0c9310678a44508effb4ba932b6a1d,1,uturn_roundtripping
829cf29b42cf4a1b9b67edb223cb3ea5a1ba77d34ab24dbd8343791bd7b8abbf,1,uturn_roundtripping
25274c439f374f76affe4537d204c030dbc616b08ed948c8882528f22751e645,1,uturn_roundtripping
1b1b510b74354a12b5ac44d967814c3b43a3cf6c7743434daa813c113ede0296,1,uturn_roundtripping
aa35c1de39e845449ca3fd2731b3f417ff1044133f994d4d89cd9e42623dcfd8,1,uturn_roundtripping
1b4a550119424bbe8b905193f375f167a8264fd7b28c4dcdab31741b4a45171d,1,uturn_roundtripping
552660391fb74855be4f47c2f98249a4dc6c5ad3c9fb45e888919eaeb60d23ab,1,uturn_roundtripping
ffe4fed2d10940e19bd9c9f2ccc66975459c03472d6b4c4092a8ba81e0c7a706,1,uturn_roundtripping
cf4ac385440042bd988c03c03a840fb8c03f732a33de4610bf37ed959665ede3,1,uturn_roundtripping
0cfa855aaba2448da40cf6842513b950d0a8acd1d62342c688ccad83eefc27a5,1,uturn_roundtripping
4161b59e22664e17a45d6d497a6d93ed6365326b8e114197b62d2c68744b2b44,1,uturn_roundtripping
6421206bf0224a5bb3ac6b70ee98036d8f95b41839b246cd92881c2d2c331f58,1,uturn_roundtripping
fd9893636fa64a20a937a12a56232edfa5ee0723f875460ba1c1a2c964186901,1,uturn_roundtripping
77ab5248e9f046cab972e5428919c71538f9d075620c4a309a6ba5296e549023,1,uturn_roundtripping
5577857b0abc497a94e6d5753b67399e6589689634414cda8a07fdac11ae2b25,1,uturn_roundtripping
b6794647f65e45d9b05d780552ba5f7de9d32d2da0d641c08a5b590e6d64048e,1,uturn_roundtripping
f36b1155aac84feb8cea3052903896caf3d72241f12742359863ff36d669776e,1,uturn_roundtripping
5be7f3897a3d4219b4c8cda5e83d552c5097c567e7f049d090f55b74299ca459,1,uturn_roundtripping
b4bb7015c0524540834a4e31dcedaf1b3dc7218edc8544ef886e865631d76852,1,uturn_roundtripping
2e12fe7608e7450195ff394791048e08049b3905c728443183d1b09ea70f826c,1,uturn_roundtripping
e1ea376f368d4a52a1094867abdbeedb87f931d042cc456cbd61d3735d01fe18,1,uturn_roundtripping
b5965db2a69f46469e40fab2e6135cc9399df2e6f7ed413aa5751c1ede1da08f,1,uturn_roundtripping
076f2e0dc0744f7286e1365a0af4e50c752bd4eaa6b745bd8ab3f635b34256ec,1,uturn_roundtripping
0d6c50f0144b4ba384b7b41fdb12004449b9f42288b8440fbc3fde0b4be042b2,1,uturn_roundtripping
35c29a1c66b64130b0a8a53e2e6c0133b95619e2ecda45aeb0625f44dc535807,1,uturn_roundtripping
3ce1838ba2534a69a3d052f0edb9ec67fefaac9185ea46df9ce91cb37f9c4fc4,1,uturn_roundtripping
6cafbf7fc0074c6ba3e771bef5b764a166435857504c40b1a224163befb33d54,1,uturn_roundtripping
097e1479828344faa7edbeeb2a868b08b7880dd31d2b447c85249cd086699582,1,uturn_roundtripping
a526cbe4b2544b92b5b4327e0c2e6be2290e8e13aee54ffca1e148595d0af418,1,uturn_roundtripping
d1f9ebddb84b4aa08d8a0ee4fe4a5c0d0eb6aa15220e4d9bade4168021b6fea8,1,uturn_roundtripping
bcf109b99816446f8cdf2d59465752a8dc2edfcb0366444ab2b565d2bcb69fb3,1,uturn_roundtripping
31d654c1cbb241fe8ae00d27522ac34e27bebc54372c49528add178bc83b198d,1,uturn_roundtripping
47c8a8d7e20a43e98b541983f2375632e1e221c28c34440ba5e967d3bfc15a16,1,uturn_roundtripping
76528c0a1edf4c9ca6a265f19ea63c6c6adc20525f41458bb53d72e9c4441f68,1,uturn_roundtripping
d301f410ba2743828bd51d4b85c27785d4585326e62343d089f627d6e12496a5,1,uturn_roundtripping
f8d0915b3e2646e491247131291c13955b48ef1245c44d29931c1bdf96fea750,1,uturn_roundtripping
3381c2c6d42447c6a150d632850239484da4618738f5470a8e2dfc6b370a0d6a,1,uturn_roundtripping
25b3219d22ab441696922f7e65ba2264a018379db1554468897fb0e0b2ef0ad2,1,uturn_roundtripping
5e078f131b664836863b8f77d2cd5f0fbd0c6251a58d470b91d88e8b425f062f,1,uturn_roundtripping
5f324a5380c443519f4298fecbdba13461d8082bd7584835998017fd8bc4480b,1,uturn_roundtripping
9ba1fde505324eb4b17a0b5c9dfe7cfff49689e66f1c42a497fea992732fc0e4,1,uturn_roundtripping
b334918af5994489807437005657f508394afced8d824a1eb41b0ebf0f16d110,1,uturn_roundtripping
c79f339afedc4ee8a8122619c07311f32cb9eac8dfc342318653705ea0a8ccd8,1,uturn_roundtripping
d0ea71b302004e67bdf1c96059a70ba917ebb8c50e39493fa20bfa70df8755f8,1,uturn_roundtripping
851567b0fea943b2a3b718ce6db7d349bd68efb0541d469480a39712527bfcf9,1,uturn_roundtripping
1634639b64084ca8aaf8b850e641a14dc3835f6bdd084ba1a1c7ac2e92454bb4,1,uturn_roundtripping
cf6fd92814fa478799104dbebbc3ff3b3e04998a76f4431b8444a8040d183fba,1,uturn_roundtripping
c069c021182b4acab36acdc7a484b77e6db403f35a0f4d53b8fc12f5c58d562b,1,uturn_roundtripping
cfc22cf8b62b450ab0321a2607676fceb5d90323867642eeb318a3f9c4bcb2b5,1,uturn_roundtripping
84ac500a8b244d9f9987cc26e3770feecbc142582aa74f2bb5dab1d1ec5fa1a3,1,uturn_roundtripping
4cf6aadff41e4254bcb7014df75f42f057a72445a74d47629cc0f2e80c1e06fe,1,uturn_roundtripping
b7e50bbe94db4bcbba5fd2d0029fd0c65618020675b848e1b29364bf8dfba3ae,1,uturn_roundtripping
b1c4502ffb6b496a9b669a1fcb36dfee12bd3638f131499794c0ce862a714579,1,uturn_roundtripping
2ab59e14534447b8a6153bc02a3c25858947af33c74b46d0bde349825fab3b75,1,uturn_roundtripping
31fb9b759076417f929fc3798913233e9c49fd696ea345c18f22c67b58b2dfc9,1,uturn_roundtripping
27fd5cabdfa841e9a8f5ad9d1b0bc0fcefa8caef0d3c4023b7282e8407820318,1,uturn_roundtripping
fa82655bfc56472e858d19fc8fa5c379d118b1ad76ac4ec1993c0f97ddfc91db,1,uturn_roundtripping
cdb500f7e93c40e195d9db40892d7fc89b3013701e184654a9eaf114c6bc2c89,1,uturn_roundtripping
db72452fc47842b398593fbf112b371e99d3a5611dbd433d9657994a7004b9e0,1,uturn_roundtripping
adcfa187af5d405888c7413e12bbb2140912b44509584be19a2c5f9962e4cbfa,1,uturn_roundtripping
f821b9eeb6674540bb79257cb9eeacc5aa001b728a9542d4a47645e6c267b9d6,1,uturn_roundtripping
e78867be988943a4b9ebc96e14acdafee43c2d07214746ef9367c0eb91fde64a,1,uturn_roundtripping
5aec26ceaa7e437ca5a327c3746e6218f7f22d080b7745b8b30b3f730483b612,1,uturn_roundtripping
ee92f710dc2f4c27bd0670623e8489f4ed26d5033563436f8c408381367fd594,1,uturn_roundtripping
6b1bf6f1935f45b387873f4355680932be79c791377042a3b188c91fc9c020bd,1,uturn_roundtripping
7b1de613a4c84fc7b019b9694d41c46926be81f6f9214003824bc63ad59dfd8e,1,uturn_roundtripping
4f4876b2e44a49f188bfa9d1325b726db40a1209bc004069b6eea5a34f0b1e81,1,uturn_roundtripping
10744df497a54bac9988220091d4a454d1cb4a8c551f42a7b67dba634d5553d8,1,uturn_roundtripping
e7f6252afbfb46ec8cce2a95ee90d870db6877c1b5db43f8aa70b248e99ebce9,1,uturn_roundtripping
02e0aa6583dc4abdbe569044bb78117a90ae4cb8540f497faa9b3a7408b8845f,1,uturn_roundtripping
ec924014dd6e4a9089ceae849df2f5476816ef63830a4c9dbf5fb45f4667417e,1,uturn_roundtripping
d484af4af6bf4d0eb7e5197647df0a126701342f34ff448ba3ee190891d5812a,1,uturn_roundtripping
a809fe7968e04f6f887b4b5f11eff47474e62908c55a4dc3899c9385bf82821e,1,uturn_roundtripping
c6bd161c85c34f9596f49f650378db4b735ee4270f494b7da981f4a49ac9bcb1,1,uturn_roundtripping
690be5af8a094b139815412ec64629c544884178446247bea8f6e11536d4bc16,1,uturn_roundtripping
944d8dd8affb4832a3581b458edd931ee0a7a15305194e79b511eb63ea3fdabe,1,uturn_roundtripping
9e5d148163134406a65f563534c427991ca6996b57ac4f9faa464256d740ccf0,1,uturn_roundtripping
fa49598fcbf6473caf25df897a4760e11723b28a964c40a69448d3732c155b0c,1,uturn_roundtripping
22813805cbeb46548642512974d9334041b6b5a47c06456ab30bf6fb47a53bbf,1,uturn_roundtripping
f0252eac8069481ebc39be61223f879f18c66698a2334f9b91d7474081cf911f,1,uturn_roundtripping
c1f63f11335442e4a4cf2d4fdc95baeed6fc2fc1a6654373a2b56e1317d3979a,1,uturn_roundtripping
d7b21900fa5a4a1bbafc971dd52635587f93201748734730855c1942ba15f41b,1,uturn_roundtripping
086c572b81294907818d40b30a59b249ae9e0766c6cd418c9f20117d035d2fc1,1,uturn_roundtripping
142f437eb9c8496fb6bfbd28916ff8ca38178cf18f274c65a824148189438efd,1,uturn_roundtripping
2fda54ac96cb43a196e78276a0d85ed1853d047c78304856a57254d742c0bb40,1,uturn_roundtripping
58002d553786465983099f5d66dfe831ff558ad0c6574514a39371ad37cf0e55,1,uturn_roundtripping
f57d64442fbb4267b4d4c380bfb52d46f9041a4531934f23b00950a86f5c9263,1,uturn_roundtripping
87d62816b90446669b4abd7e41507fcdcba97e6811684fce9e2fb4992803d8f2,1,uturn_roundtripping
c4478115d92d438288c1d2cd7404fa13e93bba56e6f04354a06493a8be69aeb0,1,uturn_roundtripping
baa4beb96f7d4da6941cd241d658e9d41e4f661b28fe4c0b8f09cc81b107e630,1,uturn_roundtripping
0224a8a3e98541168f3caadaefb25b761d5cfb92cd164d8eacbf33848a495290,1,uturn_roundtripping
329e5ed4cf2949b09c3d3fb884d88ea60e621f4434f74c55ad7559aafcc35bab,1,uturn_roundtripping
687018ddd8cf4406841f642b7e37a6dc66e5af1f12a545158ab000dbb19af1ef,1,uturn_roundtripping
8aa903fdbe404dc299adfe212763f14f8f3f41e85fd44935ad68773d01f1ccd4,1,uturn_roundtripping
f0b0e30e98d54c3a8a8bad6d4bb436c9a34f31996b714172b6983b4aa4d84e6d,1,uturn_roundtripping
a6344f3137d44235ad8b5ea7dbeeebe15283fdeb60e045009b0bd6623e32a621,1,uturn_roundtripping
bcd3c166430b447a92dcca5a959bffd245f6a72272534f23b4949a8ac9cc0611,1,uturn_roundtripping
31f4c8c80ef04836b4a9ed3b8bc32a24af3635338cff4e60aafe2d88452df810,1,uturn_roundtripping
f095c523072c491e90a99d6a80bd46a7a9ac7538576944d0a9b1ece7f2918d52,1,uturn_roundtripping
076980ebf637439384222980c37517f124e8459f659c49bf9c91313751d1292e,1,uturn_roundtripping
9e5671c6c57a47ad8f548f02e8cfcb254a82502646a448e9b21fac1664357271,1,uturn_roundtripping
3807b53fa767433da0aff88115b2545ed3dddf6d30af443a8bb0f28a5765b957,1,uturn_roundtripping
d79a3eb6cac14c049d90c1c49776d18c7617e7c2ff144cc7847eedd3e22c8a05,1,uturn_roundtripping
1e035a59040f4c4eaae3291ef65fde1d0a899bfd52284ddeb6c426ddfcaa0829,1,uturn_roundtripping
1475dbfa5e1a4e17b842014ed8b42084cf61dcf07d2e4ed8a304e4bccc0de9ca,1,uturn_roundtripping
4d27033864a446cea3e399e3aad068147ef44fce2e9144b6920225f9445a5428,1,uturn_roundtripping
19bb9679d2064e08aab479226e47053ab0dab22e775b4612814845947850f88b,1,uturn_roundtripping
1b1523a3ba054274bdf05e53227af0af2cbfd5e440444f2ca9662456d3de7844,1,uturn_roundtripping
71fe884661e54013ba914d6d92d2e2f026f06234fd9f449b9f2a23923dd0dcf7,1,uturn_roundtripping
441249d673ab448db550dbfc524f75a9baff577e06dc43d2bef5b8f24a3a5d85,1,uturn_roundtripping
b9fd576f8bdb44e080cb480399f3292fbd3d0f96d5904eb09c8d30900892513a,1,uturn_roundtripping
6558069e90df46a192a82c575952d9547711c16d086d4ef4837fa9214b00b82d,1,uturn_roundtripping
fd3d19ed150045d38a31b0fc58dfcca5278050d1a5a94dd3bf3e0be79d34f835,1,uturn_roundtripping
438c9e5d73c64462869d948104a90629414f650e13ff44b9ac8383d5f24d6de4,1,uturn_roundtripping
486184627f194395be379f7870e93311aa36b2380c274e8fbf0d54a76f8fa84d,1,uturn_roundtripping
0b49d410e4554a0aa045871dc9b68ae46c25ff5d5cbe4a61bac69ea8bf3cd81b,1,uturn_roundtripping
23f641d400d5433abdbebb56dffae88e1c24f16ca91447628265287333f6e3c5,1,uturn_roundtripping
c5f894a124174221a37a1ef4e14c7312a16479744ac34325b0867cfdcfbe5286,1,uturn_roundtripping
a109f797242b4bf59084b665b38083939359d5bb33184b5dbb6197a9a6c27f2e,1,uturn_roundtripping
fc4a7b4ca8ec4a5a9891c9a6ba4f170392eebf1538c54470910d46e92acd8528,1,uturn_roundtripping
143007c10df246e98afe0f18653defd736a4f2b4b5d341a0bcebbc8836f90a1d,1,uturn_roundtripping
88a420920c7a4a7aada81ea881fdf925ebcedddd23a54fe1ba7e51f8a2fbd698,1,uturn_roundtripping
b0839c5c0d334ddc97958c4575438dbb0bfbe9666cd341aaa430d4b42d1764c8,1,uturn_roundtripping
ef9cea53c6cb44efa1e527c35ad0ba250c16e21b27724264b47ca8343f2311c3,1,uturn_roundtripping
bdce5885634743dbaa3934dd4ba37a121e3ddfbb5200444aae669807473f10e3,1,uturn_roundtripping
1658aaf01694420a9f213a7fbf94ac35beedb3d55df9422980f15c8726d1c69e,1,fanin_consolidation
e04cfef42832422381101dd77010a8819176ec9d42f44056ba3d3c2dcbc7c4b7,1,fanin_consolidation
ce750176f1b4492087eab5b54e463a74552b21352bbd4f508bd4a4bec005104a,1,fanin_consolidation
1e3585e0be2940eda1c8cb3036f5aaa6d1f1e19b47e64a1b91b463b5a714a849,1,fanin_consolidation
20b7b9fa9bf24e5a846f7df2cb4bdb040dba7f4c5c6040a985b6db5bf59706a8,1,fanin_consolidation
e9ba9354eca744e3b87d14b6406ebc784511b8c321e94265881828fd4f5479c5,1,fanin_consolidation
438e3d28339e46d4a8e88d7926fc29338493af416d914edc99c9f3b66e288854,1,fanin_consolidation
ccb94b4486784fee8a3a79dacc5baf58459d107699cb4096bc1cd2069bd70143,1,fanin_consolidation
2fbd4b9698284463941db816a61afd10aae1364d58de482ab631216717aa0a88,1,fanin_consolidation
546a9a24966346cd831dc45dd8c4a073d990f607917d4320b265b344f3d485d0,1,fanin_consolidation
b0f435cdabbc47a0b0f8e4334a22b7167cbd04a198fa43648e7fcf25cd8ffa9e,1,fanin_consolidation
9ab27d1bba384ad79c6a39c44f638fa2acb17a7bda8041f3bc439e00534a45c4,1,fanin_consolidation
82986099dbf749c5a850039ccec3469a62d78020ed414b34b6fd34c6699b7757,1,fanin_consolidation
662e23bb7acb408884e564f7919aaf1dc7324ef387904600bec6c04e695daaff,1,fanin_consolidation
c0c835a7008343048ba1b52227eb6e8c7ea1445249fd434f8e5ba1c60bfeb8e3,1,fanin_consolidation
5065b3dc09a34ab6808bc48611adf4c16c87f53b2bf346baa6646836433a4480,1,fanin_consolidation
b5f477da80894d5a966f26e9d2de1af3dacfef6e53ff4fcaaf5377e10bc5f32f,1,fanin_consolidation
373194cb8e154977804d31147145b6237729d592bc154307971d719a126dbb29,1,fanin_consolidation
c5853d66c45a474e8b1b87b518be0b9ea3d2505695324c82a016da1634d39fcd,1,fanin_consolidation
20c1b18e1dd04ad88da437acc81fbed6ef041ce65c4c4a34b8d9c8554b3bc50a,1,fanin_consolidation
4854d69d54874bdaad921b628763998613b9cbf70edc44fa8e63cfa9cce2f326,1,fanin_consolidation
3e5993fd780b4700b00afaa753a4e7b7f4158e323c444c319d0410effb31cfea,1,fanin_consolidation
553d0279632b4f53841b092e8d0fb692742e88cbaa234caaa2f2d23f4d3d0bb0,1,fanin_consolidation
c3ab4b2c92d3452da81a959df2a38e45a831684e02d44ce5aed3060b0e539ea8,1,fanin_consolidation
5a99a0e166824cd89ed94b762b1bf48d64bb8cc437c7409c80f8c1f8342742df,1,fanin_consolidation
2b46c76b7a9b46f295cf1f135f60c6fe8af23535fc844eaea12f0d0b13ec8d93,1,fanin_consolidation
87287d1c1e884870845b4d818f32a407e33f537e340e430d989dbc673aeb8987,1,fanin_consolidation
54f5a396cb5342169571b63092984cad1b685678bb0948f6a604c50bda28f062,1,fanin_consolidation
d9a7c349d8fc46c7b95b51beb66d7dd44e75dc9a11994dec9dd1f0adb7baa4f3,1,fanin_consolidation
4191beb248be44f9adb0e658325651bc3d4e69785b35410fbf14fb846df6393f,1,fanin_consolidation
27e76a4cbaea4681a24f01ec550c5aebf55bc3876cb64ec38cd5f4af59e6030a,1,fanin_consolidation
df0c7cdc4c3746fa855b6102c150796b099492fa23cd4afd91cec618ab350946,1,fanin_consolidation
569d91fa389a4fc3adb75830867a07137237812776d940e1ad99e9df63e6e8a3,1,fanin_consolidation
36f1aef911354604bd5986611446d13f69a7509bbe154575b388678e04cb37a1,1,fanin_consolidation
a5683750be8a4607bc3b75fc448c230a0e70318768324bb1adbbc7a4d541363e,1,fanin_consolidation
7c6483963ee84b848fb29b3824b0ed9904fab30add124850a3924e65bd498997,1,fanin_consolidation
53b2508a29c243518731d531898555c3e4c749144ffe45ec8e6bf3bbf45a4818,1,fanin_consolidation
8247cbe5395a4330a59e0105b62212d5b6abd2475cdb4bb189f54d3561ba0c4f,1,fanin_consolidation
d6e3b2dbae0b41a78e82788baab4b2c5943cc111f1c743688ac2f7761bbe9c25,1,fanin_consolidation
dc9bed63b3a94256a805162a7b08085448f63ab65cae4b0cacc44d98039486c5,1,fanin_consolidation
ad08c641c897414db5712b4422375a7a8654fb7ee6a24b40ba73581d28500f79,1,fanin_consolidation
927c753887454536ab74723f18df57f3ba64d350a3a0475b99e3e9dda1ec97fe,1,fanin_consolidation
f65e48dd3a17420eb55e809b039f32ef9ac315cba2874fb386d548e7318cd9fc,1,fanin_consolidation
920a0551a5b04f438fac3ac66bde410326fab5259f2a44e0a8202f5143349bf7,1,fanin_consolidation
7d840e8ab9f446bd8b281f481bf046ca548f0e5864224774a3db74c89965f7a8,1,fanin_consolidation
2db71b9aebff40b4a174e8a7d2b5660970077863b3ac44f892fde474dfd150b0,1,fanin_consolidation
b028ee80cc6d4debaec448deb6e139cf59ba3d8c30b04693b5d2df6fc793cee6,1,fanin_consolidation
c1e57ee3646542d8ab5561bd40ff989d9e463320223a440481f13579642fe1d8,1,fanin_consolidation
096777cd2b494ed88e4215d7c26e9c9fc27f8bc282ef4867ad3aa9bedfc903e0,1,fanin_consolidation
394d95b6d1f24565b4304f4dffa354ac667d2e5f7de64883af7b6a8fb0428043,1,fanin_consolidation
ed04524e415f45aeb26e9b9ec8a921947f4ad238227646d1af9295a74dafe8f1,1,fanin_consolidation
2db45583975845f99bb4c5bf50bc6d166dbc8377c1e94488b9c5e572073cbf21,1,fanin_consolidation
4cd2087d0681448fb01640aa651f89d0bd666a5e15db443791fe0c04b0705ae6,1,fanin_consolidation
0e89981467634f2a8d2f09b21713884aa36f0c98a56442aab44ac5c13199ace5,1,fanin_consolidation
73e7f8337cd64e94a432de69ef452dec33de66734f9240e39698a391555d3d39,1,fanin_consolidation
b6ffa66ab50544b48625964e4d17401f2808458dfb9048999465f7a162159c49,1,fanin_consolidation
8882aefa16614e10947c9917660d8e0e0ba8f58a56c941b0b6cd7a5310369bea,1,fanin_consolidation
ed86bb09a2e84fc99d9a5a35ff0e04610c9db6f8fc02424492d93f4db2512cf5,1,fanin_consolidation
ab8b631a416b4505b9f1c4f90f369585107e9a123f924624aa6f50f439630518,1,fanin_consolidation
cddb876ea2b443cdb9a8b0cfda9dd1bf16f4f60fc9e84be7a6713541545a7709,1,fanin_consolidation
bb017f48b50b4fb6bd7cdc64f7e87728f1c79caea23a446bb8648533030b53a3,1,fanin_consolidation
5c2b14e664a64127b4deabe10235705335ffdeb470904376b384dfd92a70066f,1,fanin_consolidation
86ab94c198ee4c51a09a7da843a63ef1c04fcd0d8b6c47f5843af38d1863a0cd,1,fanin_consolidation
a85721df107c423ab9b49fd54ed97853c99002dba1d94dac966fa215a888417b,1,fanin_consolidation
743710fd75f14205ac92eac39d79cb39e1c40e2a11434e8a82d1af0a70741a2a,1,fanin_consolidation
34b7b4418736484f93418dc671b4bb662c676e55604d419ca6a0d1536087cd30,1,fanin_consolidation
c166d179ffce4276a2c2dd26a01ae94c567415aa521b42a78ee346298ccd254d,1,fanin_consolidation
29eb1feb29194322958b8006eb0da5a463f39caf68b145ddac1a777e21199aec,1,fanin_consolidation
c52ada5eb55e4b45a403658660495405704b59cef9a549efb54b91f115a0acfd,1,fanin_consolidation
b649e9a42e844e67a2b7e20455455a03fb94bc7e24414ec195391a11068aecd9,1,fanin_consolidation
6c5e978cf14f433bb61bac4414570709a9f7ad8e245d4c33b6dec8483e418e00,1,fanin_consolidation
70e49ec5ee8d4f8c8d7a167540658c4f2809f99a3bed4db1a09d858b2e354a61,1,fanin_consolidation
c57827961afd4aa1940a0a05bf2d3ab7d0e1189708d24770b4abb09dcaf07115,1,fanin_consolidation
0b279de5be7e4810825eb1cd57b9dd82cf5fa12a8c9246b7bb479ada94e5e97d,1,fanin_consolidation
f88284127c354c48b644385aab7a9f828120ce86406f4d619553ea2f642e82f9,1,fanin_consolidation
b8e44dcb7330478fb88951408081bd241291950d73c8472b844144188df7c04d,1,fanin_consolidation
36e76f2dcb5b4ad49322318b7eb24b36ed9ace6c3e0948bb8a30f497bedfedb4,1,fanin_consolidation
5912a0e018dc4c61abe366dd95140dcc2cc73b085dcd4fc7a6fd76ebcce406fc,1,fanin_consolidation
68d2fde7c8bb4a3abe2eb1e458fb157bdd4a87e87f7d481db9fd1eb1158def78,1,fanin_consolidation
298b04df0b454719800930f613b42b736e9e1fed6ecb41e8913133fe7e493d2f,1,fanin_consolidation
0dee9a878ad1419a9dda5bf555609fada59183e02e764046a24daae58fa3ab3f,1,fanin_consolidation
f98ea073154f479e95f4a4c39cb257766021bf30f4ba4e2bae76b69db97577c6,1,fanin_consolidation
1bfaaf8b5e2d48d3b89ea3cb6ef8bb96645e80e7f4b144949029e68e6167a01c,1,fanin_consolidation
13ccaa653b7e481bba84105795ed839572d73d3fb8fc4e90a9815893eb5a7759,1,fanin_consolidation
0f5205cbca1f4329bfaf59f74af7cc4fb330aa57a48d4b98802d6cc1bf536ea7,1,fanin_consolidation
2f7bd224c9304461acf3ff85918782845e432ccdf8e34db89f2f3b7856906b48,1,fanin_consolidation
a7754c0d9e01481d917f954f66990cca345a30fd85584a0998f696b92609ae50,1,fanin_consolidation
604221adc85549aa89c01c357b1aaacca361597e63144294b5f5f46029e977df,1,fanin_consolidation
f2d577777a244b0ca82ed34499e476d3749a3d6c62e94807bd6838f4f8cccd15,1,fanin_consolidation
35bbcb48199e4b5db9d53dcc70d3d0c880595d542c834f89a8efbacde2c06ba8,1,fanin_consolidation
4b74306153ac46edb3a9c5862b40c32da0aba808ebd5451abc078c76cd1ba3ee,1,fanin_consolidation
af4c2694f3c640628f8a3129edae67854816aa727b974f6794d935201112baab,1,fanin_consolidation
d0781e4387d246af9e79199a1a04d1da1b943326e2b84754932b98d5795732e8,1,fanin_consolidation
2eacad81c3d14911b0447db95792ba6e91d6570d1d9640b882074e24ab9ad768,1,fanin_consolidation
1e58d069c9c847fd8af918efd541825643dc98cbf78c4f828d9c8b82ad12cf76,1,fanin_consolidation
3d2a812f11024f8b9dc065ec7630a003e3e5c92602f447b2b39c8a12ad36c906,1,fanin_consolidation
e05e2693797e4e4f8d5d6d33b64ed60a599b84b2a53c4b2daaeb44405064f376,1,fanin_consolidation
2cb6679dc29741819111bce52bafb707d2e8a2c1c5674109a123c29b9fd814d2,1,fanin_consolidation
c1673c322db049a584ea4acd3ee80ff1cc5f0ce148d1410eb4a4ae9c04cdf0a9,1,fanin_consolidation
e9120dedac43411096e6833fbb0c27a50a560214331f4d4496ba387333afb400,1,fanin_consolidation
adaebd6b723e45cbb36789a43d39c545faa9722df9014044849fb2070205319a,1,fanin_consolidation
c48cd2f886844c24a2e7620e7a6fca7dee058f1e4d584ec79a57162b0a2e3097,1,fanin_consolidation
0943d85b6ad94775b38291f785b02b66af4e05b636344eb0a07451863cf5df7f,1,fanin_consolidation
cf32758e30c24154875e4cf1e2b89f1c76918305928b479a8a3aae68bf382e59,1,fanin_consolidation
4cf6942d06c549f582cc7acbabd2c2b58dd7116548f04e8291aef8bb118210fd,1,fanin_consolidation
d9979797d5f24228ab16233d3af06fe3e999acd5e71943269812485fd992b04b,1,fanin_consolidation
71cd74774b064605b29c9149b8910b3e14e6bd15989a4cad91363afdae749af7,1,fanin_consolidation
e32f483c22bd43418bb2338cafda4d7ba6fe2d111d71469ab0c550492b583732,1,fanin_consolidation
bdae4bdc0ea34dafbace4f61332a8901d687e7f674074c1192b70b2721968f16,1,fanin_consolidation
fe459737425d441ebde15cc81bcd37a001481f66dee941a094130ea89cc62b2a,1,fanin_consolidation
faf97922d4d14c7e90b854199f95a78d3ac9de6b82cb40ebbc693621260f582c,1,fanin_consolidation
9db3075325e54026b94be0c373abe4f50c3d72e1f684481c9fbf204eba92a536,1,fanin_consolidation
d80fe3d3286c4b8285e5bee2ff3a0b0cfe10b0e80941459da94669371ce291a1,1,fanin_consolidation
5f180ce91496492aaf37d8575f3aa71ba83809d80dba4b868ce2ed8c0e40502d,1,fanin_consolidation
d2489041d98846dfa68d3ac3e1a665ea8e0a9f3258604ecc8abcf4f4d1b09928,1,fanin_consolidation
1782e097a8394d7ba35ecbe4aaadc35158c354a949654b4fb9189a53916426f5,1,fanin_consolidation
129bff5c4f3f492caa744b03c5619c7e285204d872e64072a41a8fa4d068c8d3,1,fanin_consolidation
211b010ed647457a8cc7c3f980a83ac1bc9b4e6f1ae54d3f807f8c6e704148f3,1,fanin_consolidation
f932f6e574b74328a6455075e35291200d87ed2f9c574974b96db1c06b7e1c9c,1,fanin_consolidation
c12c0846312f47b5956fcd30fc7b4a3a758539ae51df4eecaad270874a4da1c5,1,fanin_consolidation
9d402cb43e7a4617be72ba8887e6e3fedc9846fc324c4c32b141a28c737b458b,1,fanin_consolidation
0e2193b2d7da4d6a9dc31fec31f6c73da156550269384b95b56a6f304259e0c8,1,fanin_consolidation
3b6f11a01061423799faf48f1ccc782510506cf4e80b40b68290bf184609c768,1,fanin_consolidation
785307524c2d483d9a3553e14856d34fb946b57a8dc94078a0b33bb928a9bbda,1,fanin_consolidation
d62d98103f8546a8b4f1aa59d47d09c106a5288c3efc49d68c4ac73026364d18,1,fanin_consolidation
39d7df25d4af43ddab851ba95a76de2e78ca4f691924493da43e30b79a91b357,1,fanin_consolidation
0c52e5942d384f908ec49122dac68f78fc1882a1c3144c5ba5cded3df02104d3,1,fanin_consolidation
df861656826242469b1a42afe9aa77ea1251682f2c6d45c69b88b59fbdd196d1,1,fanin_consolidation
b6bb009c05e148179b19ed07e7b1d3b238ff58f873df479abddb383beb8569a1,1,fanin_consolidation
499f38a66b37452bb06fb9628442d7185366920fb4d146f09aaff9fe1c3661f6,1,fanin_consolidation
8ece8978cf8f4d4a9686b78996e55312130d64a3d2c144cebbb45271966de5e3,1,fanin_consolidation
10a3c8f552f84231bf179393188680b151744968d8d743a2a096dead4e49e6f2,1,fanin_consolidation
7b522a02bc2a45568a5e7a413f9904bdf6761136f7aa4bd8a0ca652011c71c6a,1,fanin_consolidation
0c31d8601f304e40ac2f3f4edcf98b48c01999a75c05486389809fff68290aa1,1,fanin_consolidation
81badf19487e4cc5acd1ceb583c78050814913d9d7aa4815831252b6b302de84,1,fanin_consolidation
e518877c9fcc4920ab402c5133db628725e10b0f4637469cbd8f6f1db85c4d43,1,fanin_consolidation
1059ab650e0d42b2974dbe107525db3ff524d134a8aa4dae90378de7cd27d3b6,1,fanin_consolidation
8c46c7d5619b4a77897197a1264539dbca06e308c39d443cb92f1dd60f2304f6,1,fanin_consolidation
e36e52c92ad74426b135c9deba033ea5faacc1cec7a9477aa9dce4d9de2974eb,1,fanin_consolidation
f09b5ce4ff754ae5ab0b7f28dee259694d04b04695bd40b188fc8a8704782630,1,fanin_consolidation
e41f2ddbb450432e9051a307ff57b434f28e4b70f05a424eadc65a7d9f2ed59c,1,fanin_consolidation
74486a921dd048729de11e185bd3e97d275abb9431044f289ea9c891e62085f3,1,fanin_consolidation
edf215bd727e4bb2a9cd232d80becef3e3fd573672c1489db3074837b28c662c,1,fanin_consolidation
eb21b31d6c1145a498637429ab2a35480cd18a3da68643c7a0866b7782070467,1,fanin_consolidation
74f719024dba4a8e91f962bbbd82472807e4fb55ed4045db83876e86de08c8af,1,fanin_consolidation
e965df6e268f4b7dbf9947f332812df0fac766fa7eb14c76ba53e390756a9fec,1,fanin_consolidation
62bf9cd279e344d8a93e54cafd4aea7303180adadfa147858f85547c2eeecfdc,1,fanin_consolidation
ad3f8b4a272c4bc78b065b9a7b676aea8a9c0b5830a744138dbc1afb49e0d78a,1,fanin_consolidation
ce279a9c8e4b4372a4039df154c04e62d5f6a47a7b114e6db5919e544bc08d1a,1,fanin_consolidation
9eeb785080fb4545949adaa0a3c67f82b80c0b6389a74cd39918c3672d82456b,1,fanin_consolidation
8f0c7c2699764a4d9ff840d2eda1ed33b49fb70fd7a448c6b0c5f65114f09820,1,fanin_consolidation
a99430d0317d44bb9b1be8d0daeb2c6950d9f7dfc72348ce80a95169628e9f78,1,fanin_consolidation
247ffa3b63394b70a2dae785a3ef67b64a9c9bcbbb054c7494fcf6e17d4ea009,1,fanin_consolidation
990b6a85fd02435281e5a7d4ae02691d86d4cdfa4b124ae7b1084c995970f41b,1,fanin_consolidation
f8019756828348f09000a4b40a7ebfebe6f8339d5054481899580256ef4fcdf9,1,fanin_consolidation
9c21e2116c144d6e90fe23a898c42c23239ccc49494e4560839a2d62da993b57,1,fanin_consolidation
e43403b3fc424e01a7c81a4a1641241a5996e76423c54344a9d54ffbc8c05427,1,fanin_consolidation
b3044bacca634bf9ba2433aa9e9cc603c2a0fae56a614f509caaa0397030d89c,1,fanin_consolidation
57359f1342f04eefa299a502d84230dd9b92846ac0414c6f84138ee120441408,1,fanin_consolidation
40be781c2f4a45dcbaaa04a79d1037f4d3467a7dd00f4e7bb55f4a3ef4360c7e,1,fanin_consolidation
d2d4f699c807453397c8775f1490587b98bfdd9d1f2148799c14b5131f032008,1,fanin_consolidation
8a3b174ec6b747f58df0f182a34d644fdb6e048cbece403e9518565d5bdb2900,1,fanin_consolidation
8ae05457901b4003932f5601324fe55c283c41ea02294326aea1a02cfc9eae6f,1,fanin_consolidation
fb1f7ad947dc4ae2bad75da1cac655603a8e0c7d4a3843e1aa8d13353946f476,1,fanin_consolidation
f94c49612b4e4cf28fb990aa407fa9bd17fee212ba9b4bae8a8349f017c0c2ff,1,fanin_consolidation
250793d752d2430293c691070346680ae7ac5c93b37a41fab2801a9f8679ca37,1,fanin_consolidation
1a19c3c172984a4f8da2720ee490b4b97198a68d374f4580a07677a4c981264c,1,fanin_consolidation
95baef7c653949a28dd23edeaf3123888a18877f467042258084bdc30d983cb3,1,fanin_consolidation
8313770d202a46fd9393fa9e01e14a2467322f5c89fb4c75af6a3495263c3a31,1,fanin_consolidation
bbef074e250440ce8941c9f3f730f620ccaa711e37fa4aa2b757123a8db6314d,1,fanin_consolidation
65be3e4235794bd58239a92c13d3f60e30dabc1a09104679932bbf25e2281c16,1,fanin_consolidation
d8b3d2d297f94967a8c3de1e805befdcece26d86f33a4f339df5ecdc60758ef6,1,fanin_consolidation
b9a791c9599e4e19870a3f086dc74deb7d6ae9255a624f268bdc970242a25a76,1,fanin_consolidation
16d38008d6234db69754b0bba861022ecc1b5e2f36dd42d798cd4a1ada0acc89,1,fanin_consolidation
f98558157d5142fd8aaa6fd876991656de64d49b15b040d4930a856ea7ac940c,1,fanin_consolidation
f4acc730e78c4554ac5e876e7c95228b9c3d093e528d4352bbfab9ca8e5caf00,1,fanin_consolidation
6d86ab13079e45c985c122d2f1ac9e5cdceba2c5151a42b3a69b77c4b5e78715,1,fanin_consolidation
b38698f7e7fa4cdb80b40682b0859b67a15c3e566b604a619d2a9a035a55cf90,1,fanin_consolidation
ed11b73de76e4f54990540b58d7b18265df6efe0b7074086960e1879e27b4f9b,1,fanin_consolidation
6f792571d43c4a85b433a04bd4c43d99f111dcfb4e1844dd96795ad1c0c4a348,1,fanin_consolidation
5c18220a81f946c8a056877ddc1099cfd818a57123f249aeb6de3e5b90281a6a,1,fanin_consolidation
f7472d952ad54e249fe9b7754c4f68a427a78dfe808e452e8e58f483f126a914,1,fanin_consolidation
08399d5c1f694a6f90f0499fff52ab727eacdd220c50416eaf206e2df9169eae,1,fanin_consolidation
e02bfe533eb24a2d814ec8e40313ad0f0332665a70694e80aae87c2a8a4fe21e,1,fanin_consolidation
ca854f2492524e5ca127f1464fd04386d0e01424e2534f8f810e4b45b36edaba,1,fanin_consolidation
c248fb9b8af04b5e808911752aff3867a71d3692fd754a4c91b6c1e6ab61f717,1,fanin_consolidation
f63d7c9e98db4e488c08742b9e51f141d758fae2f3a34512b2b584e64326bf87,1,fanin_consolidation
0fa9408bbb634297b48a90527ec8514c40bcd30e34184a6ea9248765518c6c01,1,fanin_consolidation
dc7f165064c343a09def5628bc81d0e2bb9e5abd22bc46828733f6d2f1e3b56b,1,fanin_consolidation
6608c81361574504a7e8636abd38108ed57868cb1b964f3e80280b7d98459eca,1,fanin_consolidation
cf9f5f2cba9741b5af976ffdd964c903ef9e9573002f43168c195acb7a274d5d,1,fanin_consolidation
9990dbbdad95462393d674f23844a5e489349497c79243c692a600fd7617016f,1,fanin_consolidation
9a1dcdd10ff04ae88216ee74f33c334f5f7aeaa794bd438b88ede38fe207756d,1,fanin_consolidation
eefd630481c84470812ad46b1d909d495126a6aaf7744b10b5320358e18f57bf,1,fanin_consolidation
1cab902b7f404319afc1881ec57fb528622a01a56a1c420b8bca78a9a03ba30a,1,fanin_consolidation
dd9eb43d907845dab0e798855a779521b926f21c41a34e64a7879ffa0aa75abd,1,fanin_consolidation
c30ab0b1a4124bec97b1ad556ba97164457a0dba59b44199b4c483d7343e14cf,1,fanin_consolidation
91bc4f0ef2ed41f5a0d13a6f4718c317d2faac27a9d74bb6becdca61ecff76fc,1,fanin_consolidation
c728473d34e94a10aee49ac3e6c89fd534ca0339ccc8484488e2271cdf0c2274,1,fanin_consolidation
4ec6f2cc55574b7b9a0da0e1de38160b687d1f9c1e0948eeb1d1f2e2df9eddd3,1,fanin_consolidation
0d0253fc006e41028d668d58726b54d2c453b769151f4b9aadc32104916bf3f6,1,fanin_consolidation
4f0f9a5f1c0546a59f193242a7da8ebc4b40e86be7fa4339b01d59712b5b5f42,1,fanin_consolidation
2571af013dbf4cb3bce9434ca2b8ca5ba5f348578e7644d8afa3b40c6471bced,1,fanin_consolidation
681a1b8ccce149729c8a28aad27f31cda504614e3b584bb989b05225b08e6576,1,fanin_consolidation
6f3e7d08ebde4ddfbd544a0b45e3d16051113119bcde47d89312226f3fcb0c4a,1,fanin_consolidation
268ad811012044a58ee48ecd2dd307350570e7ff16a44caa81340a6207c0f55b,1,fanin_consolidation
c28aa7c3a76347ec861ec06a61b5471c70298e636d1c445b84b09d5d65be0b4b,1,fanin_consolidation
4172689863824fefb34e42b885087970695e57461b4146858fed3d7bf384386a,1,fanin_consolidation
b4a08839e51040579aca547cf57d36327a765fa2ca91454dbe20d301485bf5bf,1,fanin_consolidation
f479be5f159e4ac4bdbed6c7bdead3ac7fb417fede69490593e2fa91bec19087,1,fanin_consolidation
0d39b08a1473445596b924675e4b1f0f9e9607a7a9c843ed877ed0c79cc90fdc,1,fanin_consolidation
3338c7a74a4f4e79a9c571471814ddcc4f66ca7eea6443208a205fadfaee48fa,1,fanin_consolidation
c8ff3e8a1fb145989a0158fb0960b589bf901231f81d4d4d9cdf6cf32a01359e,1,fanin_consolidation
c34d145ce61f42a1bade0267eec8e180d23ba5bc885c47b8a029e817e407502a,1,fanin_consolidation
e2cbe29590f245a783531342cc2f770a8ae5d19a38644fbe8d872b1698dee6f6,1,fanin_consolidation
724b09a2f0e34414bb87210047169195c5548be7a6e549bb9618cd7dfbf34a08,1,fanin_consolidation
ec5bf42dd2aa4ac7b5243f79ecf5ec6f77bd300672014883986bda70bd351931,1,fanin_consolidation
d4badfd620504661a5931a4112fe414415deff4360f54f7181ff2dbaa98b119a,1,fanin_consolidation
e660ac26517f40e586fbae9074e0fcbb8c572bb4e0794e4fb7ee2b6041f9157d,1,fanin_consolidation
278f2ab6697e4f75a7b90c162829a9c97779be03f1b54cafa6da35982bb0f953,1,fanin_consolidation
9a2d442b5b214f7aa204b94a0ed54a338b998d48caf344f5979caea676385e7c,1,fanin_consolidation
df40830ed76d4bf6b5f98291bc90a1c48bb6aed4cc6249f1bd680b8deaf7e421,1,fanin_consolidation
203af2fc822a4f56b8646349ed7e844aa06e0411a96740838250351ba1caa50a,1,fanin_consolidation
aa36d12891374585a44864a9535b095621fe038348664d14b8054d0d50e06e25,1,fanin_consolidation
42248f7ecd354ca7b3686e90e236f7a5b44201bf15b84a158843f7e594cdbd33,1,fanin_consolidation
c65ae5d00341455483ed4010051e882ecc626a86ac6447cd9c8c3a273237f69d,1,fanin_consolidation
6c6f7fc782e640fe92264129a0b7f2efd36cfc0a4f4d4de4b4037b9b016c3258,1,fanin_consolidation
bc62f371aa8c4140bb3a5672ed9d3e313cb0d43f7e884a609e17a0bf72cce92d,1,fanin_consolidation
8f2c5e29b3364e1bbc8579a8832c1ed0db3a36ae35db4fb68977ae5779e88138,1,fanin_consolidation
1a3fc956d7054732ba61bbd6a6d54495680cdb94b9844cf68f69291b4f75f141,1,fanin_consolidation
ba7a9edbcbd9499396d537f90ef547753eeee6d6568f46f1bec514b7453f1c98,1,fanin_consolidation
ea39dc637ca647b29626de15d91ee7d43e114b12e5564d2bb08bdac2fc8d412f,1,fanin_consolidation
ba8759c23f6b44b5bd86e0a91cf1b7ea885b662c6a2f48cabfd50fa16c945a64,1,fanin_consolidation
fffd39af8dc24cc9884b6bd37a6a6addc0d16887961c4aa1bc784828ac6afb90,1,fanin_consolidation
61d7bb212eb34312b294bcf7a1356ec5a0885502883346348a98e52fb56495e4,1,fanin_consolidation
1a19db37ea674564bcde34a1538d9fb03c32ff97d84b4cbab377c14d0417d24b,1,fanin_consolidation
acad4887e554413b9dae0ff224c2a0ce8d54b08e9eb546dfb16d36eb84a945d0,1,fanin_consolidation
b7aca23dc5824e779bae667a7867a2f0a2c9504540e14f1697ac15c63bc72a03,1,fanin_consolidation
8dfb59c5d0af486392fba3caf54af9aecef6c94b3abc478bb359716acc7a6a5d,1,fanin_consolidation
dcc6b7ae57e64f35829ab682dc2d49117a12ccd1088c4ac7814f710f1182c48c,1,fanin_consolidation
e6f212887d804c74aba07842cc147e67a058f3a50d404bbf8f0a49718b28cda7,1,fanin_consolidation
d51c494b3f3d424b81870e2979b2884ba9137582c72748498c263fa1b948973b,1,fanin_consolidation
a1c62192a84649518d7bcf8aefb11c9d40561a6b99ad4dce86d0c6e024e5ab6a,1,fanin_consolidation
446c44082b43470286bae7306208b7d803fe1ea1730546d2bee34bad14b3ce69,1,fanin_consolidation
6b06fc294616454792aa2ecf1ceecb871633cdcd31774cd8bae272b0358c35cd,1,fanin_consolidation
e13ba25694f041ef98342f2355cbf4c462a5332fbdf74d3690dfb607d5e77b0c,1,fanin_consolidation
f150489b79d74fbaba67bfa6bf4688d2d7a53811507140329d575decd74a9bc8,1,fanin_consolidation
2cbd1142806c401ab8d584ea30dd209e5229a4c60ba44dbc9a0afca6be0b49aa,1,fanin_consolidation
94e87ab607a64941b646c0d3cfaf2ea32d9c13afd37e400ca58ac12f73cb3c83,1,fanin_consolidation
10be83bc7d0b483ca129cd7e7c74a325a6ed7b102ff3479dba7cdfa0ceb2324e,1,fanin_consolidation
15609d17e10244cda89e511952a5b492b6d6556835104877908cefbcc77e64c3,1,fanin_consolidation
ab28fffbefe84e7985a3683fd7259f93ac0e147bb41d4e04a1ed5392aa4311db,1,fanin_consolidation
beca239db7d9441b941aeb4d215bc6111f28e5128a9e406fbfbaf1455a75cf61,1,fanin_consolidation
8cbe390f8f634ad1952602707b44ced48f2d94ba6fc04fedaaa0543803ce07e8,1,fanin_consolidation
5874b6e150a7481b885459567dd1584da062410312be4e5c97e45dcb586a2644,1,fanin_consolidation
5bb3a4b7d1134034a4c1ab1d039d4b6b68776a28c0aa48eea83beb302d583ea8,1,fanin_consolidation
a1748669dea34f269e7caaf5d0f3809948037319141c438d845061491cbf2963,1,fanin_consolidation
26477dd534134955ab1902f5de669f945affb282ac74479991951b161ea38cee,1,fanin_consolidation
a3646053eadf4b92ad1b3f58eb5ba942b2baf1057add4f7ebc49520db559771e,1,fanin_consolidation
05d6c2cb4e7c4f46bf55283767a7b0c267382a1bd7554ec29507d2ba4fc2da76,1,fanin_consolidation
179005ec29374dce81ab0f42f89fd179aa2a25b8749c4cf4a43b8a43c55484d7,1,fanin_consolidation
0ac76d7b1c434d989f435ec5803a0a59cdad8fa58bbf407cada5e2a8028d4943,1,fanin_consolidation
ae163284f51b4e548898723dc7353d1de7c44923f9dc4979966babefcf461981,1,fanin_consolidation
1b2d8e4f70124c61b8377531158c031101f703bf06e64ab7aa4f971e70b3eaf8,1,fanin_consolidation
0168e8f16ac9451fa27f4e3603d89df54b0ea4429e8e4b3a8a5ba6901a22d150,1,fanin_consolidation
61155727c8f54e92bb0d8401730dc8a13b139e36188f4b5583904ac366b64731,1,fanin_consolidation
d29085391b1d4466bb2123ec76ca0e4cdb7092631da1432daa0cb9f8728a6f1a,1,fanin_consolidation
be550ef389794e7fbb744b93405bd38071f2aba555e64000abf223fdfb5bef8f,1,fanin_consolidation
d32dd27a154c46ffa276643ad2d4a825064798149ba642d082c5b0d01f540d29,1,fanin_consolidation
0ac51b14cc7245ea8448bf93163e40fe724f9f66a2fd48988b5fa7caa8eebeac,1,fanin_consolidation
187249703d834d9d8db790e2bbeec9493557857c8f72475096c560d9fecf7093,1,fanin_consolidation
0c1d807d21d74f1492027ba64be2fe10b6f23432351b4de68e6552e157c4cb64,1,fanin_consolidation
676d8b10554042b09c9850ce8208a003e5fee4795e2249908569c9cb48c12bd7,1,fanin_consolidation
e1b9b618e69f45818daaccda526d823e579c36594bf843ac83f00cba61d2672b,1,fanin_consolidation
50c945d0f12c477fbcf3a2e56edff8acefd42c37fe3b4047abf7def6feb7c623,1,fanin_consolidation
029b1dc6b0774a3fba3ff369a26478fe3b6782cb4a8b45128d1bd6003d928a9b,1,fanin_consolidation
88c95a68da994d28b053266c1537196735024fb0eb8b4cc79b392b4067bd4eb1,1,fanin_consolidation
4a955744ef314bd68713185885627f5d62e15723dc1942108fcc3619f0d76497,1,fanin_consolidation
6fb94a7dbfd848e08be36c035e5d4e1848b06298cd1b40babd65cfdbeb275082,1,fanin_consolidation
72fc8dfc7c7c4095b617dd065e37ca0db22c6dc849114c108c71f0bdb0d373c9,1,fanin_consolidation
c2d38d94211544059638542dd2e38e26750bc2915f164a52aa5daa50480f2816,1,fanin_consolidation
43fb263579994713812c4c9b03d8a318bb54f31d526047298ab4a19f9e10f6d5,1,fanin_consolidation
1d74b5081f814f3ca4d1b5d8acb64ae6fd49080d149948669246acce9f82eeff,1,fanin_consolidation
97190dc8a4e54f7b89519a65b617110a8ee2a16f41704e3a9cff5c79433968bd,1,fanin_consolidation
2f9dad6d85d84232907506befed10042e81fac9bc8a442e183f0baf101209263,1,fanin_consolidation
1013a3bde394490ead18bceb3ea1b24df8272c69344e443dafe83e4914f40f72,1,fanin_consolidation
b1e42b629a9047c2a0df50fcfa73e5346ba785f4ce2b4b58b8649ab669d9f2e6,1,fanin_consolidation
362ab64ec352472b9b9d0c067cc05a327bf7563bd688470099db7436f8503d94,1,fanin_consolidation
d7f079ed9ac4409094e6ec1e0821218ae5c029729967443faeef1dc524c6116d,1,fanin_consolidation
4f59b11d81784510883b5f78909f2c7707ceb0d36e0b46da86be7c8aae2b36a8,1,fanin_consolidation
8e6d948873094fbda56e2c5425cb47a7da3064e994ae4faab85d1ea3d1df3027,1,fanin_consolidation
0e3b2081119b43da85b4ca4f9d13693a79923b9c159041f1a12e6a10eebff8f3,1,fanin_consolidation
ffb25da006bd44aea6e806272347ce8ea04d929e2cc2422181795f69ed8b8fe2,1,fanin_consolidation
36eea00c1981420f86be54c67af7e5e9f338ef60eb974252aa87f6a418a90b52,1,fanin_consolidation
52283e77b15f4354b90d7d65588f57304f8cbbe505574750aaa09f73c7a60037,1,fanin_consolidation
db5275bdadf043c38ed38fc0ab154d8db0c70724434c44cfb3dcbb9e1a312e17,1,fanin_consolidation
7c7b2c3cb4e4464898b02696c16a9b2d8be6f79433ed44eeaf94872a06664207,1,fanin_consolidation
9cdc5f7aa2ff413bad840846f2c9b81c92f2194780d742059664835d01568f50,1,fanin_consolidation
465d6f8456104e08aeaece76f5799e1af3b9b6fa60624c4b9f8b1828def4db40,1,fanin_consolidation
8e7a2b507aa344b68169cd151ef236f4eeda23ce31054eec8c54a6485c54772a,1,fanin_consolidation
88bec16b9cb64aefa2701e8ae0d34c979eec9316b3e94611aa595da35881d9e5,1,fanin_consolidation
ed6a7dc122f041c9a788bdb7e19e2b49f9f28038c9184255aed8b7dc4c334f83,1,fanin_consolidation
10b5a6e3016c4c60bf0758724b61e419284b3bae8904408a86b99b89d6c269ae,1,fanin_consolidation
2c708c8454e444fa9ab8eb7cc80e7ca7963f2a231c724b70b818020b2686c2e4,1,fanin_consolidation
d871f0fa504a4c69bb4084eb6fe7a07c2d9fe9f9f4724697b465be15fcf4f1e0,1,fanin_consolidation
fe3e91cfd9434725a13d1e1d4672246beacad15e909d43a09f51ade37797cca1,1,fanin_consolidation
932ef4aef1c542dcabb04568c5a514b9f4e2eedad0124e479e5e3c4c71ca2535,1,fanin_consolidation
c0c78872512843c58cb7d5e3c7a6cd792bfb96f4deee4a8cbd7b43d5510a0622,1,fanin_consolidation
eafb80d464cf457b995f54c86d73c6e128c3278d142e411890388eaca3a0aa60,1,fanin_consolidation
53a12d0888824f62a9a1bc2adc2377264ed37b3fe63849c5a8a6edfbd9b1708e,1,fanin_consolidation
7ad5d1f6d9994e3884c465e509a287f89c0394784dfe493986ce3587d5860c0d,1,fanin_consolidation
638454d44d854dacae631f0b009e197a1f490d9ee1dd489da049b0825d97afc2,1,fanin_consolidation
87437f6db0b548c2b139467c3996a55cca23e2137f3249b19068d00430971ca9,1,fanin_consolidation
27fa80e2df6247f4bd77be11b37a8cbe556e17d93ed74cf19ae9bf4923be34b1,1,fanin_consolidation
e2d4c0b800e9475d897157331eb6113ede6daad3f33b4ad886a382bc96be84db,1,fanin_consolidation
f1ebbbcc7b0b442f97c503df129c281c8f3b874e294c496493112ec98e7d57a9,1,fanin_consolidation
0869fae7a8394df585a59a223779f9ed14af25d2af294607a548cb4e1a1b0957,1,fanin_consolidation
8ddc68c6caab4fe9aa33c2e168cebf90db497f6b42984d62832dd87ba51ffa75,1,fanin_consolidation
bef2e676e73d44df9bc33a5cd6a800af3d5db16d69a74944a317a98c9348abfd,1,fanin_consolidation
c367d9a1bf8645ad816fc351303d11bfa3d149dd5aba43ea82c9f55ad515733d,1,fanin_consolidation
e0fbe499dd65457bbaac3fc8373ee8ae7df197c5ee4b48fc8a84543118eb3863,1,fanin_consolidation
7b663c6b164844009d1a23a58c50f3e20c1def1cca274c9d80c738509e4d64a6,1,fanin_consolidation
bec531ad8bff4d1bb9d87c1e92c46187cac1d86e6ee54f029effaabc503667d0,1,fanin_consolidation
968bdf41353c49cab9bbf5aadea5563935ace9f53c1444aeb7561506601de30c,1,fanin_consolidation
0b4b290793a74ef8a27a6180173a3af9ee862348fccc4f6cb205a338ae4c4cc0,1,fanin_consolidation
20c7a2496dda42558ecf6866918c9724a038284585bc463e9b32de3eeaf19de3,1,fanin_consolidation
9c89300568554598a6849fb2b14a364c0aa84591f425417bac4b82a9b628954f,1,fanin_consolidation
58a2f6e8cb764b0cb5e69b7aaa1a6653a8172c7924fb4e0884a3dbd5cc605e7f,1,fanin_consolidation
8f09cf12730a4c0288a4d0c28b06a53db875611f006f4e4daad7726d6f17e37a,1,fanin_consolidation
e3f989f36c0943a18e9ed57bb06f1c6bfbc7df0192e542878f2db6a7b6bb5949,1,fanin_consolidation
c2d84c9170b646cea1b36878981501b85295edbed40043b38926544cfc0ffada,1,fanin_consolidation
c4ecc5dec8484b77aac7eaa2b110bc5fbb74f3a332514ddf86487fe43403bf36,1,fanin_consolidation
d3a1e654168f4ff0ae13c3dd577009e1787d39a222b742539d4a9ad70386aa07,1,fanin_consolidation
3cb9b160bbbc4176b609e4874fad312bf1e79928303c4ec9971dd4bf1add4234,1,fanin_consolidation
606f13efff654d738e3c896544aa83cc35bdcb6a32d64d6fa92763be23ebbc74,1,fanin_consolidation
e160030f334b4e2a8e29fb3b8344bc7e1d1cc6bb576d44a0af04edbd87a225f6,1,fanin_consolidation
248c91818fcb43bdba9c410654210181c0b417d7ee754e40a80e215ecc0f93d1,1,fanin_consolidation
567174e1e2c24426b9820d17dff6663cc41a01fb6cdd42d0860193b051ab526a,1,fanin_consolidation
117beebf730e4ea297c6d1d07ae804fe8a1a78bd88b2499586888fbd5706d4a9,1,fanin_consolidation
cb189fda4d3143fd838b95e56eab723e336335c353b84c5fb94ba744e89e9214,1,fanin_consolidation
79450bae047d44fa8a7f6873ef42539b0783a5ebcaa34892a2477251bcea8085,1,fanin_consolidation
42ec386b4ea4436985a8003d3b4f12f226012c89a8e0438b808c15bbe5608013,1,fanin_consolidation
f56471d62bd14f72bc22bc2526dd5cd984776c36737047fd82bdb4011bada9cb,1,fanin_consolidation
67645a11665547f0bb2fd0d75a2f16085852f40bcf004dc8899cad9f0055ed24,1,fanin_consolidation
e8511436c20b43078c01bd359085f0b83963f039441e472bb76d811867ea5d3d,1,fanin_consolidation
428524bf7a524b6f877c11943a168801c1ffcc6fe75048eab0fbf745f93577bd,1,fanin_consolidation
de0e24396077410c807c18b11ca14f3e6b96f1460fe94a7eb6f984b3eb7a87c6,1,fanin_consolidation
d229e2f65b3d40f5aa6ee1bcdcea77e2e3c0fdd373714c5c9f322c8a301bf45f,1,fanin_consolidation
0bac0745ab264356a1f6fc5207e3da77f0d3fd105d0f4b41b8225eeae84e7cac,1,fanin_consolidation
ecd320bdc8124dd5aea1bf5810b7e21bed50a3d96e2c43bbbdf97e3e869f354b,1,fanin_consolidation
0d2d8deadc4749b8b9665065773262c62348ac4a115b4777b18a53520930b2f1,1,fanin_consolidation
456aa3e953e04364ab173bef9afc71965567bd84a608496fb27375623c7e03dc,1,fanin_consolidation
aba5b7219f114e5bb39233a79d33b3701cae3010a3ad40e8b6e23f09741262a1,1,fanin_consolidation
648b378b334b4942a4ebc3ffd3e42e7a85e1b9c8251841d1a4a1495472570476,1,fanin_consolidation
0075c168a20a44508f421ed4519915aa6555b31d90ef434399fc2ef806d18a96,1,fanin_consolidation
d501954a3999412c8f11c06be1503dc8083d04ad3e9a45ceb4481992ea727ea5,1,fanin_consolidation
0fd84c72ac5940608737bf4c99329a3de721723536514a71b24ff8dd341d32b4,1,fanin_consolidation
aa1a00f04c0b452f807d1992000fdc046e20a677cffb4a88b9a584d14e077fe0,1,fanin_consolidation
57a874e2ba2643d2853df136ce870293b0674de978ec4427a0b3936a2bbd97f7,1,fanin_consolidation
003128b91fb442488c4ed3ddd0e179595a76b464d56d442ab483a4675bf06110,1,fanin_consolidation
67b268f39e0147af8b6d172b82041c463d8295bd698449d49ae76cc3bf6c1323,1,fanin_consolidation
21b422f7a67f4ef39eb578aa9b11fab2384f136232ce4297a81ca925ac1afff1,1,fanin_consolidation
9b685a3aa52740f8b957616ae91105101f5440e0dd1e4e6dbca8a373494a2a6d,1,fanin_consolidation
94418748692148c68ef207342c78201cbf87b6fffa5846e8b97b1a49b119c42f,1,fanin_consolidation
20f8fd6ae1c3456da6250534668658f032446279062645cb86a9640c83f0db7d,1,fanin_consolidation
1305d87087ce4e0d87e9ede6f931689ff61465ebc9304bb99131b44b04cf93ea,1,fanin_consolidation
5e23212bc8c849a8a8912d2cc2a5acb4f175a6d7514a4f6ab8ca8d848b5d30fa,1,fanin_consolidation
46fa0064dd224ae5954612b9433129aac3a14135a31845f3b9b816bb5b9225a1,1,fanin_consolidation
d7690077665647a58d0d8e77f7895ee41bc676d3c9b44260ad54778c36737387,1,fanin_consolidation
b7316b8be4c4400e83b77f938ebfd6631158e45fc37f4466a25549c063b98034,1,fanin_consolidation
a3f1a122aad040269fff000c528352d1d4c78cb1862340bc982657a1dd25bb8d,1,fanin_consolidation
da3a2db8a5724774843d709b9b53357c3b13ea1b3d5d4b2fb0f7c372cad3ccdd,1,fanin_consolidation
f966d0ac6d4b4fc8bccfd7d644927a569dd9eb1e1f5348d9ad5a4be2a21b9796,1,fanin_consolidation
a8614fbcd8604d2ca483c08b652a839592311b9e4b5e40b4a44d996b4d158ce4,1,fanin_consolidation
cf61982e0ef045d2b85eed42c131ee2150b03d8c12b84662b15702f02847236b,1,fanin_consolidation
b8857824552f44cfbf18b406e294a8d9b735cbd6355443b692df5c7b6ed67c81,1,fanin_consolidation
d0ef05cdfa904b0ba7fa83a1585db94618d141f4ae6340b9866e51e39ddfed8d,1,fanin_consolidation
e60e164eccf64f36b680ad3558e5a2abae9b287078714576acce8ff56e4f56da,1,fanin_consolidation
1c235787c5594b7e890ef05e139b02adc01b04f0274b4a4fbc1fac71068d4698,1,fanin_consolidation
a473eee7245e4ca4bf933c66f4445438f7f5243ecad944eebd206cf3bb26cff8,1,fanin_consolidation
c4bc53997ca04f93bea5c03589363656420cb33eb73d49be84cffac8316b734e,1,fanin_consolidation
041c3799a3a34c0cb4107bb6029a62d54f213c87a4ae4b89aec57e6887d07e2b,1,fanin_consolidation
a209a1c81494444dab134f46570d9ecba45ca47095db4b5a81df2b474709eb83,1,fanin_consolidation
d09aad2027a247e8a2472800fadbf1fab1a0a3df8fec4d999df5d32fba9c0403,1,fanin_consolidation
2db1e9bd0b29464091b9b091034bdd8d28e2c4d5ff7841149f0eb4dcbf148d43,1,fanin_consolidation
ec93dfef3f454840b903778b31b2ed708fadb64e9e2b45bf9fe1b0a338ee2f28,1,fanin_consolidation
f026ae3b2ccc45d89ab96caaed663aa4a9cea1ee6477453ba6f6a98705c19daf,1,fanin_consolidation
e85b581aac6542098e9b2e702afd19aedd1cab53d4df4855b8900c9decd46da8,1,fanin_consolidation
3c808095d4084ffe811cb825c43ac87a1902f9c6f14a4668950d0db186ee504f,1,fanin_consolidation
a51cd222d04a41d0a3c0c802faffb9ad3b98587d80eb4ba78b381f7a93712ef5,1,fanin_consolidation
3e61e607e7af48d0a1873b089b39baadc717ab4330414a26a9953cdaeca174ca,1,fanin_consolidation
c8cc57f95e5a466cb8c2c03c38ae583657deacf50ee04d0fb185ece9585ed997,1,fanin_consolidation
5cd7c61b44ca4c579e873199f2e5764fcf4a46d89d354556915605785355e128,1,fanin_consolidation
527f6e2c481049e5964e7d426f4652bda0e576413dc34e2ab5f29be511dcac87,1,fanin_consolidation
b52d9073a244441cb21a35115339afc0797df31f84314f36a48b1ccc6950d00f,1,fanin_consolidation
3bd3b2ecc28242fea76cf6709ba37fc39e83969f871f49e18f2c8d1d11300e0d,1,fanin_consolidation
86d3fd03cb654323a416770775b28ccb638820fe6de04c2db98231360800b5bc,1,fanin_consolidation
790994d1a3ea4b72b21f50775c1c882924e00da4a3ba463b8fb5765464fe8f44,1,fanin_consolidation
4c1b89cab70441af8d9ad3d1b7478c74eaa7e90908ca42378c5af1d0b738b17a,1,fanin_consolidation
5aaa69c937c04d958db88297ad3273f0e89362fb063847fc81421c5130200c51,1,fanin_consolidation
99fa338d90d646a1b1ee4ca65b0a6e7ca7d359e4753c4c17a7a6221d2d572d8b,1,fanin_consolidation
27659ebe38e94ab1affc018135962122fca7366a4c1c4f92bcf97823da327702,1,fanin_consolidation
eb0ad307b94141c2815dd9b35c34de1ebca01fd60f854854a37a39e1791c1763,1,fanin_consolidation
4655b7f6f18f4abfab4ba3847bb1ef84c76caebd18a54bfca0474099836b9cf2,1,fanin_consolidation
8a307c202c4f41a8a08ea9bcf767aae7cdaae3adb2c94c278ba2bc19dc373eb4,1,fanin_consolidation
94dc3d0bc3ab43b1a8d879844bb59193f3ec38e969ab4ba5813f2fe2be447b48,1,fanin_consolidation
58dd4955d306418e8159ea069195a6f44a517a299691444db1030c0be25b464d,1,fanin_consolidation
539ee7b9873d4cb5bbe001ce117df295dd751fcde8ab4739848eed3e7c3fca07,1,fanin_consolidation
52c0dbe77ce04b7298d045384540bd544549b3228bf64823852a49c2fcc49dcb,1,fanin_consolidation
c8f3b4b6bf0e4cb797421a193aecf10e8d31dc9047f04674937627ca21552739,1,fanin_consolidation
89e4985b695e4f77ae290d5b2a363edf21ffc129f1724ba091d254ff2a04992f,1,fanin_consolidation
79abfe9200ab4531b2a7a96edccc7e0d7d7a98e1377d4efba4fba6a39828a325,1,fanin_consolidation
a99862fa45aa4587a61db78ae39cb61aeff939e638f54d298700a99ee21e3c22,1,fanin_consolidation
02fcb441491445dd9e4275d0442ec5f6d39ea57de3fc4b7b9abeb50c46b47753,1,fanin_consolidation
0f36a7f8c08b471a885f2163bfcc5d83386fcc29f1124519a0f3b8b695ce777c,1,fanin_consolidation
92783406f8e9432aa815be34a5084bcb2ffbea2750d04aa39616ef88d540681b,1,fanin_consolidation
e67b6162a6b148aaa554e547886e2dc983bebb3a7e794fbfb7d9339196b30ad3,1,fanin_consolidation
6d2d2ea26e89420ebbdb61830a37359e38f4a38cc3eb4972a738562fed812afc,1,fanin_consolidation
b00d3daaf74b4870af21acc266b7e05783d07c0303544a579d9cc863ed396587,1,fanin_consolidation
dc261a67ff4c49d48a3a84d41191a3c31cca2cd74f5f41f28555573620a2adcd,1,fanin_consolidation
dd0765deee654082b7bdb9f8476fee6556a858fe092a4e7ba02bf9c41864274e,1,fanin_consolidation
774fef59f98d426d9351c8f5b18aa01460cc5ba0b7ed419398971a49211990dc,1,fanin_consolidation
790ac783c66d4f24af7958ef87ee4be32738ae52ef1949699b0003e089dfd610,1,fanin_consolidation
4a9f3b82c3b74506b9a770cd5a2a5d75ab0bac6d878d41ebb828dcac44f8c3e8,1,fanin_consolidation
64ca553fef0549e8b019cdfd9eb7467c995985fd253b4720afb2e753a4c06aa2,1,fanin_consolidation
8b530a9af9bc49aabce21d97694dab3d4454a2f5d6bd4b36adfdf4777ff31916,1,fanin_consolidation
6d4d31b75ba740fea07ccd50bde99e34176817700ed542b2ba9dc876b62c338d,1,fanin_consolidation
62c8ee8d89204b948ee5c4c87719a182c069ed18f05e45c1aacb5d54c6e1dc80,1,fanin_consolidation
ca797d1eac894f238d410db91cb9812b0567be5398b14b5e9c641ba254142102,1,fanin_consolidation
4a6625af569447b0833f577314ff3d0818b1db4748134147a2760c6b45149e7d,1,fanin_consolidation
c55acda6c93444e5851aae97b6f178ef8d19680a6d4c4877b98f58a3a43c4da5,1,fanin_consolidation
76eea8ce3d864ec7bd3cb7f9fd0f24ce3f7e7d0b1ecc4f8eabcc301d229e2cc5,1,fanin_consolidation
1d710b7995234b8f83173c1bdf76821594a213dd5aa949b19b9a6cf24ebd0e29,1,fanin_consolidation
c49f34aaa66b4b7e831afcbb4826e93ae06310c3c1d9451ab1bb26be1efa891f,1,fanin_consolidation
4f0f006779844fe29b69a79b89815f3629a226038dc149e69b78a3f4f0fd707c,1,fanin_consolidation
68ae6b8ac69f4c6dbaa6d8a09f7d0c1752b9bdeaf26f4544b3bd30b73c60c0b1,1,fanin_consolidation
c027316f34454786b2881b1489d0dae074bb216786514758a9f6ab533d356cd0,1,fanin_consolidation
d27c5a6f407b4ae899838afb43041e60ce7b38a4dc994996a95effb5b669e226,1,fanin_consolidation
3fc527034a054a3da8d0adde800112ba757ae1e3b2d9409bb7451f8668b3ff60,1,fanin_consolidation
4c13bb39b05143b2aaca9b1481b49d856764c9c6d5fd45ae810dc922dd80015e,1,fanin_consolidation
e0498f8009a34e72a19ea1dec81f96108fecd75a53a14e67965d1acb982ec5da,1,fanin_consolidation
99451573e9174e05b09b7f7a1db6e4a07cfa8f5f8ea54c0ca03db6317c14da0a,1,fanin_consolidation
75818534cad54e8fa7e2f763477768a9ab2c6e6588f1486dabd36c290486ac0e,1,fanin_consolidation
2e6c72e5027b4d53a060a8e676c5ecbb7cbd1aa9d7bd4d38b25a26128e7fcd00,1,fanin_consolidation
eefc0b7d2dd64036a54dbb62b7ef45bf241979d594db455e818e24ed0920a851,1,fanin_consolidation
111553b1b14742d79f1fe3071b672f53bea147bbe857433294569cd2476ca166,1,fanin_consolidation
6531d50f2ec6403e8fac63822af9814c58d40ccc020147ee85890e654ebcfb54,1,fanin_consolidation
636b2670edab4af7b285165e73edca9dfef85086cd0b41ba92eff0a8a4fd02e0,1,fanin_consolidation
9a910ce87fa34dcb8af50d14e9148e4d736585cc4afb4aed9437789be6c4a90b,1,fanin_consolidation
164dda69813f424da00603f6ade4a189f18ef8cf07a545729fb2b134cd4549e8,1,fanin_consolidation
7cc730391d0c47b5929403a4486873c1837a521f913d440291f32725f4f2ab83,1,fanin_consolidation
0c7cfc080029405686e44c6570b1fe9d475a5af03230410ea757f83103872fcf,1,fanin_consolidation
5bf0734d9bb7488d83963a11c4f96ed5dd4299878c7b44999feb27b79b33c999,1,fanin_consolidation
54ec7fb8c30f438a8a02f6dc6cd4618ce93f060202e9421e9df78b463735df01,1,fanin_consolidation
bc1c6166e16b4bc98d9c86faaa10b55d75cd8f5907e74bf09d740c75f021d60a,1,fanin_consolidation
3db9ab1c1dd046e694e59429cd5c7d7e95167e10b74d4dd987a10b40b7f05bcb,1,fanin_consolidation
d7a4356389af4c80ad8e24fa46329f89c10c868b85694d4badd7cd76a1feba84,1,fanin_consolidation
bcf07dc33019480fb633f841a1a51b93fa65634e0a11411f918d234314afb0ff,1,fanin_consolidation
ca96e3f87d0c435695ac24f29511053cd841bd1313534214ac8427426fee91ac,1,fanin_consolidation
b737cd5b21154e30b47063b4b07cd48f8d5cd2ae9d534ddfb12260f0e1c15b14,1,fanin_consolidation
1ffd3705c7b14fb8b059d370ff8dbdf07b46936395a642f69745ef9816f7dd65,1,fanin_consolidation
47610a4855d140f685cbba5c20bc5881f52f878f494b46c4a408537a9bd099f6,1,fanin_consolidation
62b17dca084b4b81bd7c6989e41e940f6f02ac1f5baf4b97a77f78f60fde677a,1,fanin_consolidation
65c836982f6f4446aaf03f8f8fdca43f45606bfe223e40a7a7833b7172dc74e8,1,fanin_consolidation
97bb1b3ad6d04379885dee5653fd2326dbf4cdb79f5c42f9b82ac15bdfc0fa53,1,fanin_consolidation
7ef567e61418497aa6a52daba6f74429386ced6838894ebabdf6d7aa4918da82,1,fanin_consolidation
21ad411ffded47adb8cf1aa13679dbb20942ab3f7d8d46e98e72bd59a205d91a,1,fanin_consolidation
b8600d9d98544b6ab7cef4663148535be89cbee832fb42339e42870d32efb17d,1,fanin_consolidation
e42121888a5d405a8168d0e1277edb676a3a9f9770674d88a8bb6f4ed6e3c19b,1,fanin_consolidation
2f38d47c903c4f96b409351094b369a9944b4a85ce6944249225fd1339db9bb9,1,fanin_consolidation
84f2e019d1f24ee3ba8140e0d42619085c366371152b46fd80bc77f67246467f,1,fanin_consolidation
2ea1e1a69ca44832a7fa708604cbde8d844d101ada7a47cb83c530a4b38d2e68,1,fanin_consolidation
59b2820ac0fb43d29ae9322c1d5efe5ccab56a7aa70748f4ad2802cde4d949b0,1,fanin_consolidation
55ee4c20bb304f4993a2e35a836efc32d8b104619f5b407ca6b8c0eabe9627bf,1,fanin_consolidation
098862ac45c446ee96e1f7ebd3ac939367b7d6fe2479485f97e67fe6c435a72a,1,fanin_consolidation
404837c737c44f24901700640f3b38cef57f624720494907b9a1421c13eae5c5,1,fanin_consolidation
87c9dd458de149ca833a45b6049e5e33626b9ca83bbd4ae8a99a054777313d0b,1,fanin_consolidation
dc4e54265da941b8b55e9605953df69fdd010b3899f149f096232d95051af1b1,1,fanin_consolidation
febb64c34b20471d98f18d59bfaa1797b38ec5fe32824514af49d016c73c1391,1,fanin_consolidation
919e770f8d9a414ead65048e8a0a8d28bb7fc90981d14f62a34e11962618475c,1,fanin_consolidation
143af3742ece4803bc5462a0098a7f283615bbd77277450fba833d5dcfa59df5,1,fanin_consolidation
100b2b271f36421db8511d01ad4c1faf01885a5ea21343c3a1dc3f98a21a919e,1,fanin_consolidation
bd0eed5741db4cd0bbf715c754b5f2b1d65ac60aed514935a523ac15cdfef299,1,fanin_consolidation
10104696f71f4439b2776fd1cdc1727a8937fa74365f4ed59c286f67c3012acf,1,fanin_consolidation
a6db3317c27a493c8bf699f5b0e983cae016275fe49c49d6814d38e2d46ae60d,1,fanin_consolidation
2572e101654e4247a923dced0e5bdb633b24032ecb704332be2a77ac604f97af,1,fanin_consolidation
ed6e86f3f5964d77b5cd2f256b0a2b2a305ba7d2509f4dc2bf90ef07f1f8fa0a,1,fanin_consolidation
56ddfbbedf604b9298b69fd13a4d4787b937d51c85a04c8fa039f63a6336247c,1,fanin_consolidation
bc7b913e19b8485ab79dbc071f402810e7396901937a4e1e880ab2cea29bf21c,1,fanin_consolidation
2a52824feac14054b3c9c9b40252c1b1a866316968de4d4d81a2847dc6fc6fc4,1,fanin_consolidation
c1c03d5df2f74ef395be0ef17d54c0d8cbbfe1c5520348cc99196d638f9b8261,1,fanin_consolidation
950d444d835445168013b634b6dea31d334741c37a1942968845b62f515e1d3e,1,fanin_consolidation
674c4533b3b24c8e9ccd99ac2c67c963101063a403f543629984a5406ab998be,1,fanin_consolidation
5dfe208b890c48919f6985593cc236664e3deda92ff54a53963935ee7145719b,1,fanin_consolidation
996a7a6991094feb9d8cdaa54a52effdbaa675c0acd54a1fb1659f8e73bf9d66,1,fanin_consolidation
5f95c12e00224e44bedfda12a76ddb4fdcc702ac4def4191bd7d43dc7fc13f69,1,fanin_consolidation
fef11f46515546f6b32218c969ce1bb75062084bf5e44068a064ae4a844a48c5,1,fanin_consolidation
e46004e8e9f1431f9277528c4aa5466e74ae4f643dd543d4a675125eaf926cb3,1,fanin_consolidation
86369cac143a44fea279e04b06bb74b0e6ffff5248ae44158f26625728f26234,1,fanin_consolidation
e39202ccacf34dd2a07460eb30b25748f87aae4d08084c92bb01a60816a9fc31,1,fanin_consolidation
